# 3ds Max Wavefront OBJ Exporter v0.97b - (c)2007 guruware
# File Created: 23.06.2019 22:54:09

mtllib Nail Polish.mtl

#
# object Body
#

v  2.9551 0.2483 -1.7061
v  2.9750 0.4796 -1.7176
v  3.3162 0.4796 -0.8886
v  3.2940 0.2483 -0.8826
v  2.9949 0.7110 -1.7291
v  3.3384 0.7110 -0.8945
v  3.4583 0.7110 -0.0000
v  3.4352 0.4796 -0.0000
v  3.4122 0.2483 -0.0000
v  1.7061 0.2483 -2.9551
v  1.7176 0.4796 -2.9750
v  2.4276 0.4796 -2.4276
v  2.4113 0.2483 -2.4113
v  1.7291 0.7110 -2.9949
v  2.4439 0.7110 -2.4439
v  -0.0000 0.2483 -3.4122
v  -0.0000 0.4796 -3.4352
v  0.8886 0.4796 -3.3162
v  0.8826 0.2483 -3.2940
v  -0.0000 0.7110 -3.4583
v  0.8945 0.7110 -3.3384
v  -1.7061 0.2483 -2.9551
v  -1.7176 0.4796 -2.9750
v  -0.8886 0.4796 -3.3162
v  -0.8826 0.2483 -3.2940
v  -1.7291 0.7110 -2.9949
v  -0.8945 0.7110 -3.3384
v  -2.9551 0.2483 -1.7061
v  -2.9750 0.4796 -1.7176
v  -2.4276 0.4796 -2.4276
v  -2.4113 0.2483 -2.4113
v  -2.9949 0.7110 -1.7291
v  -2.4439 0.7110 -2.4439
v  -3.4122 0.2483 -0.0000
v  -3.4352 0.4796 -0.0000
v  -3.3162 0.4796 -0.8886
v  -3.2940 0.2483 -0.8826
v  -3.4583 0.7110 -0.0000
v  -3.3384 0.7110 -0.8945
v  -2.9551 0.2483 1.7061
v  -2.9750 0.4796 1.7176
v  -3.3162 0.4796 0.8886
v  -3.2940 0.2483 0.8826
v  -2.9949 0.7110 1.7291
v  -3.3384 0.7110 0.8945
v  -1.7061 0.2483 2.9551
v  -1.7176 0.4796 2.9750
v  -2.4276 0.4796 2.4276
v  -2.4113 0.2483 2.4113
v  -1.7291 0.7110 2.9949
v  -2.4439 0.7110 2.4439
v  -0.0000 0.2483 3.4122
v  -0.0000 0.4796 3.4352
v  -0.8886 0.4796 3.3162
v  -0.8826 0.2483 3.2940
v  -0.0000 0.7110 3.4583
v  -0.8945 0.7110 3.3384
v  1.7061 0.2483 2.9551
v  1.7176 0.4796 2.9750
v  0.8886 0.4796 3.3162
v  0.8826 0.2483 3.2940
v  1.7291 0.7110 2.9949
v  0.8945 0.7110 3.3384
v  2.9551 0.2483 1.7061
v  2.9750 0.4796 1.7176
v  2.4276 0.4796 2.4276
v  2.4113 0.2483 2.4113
v  2.9949 0.7110 1.7291
v  2.4439 0.7110 2.4439
v  3.3162 0.4796 0.8886
v  3.2940 0.2483 0.8826
v  3.3384 0.7110 0.8945
v  4.3399 5.0700 -0.0000
v  4.1895 5.0700 -1.1226
v  3.9950 6.7456 -1.0705
v  4.1384 6.7456 -0.0000
v  3.7584 5.0700 -2.1699
v  3.5840 6.7456 -2.0692
v  3.4000 8.1900 -1.9630
v  3.7900 8.1900 -1.0155
v  3.9260 8.1900 -0.0000
v  3.0669 5.0700 -3.0669
v  2.9246 6.7456 -2.9246
v  2.1699 5.0700 -3.7584
v  2.0692 6.7456 -3.5840
v  1.9630 8.1900 -3.4000
v  2.7744 8.1900 -2.7744
v  1.1226 5.0700 -4.1895
v  1.0705 6.7456 -3.9950
v  -0.0000 5.0700 -4.3399
v  -0.0000 6.7456 -4.1384
v  -0.0000 8.1900 -3.9260
v  1.0155 8.1900 -3.7900
v  -1.1226 5.0700 -4.1895
v  -1.0705 6.7456 -3.9950
v  -2.1699 5.0700 -3.7584
v  -2.0692 6.7456 -3.5840
v  -1.9630 8.1900 -3.4000
v  -1.0155 8.1900 -3.7900
v  -3.0669 5.0700 -3.0669
v  -2.9246 6.7456 -2.9246
v  -3.7584 5.0700 -2.1699
v  -3.5840 6.7456 -2.0692
v  -3.4000 8.1900 -1.9630
v  -2.7744 8.1900 -2.7744
v  -4.1895 5.0700 -1.1226
v  -3.9950 6.7456 -1.0705
v  -4.3399 5.0700 -0.0000
v  -4.1384 6.7456 -0.0000
v  -3.9260 8.1900 -0.0000
v  -3.7900 8.1900 -1.0155
v  -4.1895 5.0700 1.1226
v  -3.9950 6.7456 1.0705
v  -3.7584 5.0700 2.1699
v  -3.5840 6.7456 2.0692
v  -3.4000 8.1900 1.9630
v  -3.7900 8.1900 1.0155
v  -3.0669 5.0700 3.0669
v  -2.9246 6.7456 2.9246
v  -2.1699 5.0700 3.7584
v  -2.0692 6.7456 3.5840
v  -1.9630 8.1900 3.4000
v  -2.7744 8.1900 2.7744
v  -1.1226 5.0700 4.1895
v  -1.0705 6.7456 3.9950
v  -0.0000 5.0700 4.3399
v  -0.0000 6.7456 4.1384
v  -0.0000 8.1900 3.9260
v  -1.0155 8.1900 3.7900
v  1.1226 5.0700 4.1895
v  1.0705 6.7456 3.9950
v  2.1699 5.0700 3.7584
v  2.0692 6.7456 3.5840
v  1.9630 8.1900 3.4000
v  1.0155 8.1900 3.7900
v  3.0669 5.0700 3.0669
v  2.9246 6.7456 2.9246
v  3.7584 5.0700 2.1699
v  3.5840 6.7456 2.0692
v  3.4000 8.1900 1.9630
v  2.7744 8.1900 2.7744
v  4.1895 5.0700 1.1226
v  3.9950 6.7456 1.0705
v  3.7900 8.1900 1.0155
v  3.9476 2.0556 -2.2792
v  3.8980 3.3914 -2.2505
v  4.3450 3.3914 -1.1642
v  4.4004 2.0556 -1.1791
v  4.5010 3.3914 -0.0000
v  4.5583 2.0556 -0.0000
v  2.2792 2.0556 -3.9476
v  2.2505 3.3914 -3.8980
v  3.1808 3.3914 -3.1808
v  3.2213 2.0556 -3.2213
v  -0.0000 2.0556 -4.5583
v  -0.0000 3.3914 -4.5010
v  1.1642 3.3914 -4.3450
v  1.1791 2.0556 -4.4004
v  -2.2792 2.0556 -3.9476
v  -2.2505 3.3914 -3.8980
v  -1.1642 3.3914 -4.3450
v  -1.1791 2.0556 -4.4004
v  -3.9476 2.0556 -2.2792
v  -3.8980 3.3914 -2.2505
v  -3.1808 3.3914 -3.1808
v  -3.2213 2.0556 -3.2213
v  -4.5583 2.0556 -0.0000
v  -4.5010 3.3914 -0.0000
v  -4.3450 3.3914 -1.1642
v  -4.4004 2.0556 -1.1791
v  -3.9476 2.0556 2.2792
v  -3.8980 3.3914 2.2505
v  -4.3450 3.3914 1.1642
v  -4.4004 2.0556 1.1791
v  -2.2792 2.0556 3.9476
v  -2.2505 3.3914 3.8980
v  -3.1808 3.3914 3.1808
v  -3.2213 2.0556 3.2213
v  -0.0000 2.0556 4.5583
v  -0.0000 3.3914 4.5010
v  -1.1642 3.3914 4.3450
v  -1.1791 2.0556 4.4004
v  2.2792 2.0556 3.9476
v  2.2505 3.3914 3.8980
v  1.1642 3.3914 4.3450
v  1.1791 2.0556 4.4004
v  3.9476 2.0556 2.2792
v  3.8980 3.3914 2.2505
v  3.1808 3.3914 3.1808
v  3.2213 2.0556 3.2213
v  4.3450 3.3914 1.1642
v  4.4004 2.0556 1.1791
v  3.0570 9.8016 -1.7649
v  2.8519 10.1695 -1.6465
v  3.1790 10.1695 -0.8518
v  3.4076 9.8016 -0.9131
v  2.6377 10.3484 -1.5229
v  2.9402 10.3484 -0.7878
v  3.0457 10.3484 -0.0000
v  3.2931 10.1695 -0.0000
v  3.5299 9.8016 -0.0000
v  1.7649 9.8016 -3.0570
v  1.6465 10.1695 -2.8519
v  2.3272 10.1695 -2.3272
v  2.4945 9.8016 -2.4945
v  1.5229 10.3484 -2.6377
v  2.1523 10.3484 -2.1523
v  -0.0000 9.8016 -3.5299
v  -0.0000 10.1695 -3.2931
v  0.8518 10.1695 -3.1790
v  0.9131 9.8016 -3.4076
v  -0.0000 10.3484 -3.0457
v  0.7878 10.3484 -2.9402
v  -1.7649 9.8016 -3.0570
v  -1.6465 10.1695 -2.8519
v  -0.8518 10.1695 -3.1790
v  -0.9131 9.8016 -3.4076
v  -1.5229 10.3484 -2.6377
v  -0.7878 10.3484 -2.9402
v  -3.0570 9.8016 -1.7649
v  -2.8519 10.1695 -1.6465
v  -2.3272 10.1695 -2.3272
v  -2.4945 9.8016 -2.4945
v  -2.6377 10.3484 -1.5229
v  -2.1523 10.3484 -2.1523
v  -3.5299 9.8016 -0.0000
v  -3.2931 10.1695 -0.0000
v  -3.1790 10.1695 -0.8518
v  -3.4076 9.8016 -0.9131
v  -3.0457 10.3484 -0.0000
v  -2.9402 10.3484 -0.7878
v  -3.0570 9.8016 1.7649
v  -2.8519 10.1695 1.6465
v  -3.1790 10.1695 0.8518
v  -3.4076 9.8016 0.9131
v  -2.6377 10.3484 1.5229
v  -2.9402 10.3484 0.7878
v  -1.7649 9.8016 3.0570
v  -1.6465 10.1695 2.8519
v  -2.3272 10.1695 2.3272
v  -2.4945 9.8016 2.4945
v  -1.5229 10.3484 2.6377
v  -2.1523 10.3484 2.1523
v  -0.0000 9.8016 3.5299
v  -0.0000 10.1695 3.2931
v  -0.8518 10.1695 3.1790
v  -0.9131 9.8016 3.4076
v  -0.0000 10.3484 3.0457
v  -0.7878 10.3484 2.9402
v  1.7649 9.8016 3.0570
v  1.6465 10.1695 2.8519
v  0.8518 10.1695 3.1790
v  0.9131 9.8016 3.4076
v  1.5229 10.3484 2.6377
v  0.7878 10.3484 2.9402
v  3.0570 9.8016 1.7649
v  2.8519 10.1695 1.6465
v  2.3272 10.1695 2.3272
v  2.4945 9.8016 2.4945
v  2.6377 10.3484 1.5229
v  2.1523 10.3484 2.1523
v  3.1790 10.1695 0.8518
v  3.4076 9.8016 0.9131
v  2.9402 10.3484 0.7878
v  2.4351 10.4081 -1.4059
v  2.7144 10.4081 -0.7273
v  2.2877 10.4133 -1.3208
v  2.5500 10.4133 -0.6833
v  2.6416 10.4133 -0.0000
v  2.8119 10.4081 -0.0000
v  1.4059 10.4081 -2.4351
v  1.9871 10.4081 -1.9871
v  1.3208 10.4133 -2.2877
v  1.8667 10.4133 -1.8667
v  -0.0000 10.4081 -2.8119
v  0.7273 10.4081 -2.7144
v  -0.0000 10.4133 -2.6416
v  0.6833 10.4133 -2.5500
v  -1.4059 10.4081 -2.4351
v  -0.7273 10.4081 -2.7144
v  -1.3208 10.4133 -2.2877
v  -0.6833 10.4133 -2.5500
v  -2.4351 10.4081 -1.4059
v  -1.9871 10.4081 -1.9871
v  -2.2877 10.4133 -1.3208
v  -1.8667 10.4133 -1.8667
v  -2.8119 10.4081 -0.0000
v  -2.7144 10.4081 -0.7273
v  -2.6416 10.4133 -0.0000
v  -2.5500 10.4133 -0.6833
v  -2.4351 10.4081 1.4059
v  -2.7144 10.4081 0.7273
v  -2.2877 10.4133 1.3208
v  -2.5500 10.4133 0.6833
v  -1.4059 10.4081 2.4351
v  -1.9871 10.4081 1.9871
v  -1.3208 10.4133 2.2877
v  -1.8667 10.4133 1.8667
v  -0.0000 10.4081 2.8119
v  -0.7273 10.4081 2.7144
v  -0.0000 10.4133 2.6416
v  -0.6833 10.4133 2.5500
v  1.4059 10.4081 2.4351
v  0.7273 10.4081 2.7144
v  1.3208 10.4133 2.2877
v  0.6833 10.4133 2.5500
v  2.4351 10.4081 1.4059
v  1.9871 10.4081 1.9871
v  2.2877 10.4133 1.3208
v  1.8667 10.4133 1.8667
v  2.7144 10.4081 0.7273
v  2.5500 10.4133 0.6833
v  3.0884 0.9395 -1.7831
v  3.3199 0.9830 -1.9167
v  3.7006 0.9830 -0.9916
v  3.4426 0.9395 -0.9224
v  3.5570 1.0131 -2.0536
v  3.9649 1.0131 -1.0624
v  4.1072 1.0131 -0.0000
v  3.8335 0.9830 -0.0000
v  3.5662 0.9395 -0.0000
v  1.7831 0.9395 -3.0884
v  1.9167 0.9830 -3.3199
v  2.7091 0.9830 -2.7091
v  2.5202 0.9395 -2.5202
v  2.0536 1.0131 -3.5570
v  2.9025 1.0131 -2.9025
v  -0.0000 0.9395 -3.5662
v  -0.0000 0.9830 -3.8335
v  0.9916 0.9830 -3.7006
v  0.9224 0.9395 -3.4426
v  -0.0000 1.0131 -4.1072
v  1.0624 1.0131 -3.9649
v  -1.7831 0.9395 -3.0884
v  -1.9167 0.9830 -3.3199
v  -0.9916 0.9830 -3.7006
v  -0.9224 0.9395 -3.4426
v  -2.0536 1.0131 -3.5570
v  -1.0624 1.0131 -3.9649
v  -3.0884 0.9395 -1.7831
v  -3.3199 0.9830 -1.9167
v  -2.7091 0.9830 -2.7091
v  -2.5202 0.9395 -2.5202
v  -3.5570 1.0131 -2.0536
v  -2.9025 1.0131 -2.9025
v  -3.5662 0.9395 -0.0000
v  -3.8335 0.9830 -0.0000
v  -3.7006 0.9830 -0.9916
v  -3.4426 0.9395 -0.9224
v  -4.1072 1.0131 -0.0000
v  -3.9649 1.0131 -1.0624
v  -3.0884 0.9395 1.7831
v  -3.3199 0.9830 1.9167
v  -3.7006 0.9830 0.9916
v  -3.4426 0.9395 0.9224
v  -3.5570 1.0131 2.0536
v  -3.9649 1.0131 1.0624
v  -1.7831 0.9395 3.0884
v  -1.9167 0.9830 3.3199
v  -2.7091 0.9830 2.7091
v  -2.5202 0.9395 2.5202
v  -2.0536 1.0131 3.5570
v  -2.9025 1.0131 2.9025
v  -0.0000 0.9395 3.5662
v  -0.0000 0.9830 3.8335
v  -0.9916 0.9830 3.7006
v  -0.9224 0.9395 3.4426
v  -0.0000 1.0131 4.1072
v  -1.0624 1.0131 3.9649
v  1.7831 0.9395 3.0884
v  1.9167 0.9830 3.3199
v  0.9916 0.9830 3.7006
v  0.9224 0.9395 3.4426
v  2.0536 1.0131 3.5570
v  1.0624 1.0131 3.9649
v  3.0884 0.9395 1.7831
v  3.3199 0.9830 1.9167
v  2.7091 0.9830 2.7091
v  2.5202 0.9395 2.5202
v  3.5570 1.0131 2.0536
v  2.9025 1.0131 2.9025
v  3.7006 0.9830 0.9916
v  3.4426 0.9395 0.9224
v  3.9649 1.0131 1.0624
v  3.6557 1.0561 -2.1106
v  4.0749 1.0561 -1.0919
v  3.7197 1.1689 -2.1476
v  4.1463 1.1689 -1.1110
v  4.2951 1.1689 -0.0000
v  4.2212 1.0561 -0.0000
v  2.1106 1.0561 -3.6557
v  2.9831 1.0561 -2.9831
v  2.1476 1.1689 -3.7197
v  3.0353 1.1689 -3.0353
v  -0.0000 1.0561 -4.2212
v  1.0919 1.0561 -4.0749
v  -0.0000 1.1689 -4.2951
v  1.1110 1.1689 -4.1463
v  -2.1106 1.0561 -3.6557
v  -1.0919 1.0561 -4.0749
v  -2.1476 1.1689 -3.7197
v  -1.1110 1.1689 -4.1463
v  -3.6557 1.0561 -2.1106
v  -2.9831 1.0561 -2.9831
v  -3.7197 1.1689 -2.1476
v  -3.0353 1.1689 -3.0353
v  -4.2212 1.0561 -0.0000
v  -4.0749 1.0561 -1.0919
v  -4.2951 1.1689 -0.0000
v  -4.1463 1.1689 -1.1110
v  -3.6557 1.0561 2.1106
v  -4.0749 1.0561 1.0919
v  -3.7197 1.1689 2.1476
v  -4.1463 1.1689 1.1110
v  -2.1106 1.0561 3.6557
v  -2.9831 1.0561 2.9831
v  -2.1476 1.1689 3.7197
v  -3.0353 1.1689 3.0353
v  -0.0000 1.0561 4.2212
v  -1.0919 1.0561 4.0749
v  -0.0000 1.1689 4.2951
v  -1.1110 1.1689 4.1463
v  2.1106 1.0561 3.6557
v  1.0919 1.0561 4.0749
v  2.1476 1.1689 3.7197
v  1.1110 1.1689 4.1463
v  3.6557 1.0561 2.1106
v  2.9831 1.0561 2.9831
v  3.7197 1.1689 2.1476
v  3.0353 1.1689 3.0353
v  4.0749 1.0561 1.0919
v  4.1463 1.1689 1.1110
v  3.2320 9.1753 -1.8660
v  3.6027 9.1753 -0.9653
v  3.7320 9.1753 -0.0000
v  1.8660 9.1753 -3.2320
v  2.6374 9.1753 -2.6374
v  -0.0000 9.1753 -3.7320
v  0.9653 9.1753 -3.6027
v  -1.8660 9.1753 -3.2320
v  -0.9653 9.1753 -3.6027
v  -3.2320 9.1753 -1.8660
v  -2.6374 9.1753 -2.6374
v  -3.7320 9.1753 -0.0000
v  -3.6027 9.1753 -0.9653
v  -3.2320 9.1753 1.8660
v  -3.6027 9.1753 0.9653
v  -1.8660 9.1753 3.2320
v  -2.6374 9.1753 2.6373
v  -0.0000 9.1753 3.7320
v  -0.9653 9.1753 3.6027
v  1.8660 9.1753 3.2320
v  0.9653 9.1753 3.6027
v  3.2320 9.1753 1.8660
v  2.6373 9.1753 2.6374
v  3.6027 9.1753 0.9653
v  2.2385 10.4990 -1.2924
v  2.2385 10.6677 -1.2924
v  2.4952 10.6677 -0.6686
v  2.4952 10.4990 -0.6686
v  2.2385 10.8364 -1.2924
v  2.4952 10.8364 -0.6686
v  2.5848 10.8364 -0.0000
v  2.5848 10.6677 -0.0000
v  2.5848 10.4990 -0.0000
v  1.2924 10.4990 -2.2385
v  1.2924 10.6677 -2.2385
v  1.8266 10.6677 -1.8266
v  1.8266 10.4990 -1.8266
v  1.2924 10.8364 -2.2385
v  1.8266 10.8364 -1.8266
v  -0.0000 10.4990 -2.5848
v  -0.0000 10.6677 -2.5848
v  0.6686 10.6677 -2.4952
v  0.6686 10.4990 -2.4952
v  -0.0000 10.8364 -2.5848
v  0.6686 10.8364 -2.4952
v  -1.2924 10.4990 -2.2385
v  -1.2924 10.6677 -2.2385
v  -0.6686 10.6677 -2.4952
v  -0.6686 10.4990 -2.4952
v  -1.2924 10.8364 -2.2385
v  -0.6686 10.8364 -2.4952
v  -2.2385 10.4990 -1.2924
v  -2.2385 10.6677 -1.2924
v  -1.8266 10.6677 -1.8266
v  -1.8266 10.4990 -1.8266
v  -2.2385 10.8364 -1.2924
v  -1.8266 10.8364 -1.8266
v  -2.5848 10.4990 -0.0000
v  -2.5848 10.6677 -0.0000
v  -2.4952 10.6677 -0.6686
v  -2.4952 10.4990 -0.6686
v  -2.5848 10.8364 -0.0000
v  -2.4952 10.8364 -0.6686
v  -2.2385 10.4990 1.2924
v  -2.2385 10.6677 1.2924
v  -2.4952 10.6677 0.6686
v  -2.4952 10.4990 0.6686
v  -2.2385 10.8364 1.2924
v  -2.4952 10.8364 0.6686
v  -1.2924 10.4990 2.2385
v  -1.2924 10.6677 2.2385
v  -1.8266 10.6677 1.8266
v  -1.8266 10.4990 1.8266
v  -1.2924 10.8364 2.2385
v  -1.8266 10.8364 1.8266
v  -0.0000 10.4990 2.5848
v  -0.0000 10.6677 2.5848
v  -0.6686 10.6677 2.4952
v  -0.6686 10.4990 2.4952
v  -0.0000 10.8364 2.5848
v  -0.6686 10.8364 2.4952
v  1.2924 10.4990 2.2385
v  1.2924 10.6677 2.2385
v  0.6686 10.6677 2.4952
v  0.6686 10.4990 2.4952
v  1.2924 10.8364 2.2385
v  0.6686 10.8364 2.4952
v  2.2385 10.4990 1.2924
v  2.2385 10.6677 1.2924
v  1.8266 10.6677 1.8266
v  1.8266 10.4990 1.8266
v  2.2385 10.8364 1.2924
v  1.8266 10.8364 1.8266
v  2.4952 10.6677 0.6686
v  2.4952 10.4990 0.6686
v  2.4952 10.8364 0.6686
v  2.5938 10.9221 -0.0000
v  2.5039 10.9221 -0.6709
v  2.5298 10.9273 -0.6779
v  2.6206 10.9273 -0.0000
v  2.2463 10.9221 -1.2969
v  2.2695 10.9273 -1.3103
v  2.3267 10.9273 -1.3433
v  2.5935 10.9273 -0.6949
v  2.6866 10.9273 -0.0000
v  1.8330 10.9221 -1.8330
v  1.8520 10.9273 -1.8520
v  1.2969 10.9221 -2.2463
v  1.3103 10.9273 -2.2695
v  1.3433 10.9273 -2.3267
v  1.8986 10.9273 -1.8986
v  0.6709 10.9221 -2.5039
v  0.6779 10.9273 -2.5298
v  -0.0000 10.9221 -2.5938
v  -0.0000 10.9273 -2.6206
v  -0.0000 10.9273 -2.6866
v  0.6949 10.9273 -2.5935
v  -0.6709 10.9221 -2.5039
v  -0.6779 10.9273 -2.5298
v  -1.2969 10.9221 -2.2463
v  -1.3103 10.9273 -2.2695
v  -1.3433 10.9273 -2.3267
v  -0.6949 10.9273 -2.5935
v  -1.8330 10.9221 -1.8330
v  -1.8520 10.9273 -1.8520
v  -2.2463 10.9221 -1.2969
v  -2.2695 10.9273 -1.3103
v  -2.3267 10.9273 -1.3433
v  -1.8986 10.9273 -1.8986
v  -2.5039 10.9221 -0.6709
v  -2.5298 10.9273 -0.6779
v  -2.5938 10.9221 -0.0000
v  -2.6206 10.9273 -0.0000
v  -2.6866 10.9273 -0.0000
v  -2.5935 10.9273 -0.6949
v  -2.5039 10.9221 0.6709
v  -2.5298 10.9273 0.6779
v  -2.2463 10.9221 1.2969
v  -2.2695 10.9273 1.3103
v  -2.3267 10.9273 1.3433
v  -2.5935 10.9273 0.6949
v  -1.8330 10.9221 1.8330
v  -1.8520 10.9273 1.8520
v  -1.2969 10.9221 2.2463
v  -1.3103 10.9273 2.2695
v  -1.3433 10.9273 2.3267
v  -1.8986 10.9273 1.8986
v  -0.6709 10.9221 2.5039
v  -0.6779 10.9273 2.5298
v  -0.0000 10.9221 2.5938
v  -0.0000 10.9273 2.6206
v  -0.0000 10.9273 2.6866
v  -0.6949 10.9273 2.5935
v  0.6709 10.9221 2.5039
v  0.6779 10.9273 2.5298
v  1.2969 10.9221 2.2463
v  1.3103 10.9273 2.2695
v  1.3433 10.9273 2.3267
v  0.6949 10.9273 2.5935
v  1.8330 10.9221 1.8330
v  1.8520 10.9273 1.8520
v  2.2463 10.9221 1.2969
v  2.2695 10.9273 1.3103
v  2.3267 10.9273 1.3433
v  1.8986 10.9273 1.8986
v  2.5039 10.9221 0.6709
v  2.5298 10.9273 0.6779
v  2.5935 10.9273 0.6949
v  2.5714 11.1415 -1.4846
v  2.5714 11.3353 -1.4846
v  2.8663 11.3353 -0.7680
v  2.8663 11.1415 -0.7680
v  2.5714 11.5291 -1.4846
v  2.8663 11.5291 -0.7680
v  2.9692 11.5291 -0.0000
v  2.9692 11.3353 -0.0000
v  2.9692 11.1415 -0.0000
v  1.4846 11.1415 -2.5714
v  1.4846 11.3353 -2.5714
v  2.0983 11.3353 -2.0983
v  2.0983 11.1415 -2.0983
v  1.4846 11.5291 -2.5714
v  2.0983 11.5291 -2.0983
v  -0.0000 11.1415 -2.9692
v  -0.0000 11.3353 -2.9692
v  0.7680 11.3353 -2.8663
v  0.7680 11.1415 -2.8663
v  -0.0000 11.5291 -2.9692
v  0.7680 11.5291 -2.8663
v  -1.4846 11.1415 -2.5714
v  -1.4846 11.3353 -2.5714
v  -0.7680 11.3353 -2.8663
v  -0.7680 11.1415 -2.8663
v  -1.4846 11.5291 -2.5714
v  -0.7680 11.5291 -2.8663
v  -2.5714 11.1415 -1.4846
v  -2.5714 11.3353 -1.4846
v  -2.0983 11.3353 -2.0983
v  -2.0983 11.1415 -2.0983
v  -2.5714 11.5291 -1.4846
v  -2.0983 11.5291 -2.0983
v  -2.9692 11.1415 -0.0000
v  -2.9692 11.3353 -0.0000
v  -2.8663 11.3353 -0.7680
v  -2.8663 11.1415 -0.7680
v  -2.9692 11.5291 -0.0000
v  -2.8663 11.5291 -0.7680
v  -2.5714 11.1415 1.4846
v  -2.5714 11.3353 1.4846
v  -2.8663 11.3353 0.7680
v  -2.8663 11.1415 0.7680
v  -2.5714 11.5291 1.4846
v  -2.8663 11.5291 0.7680
v  -1.4846 11.1415 2.5714
v  -1.4846 11.3353 2.5714
v  -2.0983 11.3353 2.0982
v  -2.0983 11.1415 2.0982
v  -1.4846 11.5291 2.5714
v  -2.0983 11.5291 2.0982
v  -0.0000 11.1415 2.9692
v  -0.0000 11.3353 2.9692
v  -0.7680 11.3353 2.8663
v  -0.7680 11.1415 2.8663
v  -0.0000 11.5291 2.9692
v  -0.7680 11.5291 2.8663
v  1.4846 11.1415 2.5714
v  1.4846 11.3353 2.5714
v  0.7680 11.3353 2.8663
v  0.7680 11.1415 2.8663
v  1.4846 11.5291 2.5714
v  0.7680 11.5291 2.8663
v  2.5714 11.1415 1.4846
v  2.5714 11.3353 1.4846
v  2.0983 11.3353 2.0983
v  2.0983 11.1415 2.0983
v  2.5714 11.5291 1.4846
v  2.0983 11.5291 2.0983
v  2.8663 11.3353 0.7680
v  2.8663 11.1415 0.7680
v  2.8663 11.5291 0.7680
v  2.9497 11.7209 -0.0000
v  2.8475 11.7209 -0.7630
v  2.7911 11.7433 -0.7479
v  2.8913 11.7433 -0.0000
v  2.5545 11.7209 -1.4749
v  2.5040 11.7433 -1.4457
v  2.4534 11.7478 -1.4165
v  2.7348 11.7478 -0.7328
v  2.8329 11.7478 -0.0000
v  2.0845 11.7209 -2.0845
v  2.0432 11.7433 -2.0432
v  1.4748 11.7209 -2.5545
v  1.4457 11.7433 -2.5040
v  1.4165 11.7478 -2.4534
v  2.0020 11.7478 -2.0020
v  0.7630 11.7209 -2.8475
v  0.7479 11.7433 -2.7911
v  -0.0000 11.7209 -2.9497
v  -0.0000 11.7433 -2.8913
v  -0.0000 11.7478 -2.8329
v  0.7328 11.7478 -2.7348
v  -0.7630 11.7209 -2.8475
v  -0.7479 11.7433 -2.7911
v  -1.4749 11.7209 -2.5545
v  -1.4457 11.7433 -2.5040
v  -1.4165 11.7478 -2.4534
v  -0.7328 11.7478 -2.7348
v  -2.0845 11.7209 -2.0845
v  -2.0432 11.7433 -2.0432
v  -2.5545 11.7209 -1.4749
v  -2.5040 11.7433 -1.4457
v  -2.4534 11.7478 -1.4165
v  -2.0020 11.7478 -2.0020
v  -2.8475 11.7209 -0.7630
v  -2.7911 11.7433 -0.7479
v  -2.9497 11.7209 -0.0000
v  -2.8913 11.7433 -0.0000
v  -2.8329 11.7478 -0.0000
v  -2.7348 11.7478 -0.7328
v  -2.8475 11.7209 0.7630
v  -2.7911 11.7433 0.7479
v  -2.5545 11.7209 1.4748
v  -2.5040 11.7433 1.4457
v  -2.4534 11.7478 1.4165
v  -2.7348 11.7478 0.7328
v  -2.0845 11.7209 2.0845
v  -2.0432 11.7433 2.0432
v  -1.4749 11.7209 2.5545
v  -1.4457 11.7433 2.5040
v  -1.4165 11.7478 2.4534
v  -2.0020 11.7478 2.0020
v  -0.7630 11.7209 2.8475
v  -0.7479 11.7433 2.7911
v  -0.0000 11.7209 2.9497
v  -0.0000 11.7433 2.8913
v  -0.0000 11.7478 2.8329
v  -0.7328 11.7478 2.7348
v  0.7630 11.7209 2.8475
v  0.7479 11.7433 2.7911
v  1.4748 11.7209 2.5545
v  1.4457 11.7433 2.5040
v  1.4165 11.7478 2.4534
v  0.7328 11.7478 2.7348
v  2.0845 11.7209 2.0845
v  2.0432 11.7433 2.0432
v  2.5545 11.7209 1.4749
v  2.5040 11.7433 1.4457
v  2.4534 11.7478 1.4165
v  2.0020 11.7478 2.0020
v  2.8475 11.7209 0.7630
v  2.7911 11.7433 0.7479
v  2.7348 11.7478 0.7328
v  2.4360 10.9273 -1.4064
v  2.7154 10.9273 -0.7276
v  2.5375 10.9497 -1.4650
v  2.8285 10.9497 -0.7579
v  2.9301 10.9497 -0.0000
v  2.8128 10.9273 -0.0000
v  1.4064 10.9273 -2.4360
v  1.9878 10.9273 -1.9878
v  1.4650 10.9497 -2.5375
v  2.0706 10.9497 -2.0706
v  -0.0000 10.9273 -2.8128
v  0.7276 10.9273 -2.7154
v  -0.0000 10.9497 -2.9301
v  0.7579 10.9497 -2.8285
v  -1.4064 10.9273 -2.4360
v  -0.7276 10.9273 -2.7154
v  -1.4650 10.9497 -2.5375
v  -0.7579 10.9497 -2.8285
v  -2.4360 10.9273 -1.4064
v  -1.9878 10.9273 -1.9878
v  -2.5375 10.9497 -1.4650
v  -2.0706 10.9497 -2.0706
v  -2.8128 10.9273 -0.0000
v  -2.7153 10.9273 -0.7276
v  -2.9301 10.9497 -0.0000
v  -2.8285 10.9497 -0.7579
v  -2.4360 10.9273 1.4064
v  -2.7154 10.9273 0.7276
v  -2.5375 10.9497 1.4650
v  -2.8285 10.9497 0.7579
v  -1.4064 10.9273 2.4360
v  -1.9878 10.9273 1.9878
v  -1.4650 10.9497 2.5375
v  -2.0706 10.9497 2.0706
v  -0.0000 10.9273 2.8128
v  -0.7276 10.9273 2.7153
v  -0.0000 10.9497 2.9301
v  -0.7579 10.9497 2.8285
v  1.4064 10.9273 2.4360
v  0.7276 10.9273 2.7154
v  1.4650 10.9497 2.5375
v  0.7579 10.9497 2.8285
v  2.4360 10.9273 1.4064
v  1.9878 10.9273 1.9878
v  2.5375 10.9497 1.4650
v  2.0706 10.9497 2.0706
v  2.7153 10.9273 0.7276
v  2.8285 10.9497 0.7579
v  2.5714 11.6535 -1.4846
v  2.8663 11.6535 -0.7680
v  2.9692 11.6535 -0.0000
v  2.9692 11.0171 -0.0000
v  2.8663 11.0171 -0.7680
v  2.5714 11.0171 -1.4846
v  1.4846 11.6535 -2.5714
v  2.0983 11.6535 -2.0983
v  2.0983 11.0171 -2.0983
v  1.4846 11.0171 -2.5714
v  -0.0000 11.6535 -2.9692
v  0.7680 11.6535 -2.8663
v  0.7680 11.0171 -2.8663
v  -0.0000 11.0171 -2.9692
v  -1.4846 11.6535 -2.5714
v  -0.7680 11.6535 -2.8663
v  -0.7680 11.0171 -2.8663
v  -1.4846 11.0171 -2.5714
v  -2.5714 11.6535 -1.4846
v  -2.0983 11.6535 -2.0983
v  -2.0983 11.0171 -2.0983
v  -2.5714 11.0171 -1.4846
v  -2.9692 11.6535 -0.0000
v  -2.8663 11.6535 -0.7680
v  -2.8663 11.0171 -0.7680
v  -2.9692 11.0171 -0.0000
v  -2.5714 11.6535 1.4846
v  -2.8663 11.6535 0.7680
v  -2.8663 11.0171 0.7680
v  -2.5714 11.0171 1.4846
v  -1.4846 11.6535 2.5714
v  -2.0983 11.6535 2.0982
v  -2.0983 11.0171 2.0982
v  -1.4846 11.0171 2.5714
v  -0.0000 11.6535 2.9692
v  -0.7680 11.6535 2.8663
v  -0.7680 11.0171 2.8663
v  -0.0000 11.0171 2.9692
v  1.4846 11.6535 2.5714
v  0.7680 11.6535 2.8663
v  0.7680 11.0171 2.8663
v  1.4846 11.0171 2.5714
v  2.5714 11.6535 1.4846
v  2.0983 11.6535 2.0983
v  2.0983 11.0171 2.0983
v  2.5714 11.0171 1.4846
v  2.8663 11.6535 0.7680
v  2.8663 11.0171 0.7680
v  2.2385 10.9065 -1.2924
v  2.4952 10.9065 -0.6686
v  2.5848 10.9065 -0.0000
v  2.5848 10.4289 -0.0000
v  2.4952 10.4289 -0.6686
v  2.2385 10.4289 -1.2924
v  1.2924 10.9065 -2.2385
v  1.8266 10.9065 -1.8266
v  1.8266 10.4289 -1.8266
v  1.2924 10.4289 -2.2385
v  -0.0000 10.9065 -2.5848
v  0.6686 10.9065 -2.4952
v  0.6686 10.4289 -2.4952
v  -0.0000 10.4289 -2.5848
v  -1.2924 10.9065 -2.2385
v  -0.6686 10.9065 -2.4952
v  -0.6686 10.4289 -2.4952
v  -1.2924 10.4289 -2.2385
v  -2.2385 10.9065 -1.2924
v  -1.8266 10.9065 -1.8266
v  -1.8266 10.4289 -1.8266
v  -2.2385 10.4289 -1.2924
v  -2.5848 10.9065 -0.0000
v  -2.4952 10.9065 -0.6686
v  -2.4952 10.4289 -0.6686
v  -2.5848 10.4289 -0.0000
v  -2.2385 10.9065 1.2924
v  -2.4952 10.9065 0.6686
v  -2.4952 10.4289 0.6686
v  -2.2385 10.4289 1.2924
v  -1.2924 10.9065 2.2385
v  -1.8266 10.9065 1.8266
v  -1.8266 10.4289 1.8266
v  -1.2924 10.4289 2.2385
v  -0.0000 10.9065 2.5848
v  -0.6686 10.9065 2.4952
v  -0.6686 10.4289 2.4952
v  -0.0000 10.4289 2.5848
v  1.2924 10.9065 2.2385
v  0.6686 10.9065 2.4952
v  0.6686 10.4289 2.4952
v  1.2924 10.4289 2.2385
v  2.2385 10.9065 1.2924
v  1.8266 10.9065 1.8266
v  1.8266 10.4289 1.8266
v  2.2385 10.4289 1.2924
v  2.4952 10.9065 0.6686
v  2.4952 10.4289 0.6686
v  2.8971 0.0257 -1.6727
v  3.2294 0.0257 -0.8653
v  3.0902 -0.0000 -0.8280
v  2.7723 -0.0000 -1.6006
v  3.3453 0.0257 -0.0000
v  3.2012 -0.0000 -0.0000
v  2.7115 -0.0000 -0.0000
v  2.6175 -0.0000 -0.7014
v  2.3482 -0.0000 -1.3557
v  1.6727 0.0257 -2.8971
v  2.3641 0.0257 -2.3641
v  2.2622 -0.0000 -2.2622
v  1.6006 -0.0000 -2.7723
v  1.9161 -0.0000 -1.9161
v  1.3557 -0.0000 -2.3482
v  -0.0000 0.0257 -3.3453
v  0.8653 0.0257 -3.2294
v  0.8280 -0.0000 -3.0902
v  -0.0000 -0.0000 -3.2012
v  0.7014 -0.0000 -2.6175
v  -0.0000 -0.0000 -2.7115
v  -1.6727 0.0257 -2.8971
v  -0.8653 0.0257 -3.2294
v  -0.8280 -0.0000 -3.0902
v  -1.6006 -0.0000 -2.7723
v  -0.7014 -0.0000 -2.6175
v  -1.3557 -0.0000 -2.3482
v  -2.8971 0.0257 -1.6727
v  -2.3641 0.0257 -2.3641
v  -2.2622 -0.0000 -2.2622
v  -2.7723 -0.0000 -1.6006
v  -1.9161 -0.0000 -1.9161
v  -2.3482 -0.0000 -1.3557
v  -3.3453 0.0257 -0.0000
v  -3.2294 0.0257 -0.8653
v  -3.0902 -0.0000 -0.8280
v  -3.2012 -0.0000 -0.0000
v  -2.6175 -0.0000 -0.7014
v  -2.7115 -0.0000 -0.0000
v  -2.8971 0.0257 1.6727
v  -3.2294 0.0257 0.8653
v  -3.0902 -0.0000 0.8280
v  -2.7723 -0.0000 1.6006
v  -2.6175 -0.0000 0.7014
v  -2.3482 -0.0000 1.3557
v  -1.6727 0.0257 2.8971
v  -2.3641 0.0257 2.3641
v  -2.2622 -0.0000 2.2622
v  -1.6006 -0.0000 2.7723
v  -1.9161 -0.0000 1.9161
v  -1.3557 -0.0000 2.3482
v  -0.0000 0.0257 3.3453
v  -0.8653 0.0257 3.2294
v  -0.8280 -0.0000 3.0902
v  -0.0000 -0.0000 3.2012
v  -0.7014 -0.0000 2.6175
v  -0.0000 -0.0000 2.7115
v  1.6727 0.0257 2.8971
v  0.8653 0.0257 3.2294
v  0.8280 -0.0000 3.0902
v  1.6006 -0.0000 2.7723
v  0.7014 -0.0000 2.6175
v  1.3557 -0.0000 2.3482
v  2.8971 0.0257 1.6727
v  2.3641 0.0257 2.3641
v  2.2622 -0.0000 2.2622
v  2.7723 -0.0000 1.6006
v  1.9161 -0.0000 1.9161
v  2.3482 -0.0000 1.3557
v  3.2294 0.0257 0.8653
v  3.0902 -0.0000 0.8280
v  2.6175 -0.0000 0.7014
v  1.5649 -0.0000 -0.4193
v  1.4039 -0.0000 -0.8105
v  1.6211 -0.0000 -0.0000
v  0.8193 -0.0000 -0.0000
v  0.5024 0.0000 -0.1346
v  0.7095 0.0000 -0.4097
v  1.1456 -0.0000 -1.1456
v  0.8105 -0.0000 -1.4039
v  0.3678 0.0000 -0.3678
v  0.4097 0.0000 -0.7095
v  0.4193 -0.0000 -1.5649
v  -0.0000 -0.0000 -1.6211
v  0.1346 0.0000 -0.5024
v  -0.0000 0.0000 -0.8193
v  -0.4193 -0.0000 -1.5649
v  -0.8105 -0.0000 -1.4039
v  -0.1346 0.0000 -0.5024
v  -0.4097 0.0000 -0.7095
v  -1.1456 -0.0000 -1.1456
v  -1.4039 -0.0000 -0.8105
v  -0.3678 0.0000 -0.3678
v  -0.7095 0.0000 -0.4097
v  -1.5649 -0.0000 -0.4193
v  -1.6211 -0.0000 -0.0000
v  -0.5024 0.0000 -0.1346
v  -0.8193 0.0000 -0.0000
v  -1.5649 -0.0000 0.4193
v  -1.4039 -0.0000 0.8105
v  -0.5024 -0.0000 0.1346
v  -0.7095 -0.0000 0.4097
v  -1.1456 -0.0000 1.1456
v  -0.8105 -0.0000 1.4039
v  -0.3678 -0.0000 0.3678
v  -0.4097 -0.0000 0.7095
v  -0.4193 -0.0000 1.5649
v  -0.0000 -0.0000 1.6211
v  -0.1346 0.0000 0.5024
v  -0.0000 0.0000 0.8193
v  0.4193 -0.0000 1.5649
v  0.8105 -0.0000 1.4039
v  0.1346 0.0000 0.5024
v  0.4097 -0.0000 0.7095
v  1.1456 -0.0000 1.1456
v  1.4039 -0.0000 0.8105
v  0.3678 -0.0000 0.3678
v  0.7095 -0.0000 0.4097
v  1.5649 -0.0000 0.4193
v  0.5024 -0.0000 0.1346
v  -0.0000 0.0000 -0.0000
v  3.0064 0.8566 -1.7358
v  3.3512 0.8566 -0.8980
v  3.4715 0.8566 -0.0000
v  3.3990 0.1027 -0.0000
v  3.2812 0.1027 -0.8792
v  2.9436 0.1027 -1.6995
v  1.7358 0.8566 -3.0064
v  2.4533 0.8566 -2.4533
v  2.4020 0.1027 -2.4020
v  1.6995 0.1027 -2.9436
v  -0.0000 0.8566 -3.4715
v  0.8980 0.8566 -3.3512
v  0.8792 0.1027 -3.2812
v  -0.0000 0.1027 -3.3990
v  -1.7358 0.8566 -3.0064
v  -0.8980 0.8566 -3.3512
v  -0.8792 0.1027 -3.2812
v  -1.6995 0.1027 -2.9436
v  -3.0064 0.8566 -1.7358
v  -2.4533 0.8566 -2.4533
v  -2.4020 0.1027 -2.4020
v  -2.9436 0.1027 -1.6995
v  -3.4715 0.8566 -0.0000
v  -3.3512 0.8566 -0.8980
v  -3.2812 0.1027 -0.8792
v  -3.3990 0.1027 -0.0000
v  -3.0064 0.8566 1.7358
v  -3.3512 0.8566 0.8980
v  -3.2812 0.1027 0.8792
v  -2.9436 0.1027 1.6995
v  -1.7358 0.8566 3.0064
v  -2.4533 0.8566 2.4533
v  -2.4020 0.1027 2.4020
v  -1.6995 0.1027 2.9436
v  -0.0000 0.8566 3.4715
v  -0.8980 0.8566 3.3512
v  -0.8792 0.1027 3.2812
v  -0.0000 0.1027 3.3990
v  1.7358 0.8566 3.0064
v  0.8980 0.8566 3.3512
v  0.8792 0.1027 3.2812
v  1.6995 0.1027 2.9436
v  3.0064 0.8566 1.7358
v  2.4533 0.8566 2.4533
v  2.4020 0.1027 2.4020
v  2.9436 0.1027 1.6995
v  3.3512 0.8566 0.8980
v  3.2812 0.1027 0.8792
v  3.8526 1.4084 -2.2243
v  4.2944 1.4084 -1.1507
v  4.4486 1.4084 -0.0000
v  2.2243 1.4084 -3.8526
v  3.1438 1.4084 -3.1438
v  -0.0000 1.4084 -4.4486
v  1.1507 1.4084 -4.2944
v  -2.2243 1.4084 -3.8526
v  -1.1507 1.4084 -4.2944
v  -3.8526 1.4084 -2.2243
v  -3.1437 1.4084 -3.1438
v  -4.4486 1.4084 -0.0000
v  -4.2944 1.4084 -1.1507
v  -3.8526 1.4084 2.2243
v  -4.2944 1.4084 1.1507
v  -2.2243 1.4084 3.8526
v  -3.1438 1.4084 3.1437
v  -0.0000 1.4084 4.4486
v  -1.1507 1.4084 4.2944
v  2.2243 1.4084 3.8526
v  1.1507 1.4084 4.2944
v  3.8526 1.4084 2.2243
v  3.1437 1.4084 3.1438
v  4.2944 1.4084 1.1507
v  2.7160 11.7611 -0.7277
v  2.8135 11.7611 -0.0000
v  2.4366 11.7611 -1.4067
v  2.4336 11.7744 -1.4051
v  2.7127 11.7744 -0.7269
v  2.8101 11.7744 -0.0000
v  1.9882 11.7611 -1.9882
v  1.4067 11.7611 -2.4366
v  1.4051 11.7744 -2.4336
v  1.9859 11.7745 -1.9859
v  0.7277 11.7611 -2.7160
v  -0.0000 11.7611 -2.8135
v  -0.0000 11.7745 -2.8101
v  0.7269 11.7745 -2.7127
v  -0.7277 11.7611 -2.7160
v  -1.4067 11.7611 -2.4366
v  -1.4051 11.7745 -2.4336
v  -0.7269 11.7745 -2.7127
v  -1.9882 11.7611 -1.9882
v  -2.4366 11.7611 -1.4067
v  -2.4336 11.7744 -1.4051
v  -1.9859 11.7745 -1.9859
v  -2.7160 11.7611 -0.7277
v  -2.8135 11.7611 -0.0000
v  -2.8101 11.7744 -0.0000
v  -2.7127 11.7744 -0.7269
v  -2.7160 11.7611 0.7277
v  -2.4366 11.7611 1.4067
v  -2.4336 11.7744 1.4051
v  -2.7127 11.7744 0.7269
v  -1.9882 11.7611 1.9882
v  -1.4067 11.7611 2.4366
v  -1.4051 11.7744 2.4336
v  -1.9859 11.7744 1.9859
v  -0.7277 11.7611 2.7160
v  -0.0000 11.7611 2.8135
v  -0.0000 11.7744 2.8101
v  -0.7269 11.7744 2.7127
v  0.7277 11.7611 2.7160
v  1.4067 11.7611 2.4366
v  1.4051 11.7744 2.4336
v  0.7269 11.7744 2.7127
v  1.9882 11.7611 1.9882
v  2.4366 11.7611 1.4067
v  2.4336 11.7744 1.4051
v  1.9859 11.7744 1.9859
v  2.7160 11.7611 0.7277
v  2.7127 11.7744 0.7269
v  2.7030 11.7789 -0.7243
v  2.8000 11.7789 -0.0000
v  2.4249 11.7789 -1.4000
v  2.4132 11.7789 -1.3933
v  2.6900 11.7789 -0.7208
v  2.7866 11.7789 -0.0000
v  1.9787 11.7789 -1.9787
v  1.4000 11.7789 -2.4249
v  1.3933 11.7789 -2.4132
v  1.9692 11.7789 -1.9692
v  0.7243 11.7789 -2.7030
v  -0.0000 11.7789 -2.8000
v  -0.0000 11.7789 -2.7866
v  0.7208 11.7789 -2.6900
v  -0.7243 11.7789 -2.7030
v  -1.4000 11.7789 -2.4249
v  -1.3933 11.7789 -2.4132
v  -0.7208 11.7789 -2.6900
v  -1.9787 11.7789 -1.9787
v  -2.4249 11.7789 -1.4000
v  -2.4132 11.7789 -1.3933
v  -1.9692 11.7789 -1.9692
v  -2.7030 11.7789 -0.7243
v  -2.8000 11.7789 -0.0000
v  -2.7866 11.7789 -0.0000
v  -2.6900 11.7789 -0.7208
v  -2.7030 11.7789 0.7243
v  -2.4249 11.7789 1.4000
v  -2.4132 11.7789 1.3933
v  -2.6900 11.7789 0.7208
v  -1.9787 11.7789 1.9787
v  -1.4000 11.7789 2.4249
v  -1.3933 11.7789 2.4132
v  -1.9692 11.7789 1.9692
v  -0.7243 11.7789 2.7030
v  -0.0000 11.7789 2.8000
v  -0.0000 11.7789 2.7866
v  -0.7208 11.7789 2.6900
v  0.7243 11.7789 2.7030
v  1.4000 11.7789 2.4249
v  1.3933 11.7789 2.4132
v  0.7208 11.7789 2.6900
v  1.9787 11.7789 1.9787
v  2.4249 11.7789 1.4000
v  2.4132 11.7789 1.3933
v  1.9692 11.7789 1.9692
v  2.7030 11.7789 0.7243
v  2.6900 11.7789 0.7208
v  2.6771 11.7789 -0.7173
v  2.7732 11.7789 -0.0000
v  2.4016 11.7789 -1.3866
v  2.3930 11.7742 -1.3816
v  2.6674 11.7742 -0.7147
v  2.7632 11.7742 -0.0000
v  1.9598 11.7789 -1.9598
v  1.3866 11.7789 -2.4016
v  1.3816 11.7742 -2.3930
v  1.9527 11.7742 -1.9527
v  0.7173 11.7789 -2.6771
v  -0.0000 11.7789 -2.7732
v  -0.0000 11.7742 -2.7632
v  0.7147 11.7742 -2.6674
v  -0.7173 11.7789 -2.6771
v  -1.3866 11.7789 -2.4016
v  -1.3816 11.7742 -2.3930
v  -0.7147 11.7742 -2.6674
v  -1.9598 11.7789 -1.9598
v  -2.4016 11.7789 -1.3866
v  -2.3930 11.7742 -1.3816
v  -1.9527 11.7742 -1.9527
v  -2.6771 11.7789 -0.7173
v  -2.7732 11.7789 -0.0000
v  -2.7632 11.7742 -0.0000
v  -2.6674 11.7742 -0.7147
v  -2.6771 11.7789 0.7173
v  -2.4016 11.7789 1.3866
v  -2.3930 11.7742 1.3816
v  -2.6674 11.7742 0.7147
v  -1.9598 11.7789 1.9598
v  -1.3866 11.7789 2.4016
v  -1.3816 11.7742 2.3930
v  -1.9527 11.7742 1.9527
v  -0.7173 11.7789 2.6771
v  -0.0000 11.7789 2.7732
v  -0.0000 11.7742 2.7632
v  -0.7147 11.7742 2.6674
v  0.7173 11.7789 2.6771
v  1.3866 11.7789 2.4016
v  1.3816 11.7742 2.3930
v  0.7147 11.7742 2.6674
v  1.9598 11.7789 1.9598
v  2.4016 11.7789 1.3866
v  2.3930 11.7742 1.3816
v  1.9527 11.7742 1.9527
v  2.6771 11.7789 0.7173
v  2.6674 11.7742 0.7147
v  2.6642 11.7600 -0.7139
v  2.7598 11.7600 -0.0000
v  2.3901 11.7600 -1.3799
v  2.3901 11.7441 -1.3799
v  2.6642 11.7441 -0.7139
v  2.7598 11.7441 -0.0000
v  1.9503 11.7600 -1.9503
v  1.3799 11.7600 -2.3901
v  1.3799 11.7441 -2.3901
v  1.9503 11.7441 -1.9503
v  0.7139 11.7600 -2.6642
v  -0.0000 11.7600 -2.7598
v  -0.0000 11.7441 -2.7598
v  0.7139 11.7441 -2.6642
v  -0.7139 11.7600 -2.6642
v  -1.3799 11.7600 -2.3901
v  -1.3799 11.7441 -2.3901
v  -0.7139 11.7441 -2.6642
v  -1.9503 11.7600 -1.9503
v  -2.3901 11.7600 -1.3799
v  -2.3901 11.7441 -1.3799
v  -1.9503 11.7441 -1.9503
v  -2.6642 11.7600 -0.7139
v  -2.7598 11.7600 -0.0000
v  -2.7598 11.7441 -0.0000
v  -2.6642 11.7441 -0.7139
v  -2.6642 11.7600 0.7139
v  -2.3901 11.7600 1.3799
v  -2.3901 11.7441 1.3799
v  -2.6642 11.7441 0.7139
v  -1.9503 11.7600 1.9503
v  -1.3799 11.7600 2.3901
v  -1.3799 11.7441 2.3901
v  -1.9503 11.7441 1.9503
v  -0.7139 11.7600 2.6642
v  -0.0000 11.7600 2.7598
v  -0.0000 11.7441 2.7598
v  -0.7139 11.7441 2.6642
v  0.7139 11.7600 2.6642
v  1.3799 11.7600 2.3901
v  1.3799 11.7441 2.3901
v  0.7139 11.7441 2.6642
v  1.9503 11.7600 1.9503
v  2.3901 11.7600 1.3799
v  2.3901 11.7441 1.3799
v  1.9503 11.7441 1.9503
v  2.6642 11.7600 0.7139
v  2.6642 11.7441 0.7139
v  2.6642 11.7346 -0.7139
v  2.7598 11.7346 -0.0000
v  2.3901 11.7346 -1.3799
v  2.4077 11.7263 -1.3901
v  2.6838 11.7263 -0.7191
v  2.7801 11.7263 -0.0000
v  1.9503 11.7346 -1.9503
v  1.3799 11.7346 -2.3901
v  1.3901 11.7263 -2.4077
v  1.9647 11.7263 -1.9647
v  0.7139 11.7346 -2.6642
v  -0.0000 11.7346 -2.7598
v  -0.0000 11.7263 -2.7801
v  0.7191 11.7263 -2.6838
v  -0.7139 11.7346 -2.6642
v  -1.3799 11.7346 -2.3901
v  -1.3901 11.7263 -2.4077
v  -0.7191 11.7263 -2.6838
v  -1.9503 11.7346 -1.9503
v  -2.3901 11.7346 -1.3799
v  -2.4077 11.7263 -1.3901
v  -1.9647 11.7263 -1.9647
v  -2.6642 11.7346 -0.7139
v  -2.7598 11.7346 -0.0000
v  -2.7801 11.7263 -0.0000
v  -2.6838 11.7263 -0.7191
v  -2.6642 11.7346 0.7139
v  -2.3901 11.7346 1.3799
v  -2.4077 11.7263 1.3901
v  -2.6838 11.7263 0.7191
v  -1.9503 11.7346 1.9503
v  -1.3799 11.7346 2.3901
v  -1.3901 11.7263 2.4077
v  -1.9647 11.7263 1.9647
v  -0.7139 11.7346 2.6642
v  -0.0000 11.7346 2.7598
v  -0.0000 11.7263 2.7801
v  -0.7191 11.7263 2.6838
v  0.7139 11.7346 2.6642
v  1.3799 11.7346 2.3901
v  1.3901 11.7263 2.4077
v  0.7191 11.7263 2.6838
v  1.9503 11.7346 1.9503
v  2.3901 11.7346 1.3799
v  2.4077 11.7263 1.3901
v  1.9647 11.7263 1.9647
v  2.6642 11.7346 0.7139
v  2.6838 11.7263 0.7191
v  2.7426 11.7144 -0.7349
v  2.8411 11.7144 -0.0000
v  2.4605 11.7144 -1.4205
v  2.5132 11.6146 -1.4510
v  2.8015 11.6146 -0.7507
v  2.9020 11.6145 -0.0000
v  2.0078 11.7144 -2.0078
v  1.4205 11.7144 -2.4605
v  1.4510 11.6146 -2.5132
v  2.0508 11.6146 -2.0508
v  0.7349 11.7144 -2.7426
v  -0.0000 11.7144 -2.8411
v  -0.0000 11.6146 -2.9020
v  0.7507 11.6146 -2.8015
v  -0.7349 11.7144 -2.7426
v  -1.4205 11.7144 -2.4605
v  -1.4510 11.6146 -2.5132
v  -0.7507 11.6146 -2.8015
v  -2.0077 11.7144 -2.0078
v  -2.4605 11.7144 -1.4205
v  -2.5132 11.6146 -1.4510
v  -2.0508 11.6146 -2.0508
v  -2.7426 11.7144 -0.7349
v  -2.8411 11.7144 -0.0000
v  -2.9020 11.6145 -0.0000
v  -2.8015 11.6146 -0.7507
v  -2.7426 11.7144 0.7349
v  -2.4605 11.7144 1.4205
v  -2.5132 11.6145 1.4510
v  -2.8015 11.6146 0.7507
v  -2.0078 11.7144 2.0077
v  -1.4205 11.7144 2.4605
v  -1.4510 11.6145 2.5132
v  -2.0508 11.6146 2.0508
v  -0.7349 11.7144 2.7426
v  -0.0000 11.7144 2.8411
v  -0.0000 11.6145 2.9020
v  -0.7507 11.6146 2.8015
v  0.7349 11.7144 2.7426
v  1.4205 11.7144 2.4605
v  1.4510 11.6145 2.5132
v  0.7507 11.6146 2.8015
v  2.0077 11.7144 2.0078
v  2.4605 11.7144 1.4205
v  2.5132 11.6145 1.4510
v  2.0508 11.6146 2.0508
v  2.7426 11.7144 0.7349
v  2.8015 11.6146 0.7507
v  2.8211 11.3423 -0.7559
v  2.9224 11.3423 -0.0000
v  2.5308 11.3423 -1.4612
v  2.5219 11.0734 -1.4560
v  2.8111 11.0734 -0.7532
v  2.9121 11.0734 -0.0000
v  2.0652 11.3423 -2.0652
v  1.4612 11.3423 -2.5308
v  1.4560 11.0734 -2.5219
v  2.0579 11.0734 -2.0579
v  0.7559 11.3423 -2.8211
v  -0.0000 11.3423 -2.9224
v  -0.0000 11.0734 -2.9121
v  0.7532 11.0734 -2.8111
v  -0.7559 11.3423 -2.8211
v  -1.4612 11.3423 -2.5308
v  -1.4560 11.0734 -2.5219
v  -0.7532 11.0734 -2.8111
v  -2.0652 11.3423 -2.0652
v  -2.5308 11.3423 -1.4612
v  -2.5219 11.0734 -1.4560
v  -2.0579 11.0734 -2.0579
v  -2.8211 11.3423 -0.7559
v  -2.9224 11.3423 -0.0000
v  -2.9121 11.0734 -0.0000
v  -2.8111 11.0734 -0.7532
v  -2.8211 11.3423 0.7559
v  -2.5308 11.3423 1.4612
v  -2.5219 11.0734 1.4560
v  -2.8111 11.0734 0.7532
v  -2.0652 11.3423 2.0652
v  -1.4612 11.3423 2.5308
v  -1.4560 11.0734 2.5219
v  -2.0579 11.0734 2.0579
v  -0.7559 11.3423 2.8211
v  -0.0000 11.3423 2.9224
v  -0.0000 11.0734 2.9121
v  -0.7532 11.0734 2.8111
v  0.7559 11.3423 2.8211
v  1.4612 11.3423 2.5308
v  1.4560 11.0734 2.5219
v  0.7532 11.0734 2.8111
v  2.0652 11.3423 2.0652
v  2.5308 11.3423 1.4612
v  2.5219 11.0734 1.4560
v  2.0579 11.0734 2.0579
v  2.8211 11.3423 0.7559
v  2.8111 11.0734 0.7532
v  2.7813 10.9838 -0.7452
v  2.8811 10.9838 -0.0000
v  2.4951 10.9838 -1.4406
v  2.4743 10.9838 -1.4286
v  2.7581 10.9838 -0.7390
v  2.8571 10.9838 -0.0000
v  2.0361 10.9838 -2.0361
v  1.4406 10.9838 -2.4951
v  1.4286 10.9838 -2.4743
v  2.0191 10.9838 -2.0191
v  0.7452 10.9838 -2.7813
v  -0.0000 10.9838 -2.8811
v  -0.0000 10.9838 -2.8571
v  0.7390 10.9838 -2.7581
v  -0.7452 10.9838 -2.7813
v  -1.4406 10.9838 -2.4951
v  -1.4286 10.9838 -2.4743
v  -0.7390 10.9838 -2.7581
v  -2.0361 10.9838 -2.0361
v  -2.4951 10.9838 -1.4406
v  -2.4743 10.9838 -1.4286
v  -2.0191 10.9838 -2.0191
v  -2.7813 10.9838 -0.7452
v  -2.8811 10.9838 -0.0000
v  -2.8571 10.9838 -0.0000
v  -2.7581 10.9838 -0.7390
v  -2.7813 10.9838 0.7452
v  -2.4951 10.9838 1.4406
v  -2.4743 10.9838 1.4286
v  -2.7581 10.9838 0.7390
v  -2.0361 10.9838 2.0361
v  -1.4406 10.9838 2.4951
v  -1.4286 10.9838 2.4743
v  -2.0191 10.9838 2.0191
v  -0.7452 10.9838 2.7813
v  -0.0000 10.9838 2.8811
v  -0.0000 10.9838 2.8571
v  -0.7390 10.9838 2.7581
v  0.7452 10.9838 2.7813
v  1.4406 10.9838 2.4951
v  1.4286 10.9838 2.4743
v  0.7390 10.9838 2.7581
v  2.0361 10.9838 2.0361
v  2.4951 10.9838 1.4406
v  2.4743 10.9838 1.4286
v  2.0191 10.9838 2.0191
v  2.7813 10.9838 0.7452
v  2.7581 10.9838 0.7390
v  2.7680 10.9838 -0.7417
v  2.8674 10.9838 -0.0000
v  2.4832 10.9838 -1.4337
v  2.4766 10.9838 -1.4299
v  2.7607 10.9838 -0.7397
v  2.8598 10.9838 -0.0000
v  2.0263 10.9838 -2.0263
v  1.4337 10.9838 -2.4832
v  1.4299 10.9838 -2.4766
v  2.0210 10.9838 -2.0210
v  0.7417 10.9838 -2.7680
v  -0.0000 10.9838 -2.8674
v  -0.0000 10.9838 -2.8598
v  0.7397 10.9838 -2.7607
v  -0.7417 10.9838 -2.7680
v  -1.4337 10.9838 -2.4832
v  -1.4299 10.9838 -2.4766
v  -0.7397 10.9838 -2.7607
v  -2.0263 10.9838 -2.0263
v  -2.4832 10.9838 -1.4337
v  -2.4766 10.9838 -1.4299
v  -2.0210 10.9838 -2.0210
v  -2.7680 10.9838 -0.7417
v  -2.8674 10.9838 -0.0000
v  -2.8598 10.9838 -0.0000
v  -2.7607 10.9838 -0.7397
v  -2.7680 10.9838 0.7417
v  -2.4832 10.9838 1.4337
v  -2.4766 10.9838 1.4299
v  -2.7607 10.9838 0.7397
v  -2.0263 10.9838 2.0263
v  -1.4337 10.9838 2.4832
v  -1.4299 10.9838 2.4766
v  -2.0210 10.9838 2.0210
v  -0.7417 10.9838 2.7680
v  -0.0000 10.9838 2.8674
v  -0.0000 10.9838 2.8598
v  -0.7397 10.9838 2.7607
v  0.7417 10.9838 2.7680
v  1.4337 10.9838 2.4832
v  1.4299 10.9838 2.4766
v  0.7397 10.9838 2.7607
v  2.0263 10.9838 2.0263
v  2.4832 10.9838 1.4337
v  2.4766 10.9838 1.4299
v  2.0210 10.9838 2.0210
v  2.7680 10.9838 0.7417
v  2.7607 10.9838 0.7397
v  2.6856 10.9838 -0.7196
v  2.7820 10.9838 -0.0000
v  2.4092 10.9838 -1.3910
v  2.3173 10.9838 -1.3379
v  2.5830 10.9838 -0.6921
v  2.6758 10.9838 -0.0000
v  1.9660 10.9838 -1.9660
v  1.3910 10.9838 -2.4092
v  1.3379 10.9838 -2.3173
v  1.8909 10.9838 -1.8909
v  0.7196 10.9838 -2.6856
v  -0.0000 10.9838 -2.7820
v  -0.0000 10.9838 -2.6758
v  0.6921 10.9838 -2.5830
v  -0.7196 10.9838 -2.6856
v  -1.3910 10.9838 -2.4092
v  -1.3379 10.9838 -2.3173
v  -0.6921 10.9838 -2.5830
v  -1.9660 10.9838 -1.9660
v  -2.4092 10.9838 -1.3910
v  -2.3173 10.9838 -1.3379
v  -1.8909 10.9838 -1.8909
v  -2.6856 10.9838 -0.7196
v  -2.7820 10.9838 -0.0000
v  -2.6758 10.9838 -0.0000
v  -2.5830 10.9838 -0.6921
v  -2.6856 10.9838 0.7196
v  -2.4092 10.9838 1.3910
v  -2.3173 10.9838 1.3379
v  -2.5830 10.9838 0.6921
v  -1.9660 10.9838 1.9660
v  -1.3910 10.9838 2.4092
v  -1.3379 10.9838 2.3173
v  -1.8909 10.9838 1.8909
v  -0.7196 10.9838 2.6856
v  -0.0000 10.9838 2.7820
v  -0.0000 10.9838 2.6758
v  -0.6921 10.9838 2.5830
v  0.7196 10.9838 2.6856
v  1.3910 10.9838 2.4092
v  1.3379 10.9838 2.3173
v  0.6921 10.9838 2.5830
v  1.9660 10.9838 1.9660
v  2.4092 10.9838 1.3910
v  2.3173 10.9838 1.3379
v  1.8909 10.9838 1.8909
v  2.6856 10.9838 0.7196
v  2.5830 10.9838 0.6921
v  2.4936 10.9838 -0.6681
v  2.5831 10.9838 -0.0000
v  2.2370 10.9838 -1.2915
v  2.1812 10.9770 -1.2593
v  2.4313 10.9770 -0.6515
v  2.5186 10.9770 -0.0000
v  1.8254 10.9838 -1.8254
v  1.2915 10.9838 -2.2370
v  1.2593 10.9770 -2.1812
v  1.7799 10.9770 -1.7799
v  0.6681 10.9838 -2.4936
v  -0.0000 10.9838 -2.5831
v  -0.0000 10.9770 -2.5186
v  0.6515 10.9770 -2.4313
v  -0.6681 10.9838 -2.4936
v  -1.2915 10.9838 -2.2370
v  -1.2593 10.9770 -2.1812
v  -0.6515 10.9770 -2.4313
v  -1.8254 10.9838 -1.8254
v  -2.2370 10.9838 -1.2915
v  -2.1812 10.9770 -1.2593
v  -1.7798 10.9770 -1.7799
v  -2.4936 10.9838 -0.6681
v  -2.5831 10.9838 -0.0000
v  -2.5186 10.9770 -0.0000
v  -2.4313 10.9770 -0.6515
v  -2.4936 10.9838 0.6681
v  -2.2370 10.9838 1.2915
v  -2.1812 10.9770 1.2593
v  -2.4313 10.9770 0.6515
v  -1.8254 10.9838 1.8254
v  -1.2915 10.9838 2.2370
v  -1.2593 10.9770 2.1812
v  -1.7799 10.9770 1.7798
v  -0.6681 10.9838 2.4936
v  -0.0000 10.9838 2.5831
v  -0.0000 10.9770 2.5186
v  -0.6515 10.9770 2.4313
v  0.6681 10.9838 2.4936
v  1.2915 10.9838 2.2370
v  1.2593 10.9770 2.1812
v  0.6515 10.9770 2.4313
v  1.8254 10.9838 1.8254
v  2.2370 10.9838 1.2915
v  2.1812 10.9770 1.2593
v  1.7799 10.9770 1.7799
v  2.4936 10.9838 0.6681
v  2.4313 10.9770 0.6515
v  2.4106 10.9566 -0.6459
v  2.4971 10.9566 -0.0000
v  2.1626 10.9566 -1.2486
v  2.1626 10.8753 -1.2486
v  2.4106 10.8753 -0.6459
v  2.4971 10.8753 -0.0000
v  1.7647 10.9566 -1.7647
v  1.2486 10.9566 -2.1626
v  1.2486 10.8753 -2.1626
v  1.7647 10.8753 -1.7647
v  0.6459 10.9566 -2.4106
v  -0.0000 10.9566 -2.4971
v  -0.0000 10.8753 -2.4971
v  0.6459 10.8753 -2.4106
v  -0.6459 10.9566 -2.4106
v  -1.2486 10.9566 -2.1626
v  -1.2486 10.8753 -2.1626
v  -0.6459 10.8753 -2.4106
v  -1.7647 10.9566 -1.7647
v  -2.1626 10.9566 -1.2486
v  -2.1626 10.8753 -1.2486
v  -1.7647 10.8753 -1.7647
v  -2.4106 10.9566 -0.6459
v  -2.4971 10.9566 -0.0000
v  -2.4971 10.8753 -0.0000
v  -2.4106 10.8753 -0.6459
v  -2.4106 10.9566 0.6459
v  -2.1626 10.9566 1.2486
v  -2.1626 10.8753 1.2486
v  -2.4106 10.8753 0.6459
v  -1.7647 10.9566 1.7647
v  -1.2486 10.9566 2.1626
v  -1.2486 10.8753 2.1626
v  -1.7647 10.8753 1.7647
v  -0.6459 10.9566 2.4106
v  -0.0000 10.9566 2.4971
v  -0.0000 10.8753 2.4971
v  -0.6459 10.8753 2.4106
v  0.6459 10.9566 2.4106
v  1.2486 10.9566 2.1626
v  1.2486 10.8753 2.1626
v  0.6459 10.8753 2.4106
v  1.7647 10.9566 1.7647
v  2.1626 10.9566 1.2486
v  2.1626 10.8753 1.2486
v  1.7647 10.8753 1.7647
v  2.4106 10.9566 0.6459
v  2.4106 10.8753 0.6459
v  2.4106 10.6859 -0.6459
v  2.4971 10.6859 -0.0000
v  2.1626 10.6859 -1.2486
v  2.1626 10.4952 -1.2486
v  2.4106 10.4952 -0.6459
v  2.4971 10.4952 -0.0000
v  1.7647 10.6859 -1.7647
v  1.2486 10.6859 -2.1626
v  1.2486 10.4952 -2.1626
v  1.7647 10.4952 -1.7647
v  0.6459 10.6859 -2.4106
v  -0.0000 10.6859 -2.4971
v  -0.0000 10.4952 -2.4971
v  0.6459 10.4952 -2.4106
v  -0.6459 10.6859 -2.4106
v  -1.2486 10.6859 -2.1626
v  -1.2486 10.4952 -2.1626
v  -0.6459 10.4952 -2.4106
v  -1.7647 10.6859 -1.7647
v  -2.1626 10.6859 -1.2486
v  -2.1626 10.4952 -1.2486
v  -1.7647 10.4952 -1.7647
v  -2.4106 10.6859 -0.6459
v  -2.4971 10.6859 -0.0000
v  -2.4971 10.4952 -0.0000
v  -2.4106 10.4952 -0.6459
v  -2.4106 10.6859 0.6459
v  -2.1626 10.6859 1.2486
v  -2.1626 10.4952 1.2486
v  -2.4106 10.4952 0.6459
v  -1.7647 10.6859 1.7647
v  -1.2486 10.6859 2.1626
v  -1.2486 10.4952 2.1626
v  -1.7647 10.4952 1.7647
v  -0.6459 10.6859 2.4106
v  -0.0000 10.6859 2.4971
v  -0.0000 10.4952 2.4971
v  -0.6459 10.4952 2.4106
v  0.6459 10.6859 2.4106
v  1.2486 10.6859 2.1626
v  1.2486 10.4952 2.1626
v  0.6459 10.4952 2.4106
v  1.7647 10.6859 1.7647
v  2.1626 10.6859 1.2486
v  2.1626 10.4952 1.2486
v  1.7647 10.4952 1.7647
v  2.4106 10.6859 0.6459
v  2.4106 10.4952 0.6459
v  2.4106 10.4101 -0.6459
v  2.4971 10.4101 -0.0000
v  2.1626 10.4101 -1.2486
v  2.2168 10.3784 -1.2799
v  2.4710 10.3784 -0.6621
v  2.5597 10.3784 -0.0000
v  1.7647 10.4101 -1.7647
v  1.2486 10.4101 -2.1626
v  1.2799 10.3785 -2.2168
v  1.8089 10.3785 -1.8089
v  0.6459 10.4101 -2.4106
v  -0.0000 10.4101 -2.4971
v  -0.0000 10.3785 -2.5597
v  0.6621 10.3785 -2.4710
v  -0.6459 10.4101 -2.4106
v  -1.2486 10.4101 -2.1626
v  -1.2799 10.3785 -2.2168
v  -0.6621 10.3785 -2.4710
v  -1.7647 10.4101 -1.7647
v  -2.1626 10.4101 -1.2486
v  -2.2168 10.3784 -1.2799
v  -1.8089 10.3785 -1.8089
v  -2.4106 10.4101 -0.6459
v  -2.4971 10.4101 -0.0000
v  -2.5597 10.3784 -0.0000
v  -2.4710 10.3784 -0.6621
v  -2.4106 10.4101 0.6459
v  -2.1626 10.4101 1.2486
v  -2.2168 10.3784 1.2798
v  -2.4710 10.3784 0.6621
v  -1.7647 10.4101 1.7647
v  -1.2486 10.4101 2.1626
v  -1.2799 10.3784 2.2168
v  -1.8089 10.3784 1.8089
v  -0.6459 10.4101 2.4106
v  -0.0000 10.4101 2.4971
v  -0.0000 10.3784 2.5597
v  -0.6621 10.3784 2.4710
v  0.6459 10.4101 2.4106
v  1.2486 10.4101 2.1626
v  1.2798 10.3784 2.2168
v  0.6621 10.3784 2.4710
v  1.7647 10.4101 1.7647
v  2.1626 10.4101 1.2486
v  2.2168 10.3784 1.2799
v  1.8089 10.3784 1.8089
v  2.4106 10.4101 0.6459
v  2.4710 10.3784 0.6621
v  2.6523 10.3482 -0.7107
v  2.7475 10.3482 -0.0000
v  2.3794 10.3482 -1.3737
v  2.5870 10.2752 -1.4936
v  2.8837 10.2752 -0.7727
v  2.9872 10.2752 -0.0000
v  1.9416 10.3482 -1.9416
v  1.3737 10.3482 -2.3794
v  1.4936 10.2752 -2.5870
v  2.1110 10.2752 -2.1110
v  0.7107 10.3482 -2.6523
v  -0.0000 10.3482 -2.7475
v  -0.0000 10.2752 -2.9872
v  0.7727 10.2752 -2.8837
v  -0.7107 10.3482 -2.6523
v  -1.3737 10.3482 -2.3794
v  -1.4936 10.2752 -2.5870
v  -0.7727 10.2752 -2.8837
v  -1.9416 10.3482 -1.9416
v  -2.3794 10.3482 -1.3737
v  -2.5870 10.2752 -1.4936
v  -2.1110 10.2752 -2.1110
v  -2.6523 10.3482 -0.7107
v  -2.7475 10.3482 -0.0000
v  -2.9872 10.2752 -0.0000
v  -2.8837 10.2752 -0.7727
v  -2.6523 10.3482 0.7107
v  -2.3794 10.3482 1.3737
v  -2.5870 10.2752 1.4936
v  -2.8837 10.2752 0.7727
v  -1.9416 10.3482 1.9416
v  -1.3737 10.3482 2.3794
v  -1.4936 10.2752 2.5870
v  -2.1110 10.2752 2.1110
v  -0.7107 10.3482 2.6523
v  -0.0000 10.3482 2.7475
v  -0.0000 10.2752 2.9872
v  -0.7727 10.2752 2.8837
v  0.7107 10.3482 2.6523
v  1.3737 10.3482 2.3794
v  1.4936 10.2752 2.5870
v  0.7727 10.2752 2.8837
v  1.9416 10.3482 1.9416
v  2.3794 10.3482 1.3737
v  2.5870 10.2752 1.4936
v  2.1110 10.2752 2.1110
v  2.6523 10.3482 0.7107
v  2.8837 10.2752 0.7727
v  3.0946 10.1152 -0.8292
v  3.2057 10.1152 -0.0000
v  2.7762 10.1152 -1.6029
v  2.9470 9.7758 -1.7015
v  3.2850 9.7758 -0.8802
v  3.4029 9.7758 -0.0000
v  2.2654 10.1152 -2.2654
v  1.6029 10.1152 -2.7762
v  1.7014 9.7758 -2.9470
v  2.4048 9.7758 -2.4048
v  0.8292 10.1152 -3.0946
v  -0.0000 10.1152 -3.2057
v  -0.0000 9.7758 -3.4029
v  0.8802 9.7758 -3.2850
v  -0.8292 10.1152 -3.0946
v  -1.6029 10.1152 -2.7762
v  -1.7015 9.7758 -2.9470
v  -0.8802 9.7758 -3.2850
v  -2.2654 10.1152 -2.2654
v  -2.7762 10.1152 -1.6029
v  -2.9470 9.7758 -1.7015
v  -2.4048 9.7758 -2.4048
v  -3.0946 10.1152 -0.8292
v  -3.2057 10.1152 -0.0000
v  -3.4029 9.7758 -0.0000
v  -3.2850 9.7758 -0.8802
v  -3.0946 10.1152 0.8292
v  -2.7762 10.1152 1.6029
v  -2.9470 9.7758 1.7014
v  -3.2850 9.7758 0.8802
v  -2.2654 10.1152 2.2654
v  -1.6029 10.1152 2.7762
v  -1.7015 9.7758 2.9470
v  -2.4048 9.7758 2.4048
v  -0.8292 10.1152 3.0946
v  -0.0000 10.1152 3.2057
v  -0.0000 9.7758 3.4029
v  -0.8802 9.7758 3.2850
v  0.8292 10.1152 3.0946
v  1.6029 10.1152 2.7762
v  1.7014 9.7758 2.9470
v  0.8802 9.7758 3.2850
v  2.2654 10.1152 2.2654
v  2.7762 10.1152 1.6029
v  2.9470 9.7758 1.7015
v  2.4048 9.7758 2.4048
v  3.0946 10.1152 0.8292
v  3.2850 9.7758 0.8802
v  3.4547 9.1645 -0.9257
v  3.5787 9.1645 -0.0000
v  3.0993 9.1645 -1.7894
v  3.2536 8.1844 -1.8785
v  3.6267 8.1844 -0.9718
v  3.7569 8.1844 -0.0000
v  2.5290 9.1645 -2.5290
v  1.7894 9.1645 -3.0993
v  1.8784 8.1844 -3.2536
v  2.6549 8.1844 -2.6549
v  0.9257 9.1645 -3.4547
v  -0.0000 9.1645 -3.5787
v  -0.0000 8.1844 -3.7569
v  0.9718 8.1844 -3.6267
v  -0.9257 9.1645 -3.4547
v  -1.7894 9.1645 -3.0993
v  -1.8785 8.1844 -3.2536
v  -0.9718 8.1844 -3.6267
v  -2.5290 9.1645 -2.5290
v  -3.0993 9.1645 -1.7894
v  -3.2536 8.1844 -1.8785
v  -2.6549 8.1844 -2.6549
v  -3.4547 9.1645 -0.9257
v  -3.5787 9.1645 -0.0000
v  -3.7569 8.1844 -0.0000
v  -3.6267 8.1844 -0.9718
v  -3.4547 9.1645 0.9257
v  -3.0993 9.1645 1.7894
v  -3.2536 8.1844 1.8784
v  -3.6267 8.1844 0.9718
v  -2.5290 9.1645 2.5290
v  -1.7894 9.1645 3.0993
v  -1.8785 8.1844 3.2536
v  -2.6549 8.1844 2.6549
v  -0.9257 9.1645 3.4547
v  -0.0000 9.1645 3.5787
v  -0.0000 8.1844 3.7569
v  -0.9718 8.1844 3.6267
v  0.9257 9.1645 3.4547
v  1.7894 9.1645 3.0993
v  1.8784 8.1844 3.2536
v  0.9718 8.1844 3.6267
v  2.5290 9.1645 2.5290
v  3.0993 9.1645 1.7894
v  3.2536 8.1844 1.8785
v  2.6549 8.1844 2.6549
v  3.4547 9.1645 0.9257
v  3.6267 8.1844 0.9718
v  3.8239 6.7389 -1.0246
v  3.9612 6.7389 -0.0000
v  3.4305 6.7389 -1.9806
v  3.5979 5.0608 -2.0773
v  4.0105 5.0608 -1.0746
v  4.1545 5.0608 -0.0000
v  2.7993 6.7389 -2.7993
v  1.9806 6.7389 -3.4305
v  2.0772 5.0609 -3.5979
v  2.9359 5.0609 -2.9359
v  1.0246 6.7389 -3.8239
v  -0.0000 6.7389 -3.9612
v  -0.0000 5.0609 -4.1545
v  1.0746 5.0609 -4.0105
v  -1.0246 6.7389 -3.8239
v  -1.9806 6.7389 -3.4305
v  -2.0772 5.0609 -3.5979
v  -1.0746 5.0609 -4.0105
v  -2.7993 6.7389 -2.7993
v  -3.4305 6.7389 -1.9806
v  -3.5979 5.0608 -2.0773
v  -2.9359 5.0609 -2.9359
v  -3.8239 6.7389 -1.0246
v  -3.9612 6.7389 -0.0000
v  -4.1545 5.0608 -0.0000
v  -4.0105 5.0608 -1.0746
v  -3.8239 6.7389 1.0246
v  -3.4305 6.7389 1.9806
v  -3.5979 5.0608 2.0772
v  -4.0105 5.0608 1.0746
v  -2.7993 6.7389 2.7993
v  -1.9806 6.7389 3.4305
v  -2.0773 5.0608 3.5979
v  -2.9359 5.0608 2.9359
v  -1.0246 6.7389 3.8239
v  -0.0000 6.7389 3.9612
v  -0.0000 5.0608 4.1545
v  -1.0746 5.0608 4.0105
v  1.0246 6.7389 3.8239
v  1.9806 6.7389 3.4305
v  2.0772 5.0608 3.5979
v  1.0746 5.0608 4.0105
v  2.7993 6.7389 2.7993
v  3.4305 6.7389 1.9806
v  3.5979 5.0608 2.0773
v  2.9359 5.0608 2.9359
v  3.8239 6.7389 1.0246
v  4.0105 5.0608 1.0746
v  4.1508 3.3830 -1.1122
v  4.2998 3.3830 -0.0000
v  3.7237 3.3830 -2.1499
v  3.7642 2.0510 -2.1732
v  4.1959 2.0510 -1.1243
v  4.3465 2.0510 -0.0000
v  3.0386 3.3830 -3.0386
v  2.1499 3.3830 -3.7237
v  2.1732 2.0510 -3.7642
v  3.0716 2.0510 -3.0716
v  1.1122 3.3830 -4.1508
v  -0.0000 3.3830 -4.2998
v  -0.0000 2.0510 -4.3465
v  1.1243 2.0510 -4.1959
v  -1.1122 3.3830 -4.1508
v  -2.1499 3.3830 -3.7237
v  -2.1732 2.0510 -3.7642
v  -1.1243 2.0510 -4.1959
v  -3.0386 3.3830 -3.0386
v  -3.7237 3.3830 -2.1499
v  -3.7642 2.0510 -2.1732
v  -3.0716 2.0510 -3.0716
v  -4.1508 3.3830 -1.1122
v  -4.2998 3.3830 -0.0000
v  -4.3465 2.0510 -0.0000
v  -4.1959 2.0510 -1.1243
v  -4.1508 3.3830 1.1122
v  -3.7237 3.3830 2.1499
v  -3.7642 2.0510 2.1732
v  -4.1959 2.0510 1.1243
v  -3.0386 3.3830 3.0386
v  -2.1499 3.3830 3.7237
v  -2.1732 2.0510 3.7642
v  -3.0716 2.0510 3.0716
v  -1.1122 3.3830 4.1508
v  -0.0000 3.3830 4.2998
v  -0.0000 2.0510 4.3465
v  -1.1243 2.0510 4.1959
v  1.1122 3.3830 4.1508
v  2.1499 3.3830 3.7237
v  2.1732 2.0510 3.7642
v  1.1243 2.0510 4.1959
v  3.0386 3.3830 3.0386
v  3.7237 3.3830 2.1499
v  3.7642 2.0510 2.1732
v  3.0716 2.0510 3.0716
v  4.1508 3.3830 1.1122
v  4.1959 2.0510 1.1243
v  4.0969 1.4105 -1.0978
v  4.2440 1.4105 -0.0000
v  3.6754 1.4105 -2.1220
v  3.5440 1.1766 -2.0461
v  3.9505 1.1766 -1.0585
v  4.0923 1.1766 -0.0000
v  2.9992 1.4105 -2.9992
v  2.1220 1.4105 -3.6754
v  2.0461 1.1767 -3.5440
v  2.8919 1.1766 -2.8919
v  1.0978 1.4105 -4.0969
v  -0.0000 1.4105 -4.2440
v  -0.0000 1.1767 -4.0923
v  1.0585 1.1767 -3.9505
v  -1.0978 1.4105 -4.0969
v  -2.1220 1.4105 -3.6754
v  -2.0461 1.1767 -3.5440
v  -1.0585 1.1767 -3.9505
v  -2.9992 1.4105 -2.9992
v  -3.6754 1.4105 -2.1220
v  -3.5440 1.1766 -2.0461
v  -2.8919 1.1766 -2.8919
v  -4.0969 1.4105 -1.0978
v  -4.2440 1.4105 -0.0000
v  -4.0923 1.1766 -0.0000
v  -3.9505 1.1766 -1.0585
v  -4.0969 1.4105 1.0978
v  -3.6754 1.4105 2.1220
v  -3.5440 1.1766 2.0461
v  -3.9505 1.1766 1.0585
v  -2.9992 1.4105 2.9992
v  -2.1220 1.4105 3.6754
v  -2.0461 1.1766 3.5440
v  -2.8919 1.1766 2.8919
v  -1.0978 1.4105 4.0969
v  -0.0000 1.4105 4.2440
v  -0.0000 1.1766 4.0923
v  -1.0585 1.1766 3.9505
v  1.0978 1.4105 4.0969
v  2.1220 1.4105 3.6754
v  2.0461 1.1766 3.5440
v  1.0585 1.1766 3.9505
v  2.9992 1.4105 2.9992
v  3.6754 1.4105 2.1220
v  3.5440 1.1766 2.0461
v  2.8919 1.1766 2.8919
v  4.0969 1.4105 1.0978
v  3.9505 1.1766 1.0585
v  3.8529 1.0649 -1.0324
v  3.9912 1.0649 -0.0000
v  3.4565 1.0649 -1.9956
v  3.4032 1.0269 -1.9648
v  3.7935 1.0269 -1.0165
v  3.9297 1.0269 -0.0000
v  2.8205 1.0649 -2.8205
v  1.9956 1.0649 -3.4565
v  1.9648 1.0269 -3.4032
v  2.7770 1.0269 -2.7770
v  1.0324 1.0649 -3.8529
v  -0.0000 1.0649 -3.9912
v  -0.0000 1.0269 -3.9297
v  1.0165 1.0269 -3.7935
v  -1.0324 1.0649 -3.8529
v  -1.9956 1.0649 -3.4565
v  -1.9648 1.0269 -3.4032
v  -1.0165 1.0269 -3.7935
v  -2.8205 1.0649 -2.8205
v  -3.4565 1.0649 -1.9956
v  -3.4032 1.0269 -1.9648
v  -2.7770 1.0269 -2.7770
v  -3.8529 1.0649 -1.0324
v  -3.9912 1.0649 -0.0000
v  -3.9297 1.0269 -0.0000
v  -3.7935 1.0269 -1.0165
v  -3.8529 1.0649 1.0324
v  -3.4565 1.0649 1.9956
v  -3.4032 1.0269 1.9648
v  -3.7935 1.0269 1.0165
v  -2.8205 1.0649 2.8205
v  -1.9956 1.0649 3.4565
v  -1.9648 1.0269 3.4032
v  -2.7770 1.0269 2.7770
v  -1.0324 1.0649 3.8529
v  -0.0000 1.0649 3.9912
v  -0.0000 1.0269 3.9297
v  -1.0165 1.0269 3.7935
v  1.0324 1.0649 3.8529
v  1.9956 1.0649 3.4565
v  1.9648 1.0269 3.4032
v  1.0165 1.0269 3.7935
v  2.8205 1.0649 2.8205
v  3.4565 1.0649 1.9956
v  3.4032 1.0269 1.9648
v  2.7770 1.0269 2.7770
v  3.8529 1.0649 1.0324
v  3.7935 1.0269 1.0165
v  3.7616 1.0142 -1.0079
v  3.8967 1.0142 -0.0000
v  3.3746 1.0142 -1.9483
v  3.2944 1.0091 -1.9020
v  3.6722 1.0091 -0.9840
v  3.8040 1.0091 -0.0000
v  2.7537 1.0142 -2.7537
v  1.9483 1.0142 -3.3746
v  1.9020 1.0091 -3.2944
v  2.6882 1.0091 -2.6882
v  1.0079 1.0142 -3.7616
v  -0.0000 1.0142 -3.8967
v  -0.0000 1.0091 -3.8040
v  0.9840 1.0091 -3.6722
v  -1.0079 1.0142 -3.7616
v  -1.9483 1.0142 -3.3746
v  -1.9020 1.0091 -3.2944
v  -0.9840 1.0091 -3.6722
v  -2.7537 1.0142 -2.7537
v  -3.3746 1.0142 -1.9483
v  -3.2944 1.0091 -1.9020
v  -2.6882 1.0091 -2.6882
v  -3.7616 1.0142 -1.0079
v  -3.8967 1.0142 -0.0000
v  -3.8040 1.0091 -0.0000
v  -3.6722 1.0091 -0.9840
v  -3.7616 1.0142 1.0079
v  -3.3746 1.0142 1.9483
v  -3.2944 1.0091 1.9020
v  -3.6722 1.0091 0.9840
v  -2.7537 1.0142 2.7537
v  -1.9483 1.0142 3.3746
v  -1.9020 1.0091 3.2944
v  -2.6882 1.0091 2.6882
v  -1.0079 1.0142 3.7616
v  -0.0000 1.0142 3.8967
v  -0.0000 1.0091 3.8040
v  -0.9840 1.0091 3.6722
v  1.0079 1.0142 3.7616
v  1.9483 1.0142 3.3746
v  1.9020 1.0091 3.2944
v  0.9840 1.0091 3.6722
v  2.7537 1.0142 2.7537
v  3.3746 1.0142 1.9483
v  3.2944 1.0091 1.9020
v  2.6882 1.0091 2.6882
v  3.7616 1.0142 1.0079
v  3.6722 1.0091 0.9840
v  3.4401 0.9939 -0.9218
v  3.5635 0.9939 -0.0000
v  3.0861 0.9939 -1.7818
v  2.8720 0.8771 -1.6582
v  3.2014 0.8771 -0.8578
v  3.3163 0.8771 -0.0000
v  2.5183 0.9939 -2.5183
v  1.7818 0.9939 -3.0861
v  1.6582 0.8771 -2.8720
v  2.3436 0.8771 -2.3436
v  0.9218 0.9939 -3.4400
v  -0.0000 0.9939 -3.5635
v  -0.0000 0.8771 -3.3163
v  0.8578 0.8771 -3.2014
v  -0.9218 0.9939 -3.4400
v  -1.7818 0.9939 -3.0861
v  -1.6582 0.8771 -2.8720
v  -0.8578 0.8771 -3.2014
v  -2.5183 0.9939 -2.5183
v  -3.0861 0.9939 -1.7818
v  -2.8720 0.8771 -1.6582
v  -2.3436 0.8771 -2.3436
v  -3.4400 0.9939 -0.9218
v  -3.5635 0.9939 -0.0000
v  -3.3163 0.8771 -0.0000
v  -3.2014 0.8771 -0.8578
v  -3.4400 0.9939 0.9218
v  -3.0861 0.9939 1.7818
v  -2.8720 0.8771 1.6582
v  -3.2014 0.8771 0.8578
v  -2.5183 0.9939 2.5183
v  -1.7818 0.9939 3.0861
v  -1.6582 0.8771 2.8720
v  -2.3436 0.8771 2.3436
v  -0.9218 0.9939 3.4400
v  -0.0000 0.9939 3.5635
v  -0.0000 0.8771 3.3163
v  -0.8578 0.8771 3.2014
v  0.9218 0.9939 3.4400
v  1.7818 0.9939 3.0861
v  1.6582 0.8771 2.8720
v  0.8578 0.8771 3.2014
v  2.5183 0.9939 2.5183
v  3.0861 0.9939 1.7818
v  2.8720 0.8771 1.6582
v  2.3436 0.8771 2.3436
v  3.4401 0.9939 0.9218
v  3.2014 0.8771 0.8578
v  3.0924 0.5672 -0.8286
v  3.2034 0.5672 -0.0000
v  2.7742 0.5672 -1.6017
v  2.7348 0.2625 -1.5789
v  3.0484 0.2625 -0.8168
v  3.1579 0.2625 -0.0000
v  2.2638 0.5672 -2.2638
v  1.6017 0.5672 -2.7742
v  1.5789 0.2625 -2.7348
v  2.2316 0.2625 -2.2316
v  0.8286 0.5672 -3.0923
v  -0.0000 0.5672 -3.2034
v  -0.0000 0.2625 -3.1579
v  0.8168 0.2625 -3.0484
v  -0.8286 0.5672 -3.0923
v  -1.6017 0.5672 -2.7742
v  -1.5789 0.2625 -2.7348
v  -0.8168 0.2625 -3.0484
v  -2.2638 0.5672 -2.2638
v  -2.7742 0.5672 -1.6017
v  -2.7348 0.2625 -1.5789
v  -2.2316 0.2625 -2.2316
v  -3.0923 0.5672 -0.8286
v  -3.2034 0.5672 -0.0000
v  -3.1579 0.2625 -0.0000
v  -3.0484 0.2625 -0.8168
v  -3.0923 0.5672 0.8286
v  -2.7742 0.5672 1.6017
v  -2.7348 0.2625 1.5789
v  -3.0484 0.2625 0.8168
v  -2.2638 0.5672 2.2638
v  -1.6017 0.5672 2.7742
v  -1.5789 0.2625 2.7348
v  -2.2316 0.2625 2.2316
v  -0.8286 0.5672 3.0923
v  -0.0000 0.5672 3.2034
v  -0.0000 0.2625 3.1579
v  -0.8168 0.2625 3.0484
v  0.8286 0.5672 3.0923
v  1.6017 0.5672 2.7742
v  1.5789 0.2625 2.7348
v  0.8168 0.2625 3.0484
v  2.2638 0.5672 2.2638
v  2.7742 0.5672 1.6017
v  2.7348 0.2625 1.5789
v  2.2316 0.2625 2.2316
v  3.0924 0.5672 0.8286
v  3.0484 0.2625 0.8168
v  3.0051 0.1609 -0.8052
v  3.1130 0.1609 -0.0000
v  2.6959 0.1609 -1.5565
v  2.4404 0.1609 -1.4089
v  2.7202 0.1609 -0.7289
v  2.8179 0.1609 -0.0000
v  2.1999 0.1609 -2.1999
v  1.5565 0.1609 -2.6959
v  1.4089 0.1609 -2.4404
v  1.9914 0.1609 -1.9914
v  0.8052 0.1609 -3.0051
v  -0.0000 0.1609 -3.1130
v  -0.0000 0.1609 -2.8179
v  0.7289 0.1609 -2.7202
v  -0.8052 0.1609 -3.0051
v  -1.5565 0.1609 -2.6959
v  -1.4089 0.1609 -2.4404
v  -0.7289 0.1609 -2.7202
v  -2.1999 0.1609 -2.1999
v  -2.6959 0.1609 -1.5565
v  -2.4404 0.1609 -1.4089
v  -1.9914 0.1609 -1.9914
v  -3.0051 0.1609 -0.8052
v  -3.1130 0.1609 -0.0000
v  -2.8179 0.1609 -0.0000
v  -2.7202 0.1609 -0.7289
v  -3.0051 0.1609 0.8052
v  -2.6959 0.1609 1.5565
v  -2.4404 0.1609 1.4089
v  -2.7202 0.1609 0.7289
v  -2.1999 0.1609 2.1999
v  -1.5565 0.1609 2.6959
v  -1.4089 0.1609 2.4404
v  -1.9914 0.1609 1.9914
v  -0.8052 0.1609 3.0051
v  -0.0000 0.1609 3.1130
v  -0.0000 0.1609 2.8179
v  -0.7289 0.1609 2.7202
v  0.8052 0.1609 3.0051
v  1.5565 0.1609 2.6959
v  1.4089 0.1609 2.4404
v  0.7289 0.1609 2.7202
v  2.1999 0.1609 2.1999
v  2.6959 0.1609 1.5565
v  2.4404 0.1609 1.4089
v  1.9914 0.1609 1.9914
v  3.0051 0.1609 0.8052
v  2.7202 0.1609 0.7289
v  1.9516 0.1609 -0.5229
v  2.0216 0.1609 -0.0000
v  1.7508 0.1609 -1.0108
v  1.1403 0.1609 -0.6584
v  0.9584 0.1609 -0.2568
v  1.3167 0.1609 -0.0000
v  1.4286 0.1609 -1.4287
v  1.0108 0.1609 -1.7508
v  0.6584 0.1609 -1.1403
v  0.7016 0.1609 -0.7016
v  0.5229 0.1609 -1.9516
v  -0.0000 0.1609 -2.0216
v  -0.0000 0.1609 -1.3167
v  0.2568 0.1609 -0.9584
v  -0.5229 0.1609 -1.9516
v  -1.0108 0.1609 -1.7508
v  -0.6584 0.1609 -1.1403
v  -0.2568 0.1609 -0.9584
v  -1.4286 0.1609 -1.4287
v  -1.7508 0.1609 -1.0108
v  -1.1403 0.1609 -0.6584
v  -0.7016 0.1609 -0.7016
v  -1.9516 0.1609 -0.5229
v  -2.0216 0.1609 -0.0000
v  -1.3167 0.1609 -0.0000
v  -0.9584 0.1609 -0.2568
v  -1.9516 0.1609 0.5229
v  -1.7508 0.1609 1.0108
v  -1.1403 0.1609 0.6584
v  -0.9584 0.1609 0.2568
v  -1.4286 0.1609 1.4286
v  -1.0108 0.1609 1.7508
v  -0.6584 0.1609 1.1403
v  -0.7016 0.1609 0.7016
v  -0.5229 0.1609 1.9516
v  -0.0000 0.1609 2.0216
v  -0.0000 0.1609 1.3167
v  -0.2568 0.1609 0.9584
v  0.5229 0.1609 1.9516
v  1.0108 0.1609 1.7508
v  0.6584 0.1609 1.1403
v  0.2568 0.1609 0.9584
v  1.4286 0.1609 1.4286
v  1.7508 0.1609 1.0108
v  1.1403 0.1609 0.6584
v  0.7016 0.1609 0.7016
v  1.9516 0.1609 0.5229
v  0.9584 0.1609 0.2568
v  0.0000 0.1609 -0.0000
# 2330 vertices

vn 0.8621 -0.0949 -0.4977
vn 0.8618 -0.0990 -0.4975
vn 0.9612 -0.0990 -0.2575
vn 0.9616 -0.0948 -0.2577
vn 0.8621 -0.0948 -0.4977
vn 0.9955 -0.0948 0.0000
vn 0.9951 -0.0990 0.0000
vn 0.9955 -0.0949 0.0000
vn 0.4977 -0.0949 -0.8621
vn 0.4975 -0.0990 -0.8618
vn 0.7036 -0.0990 -0.7036
vn 0.7039 -0.0948 -0.7039
vn 0.4977 -0.0948 -0.8621
vn 0.0000 -0.0949 -0.9955
vn -0.0000 -0.0990 -0.9951
vn 0.2575 -0.0990 -0.9612
vn 0.2577 -0.0948 -0.9616
vn 0.0000 -0.0948 -0.9955
vn -0.4977 -0.0949 -0.8621
vn -0.4975 -0.0990 -0.8618
vn -0.2575 -0.0990 -0.9612
vn -0.2577 -0.0948 -0.9616
vn -0.4977 -0.0948 -0.8621
vn -0.8621 -0.0949 -0.4977
vn -0.8618 -0.0990 -0.4975
vn -0.7036 -0.0990 -0.7036
vn -0.7039 -0.0948 -0.7039
vn -0.8621 -0.0948 -0.4977
vn -0.9955 -0.0949 -0.0000
vn -0.9951 -0.0990 0.0000
vn -0.9612 -0.0990 -0.2575
vn -0.9616 -0.0948 -0.2577
vn -0.9955 -0.0948 -0.0000
vn -0.8621 -0.0949 0.4977
vn -0.8618 -0.0990 0.4975
vn -0.9612 -0.0990 0.2575
vn -0.9616 -0.0948 0.2577
vn -0.8621 -0.0948 0.4977
vn -0.4977 -0.0949 0.8621
vn -0.4975 -0.0990 0.8618
vn -0.7036 -0.0990 0.7036
vn -0.7039 -0.0948 0.7039
vn -0.4977 -0.0948 0.8621
vn -0.0000 -0.0949 0.9955
vn -0.0000 -0.0990 0.9951
vn -0.2575 -0.0990 0.9612
vn -0.2577 -0.0948 0.9616
vn -0.0000 -0.0948 0.9955
vn 0.4977 -0.0949 0.8621
vn 0.4975 -0.0990 0.8618
vn 0.2575 -0.0990 0.9612
vn 0.2577 -0.0948 0.9616
vn 0.4977 -0.0948 0.8621
vn 0.8621 -0.0949 0.4977
vn 0.8618 -0.0990 0.4975
vn 0.7036 -0.0990 0.7036
vn 0.7039 -0.0948 0.7039
vn 0.8621 -0.0948 0.4977
vn 0.9612 -0.0990 0.2575
vn 0.9616 -0.0948 0.2577
vn 0.9942 0.1073 0.0000
vn 0.9604 0.1073 -0.2573
vn 0.9574 0.1322 -0.2565
vn 0.9912 0.1323 0.0000
vn 0.8610 0.1073 -0.4971
vn 0.8584 0.1323 -0.4956
vn 0.8536 0.1691 -0.4928
vn 0.9520 0.1690 -0.2551
vn 0.9856 0.1691 0.0000
vn 0.7030 0.1073 -0.7030
vn 0.7009 0.1322 -0.7009
vn 0.4971 0.1073 -0.8610
vn 0.4956 0.1323 -0.8584
vn 0.4928 0.1691 -0.8536
vn 0.6969 0.1690 -0.6969
vn 0.2573 0.1073 -0.9604
vn 0.2565 0.1322 -0.9574
vn 0.0000 0.1073 -0.9942
vn -0.0000 0.1323 -0.9912
vn -0.0000 0.1691 -0.9856
vn 0.2551 0.1690 -0.9520
vn -0.2573 0.1073 -0.9604
vn -0.2565 0.1322 -0.9574
vn -0.4971 0.1073 -0.8610
vn -0.4956 0.1323 -0.8584
vn -0.4928 0.1691 -0.8536
vn -0.2551 0.1690 -0.9520
vn -0.7030 0.1073 -0.7030
vn -0.7009 0.1322 -0.7009
vn -0.8610 0.1073 -0.4971
vn -0.8584 0.1323 -0.4956
vn -0.8536 0.1691 -0.4928
vn -0.6969 0.1690 -0.6969
vn -0.9604 0.1073 -0.2573
vn -0.9574 0.1322 -0.2565
vn -0.9942 0.1073 0.0000
vn -0.9912 0.1323 0.0000
vn -0.9856 0.1691 0.0000
vn -0.9520 0.1690 -0.2551
vn -0.9604 0.1073 0.2573
vn -0.9574 0.1322 0.2565
vn -0.8610 0.1073 0.4971
vn -0.8584 0.1323 0.4956
vn -0.8536 0.1691 0.4928
vn -0.9520 0.1690 0.2551
vn -0.7030 0.1073 0.7030
vn -0.7009 0.1322 0.7009
vn -0.4971 0.1073 0.8610
vn -0.4956 0.1323 0.8584
vn -0.4928 0.1691 0.8536
vn -0.6969 0.1690 0.6969
vn -0.2573 0.1073 0.9604
vn -0.2565 0.1322 0.9574
vn -0.0000 0.1073 0.9942
vn -0.0000 0.1323 0.9912
vn -0.0000 0.1691 0.9856
vn -0.2551 0.1690 0.9520
vn 0.2573 0.1073 0.9604
vn 0.2565 0.1322 0.9574
vn 0.4971 0.1073 0.8610
vn 0.4956 0.1323 0.8584
vn 0.4928 0.1691 0.8536
vn 0.2551 0.1690 0.9520
vn 0.7030 0.1073 0.7030
vn 0.7009 0.1322 0.7009
vn 0.8610 0.1073 0.4971
vn 0.8584 0.1323 0.4956
vn 0.8536 0.1691 0.4928
vn 0.6969 0.1690 0.6969
vn 0.9604 0.1073 0.2573
vn 0.9574 0.1322 0.2565
vn 0.9520 0.1690 0.2551
vn 0.8644 -0.0619 -0.4990
vn 0.8640 0.0691 -0.4988
vn 0.9636 0.0691 -0.2582
vn 0.9641 -0.0619 -0.2583
vn 0.9976 0.0691 0.0000
vn 0.9981 -0.0619 0.0000
vn 0.4990 -0.0619 -0.8644
vn 0.4988 0.0691 -0.8640
vn 0.7054 0.0691 -0.7054
vn 0.7058 -0.0619 -0.7057
vn 0.0000 -0.0619 -0.9981
vn 0.0000 0.0691 -0.9976
vn 0.2582 0.0691 -0.9636
vn 0.2583 -0.0619 -0.9641
vn -0.4990 -0.0619 -0.8644
vn -0.4988 0.0691 -0.8640
vn -0.2582 0.0691 -0.9636
vn -0.2583 -0.0619 -0.9641
vn -0.8644 -0.0619 -0.4990
vn -0.8640 0.0691 -0.4988
vn -0.7054 0.0691 -0.7054
vn -0.7058 -0.0619 -0.7057
vn -0.9981 -0.0619 -0.0000
vn -0.9976 0.0691 -0.0000
vn -0.9636 0.0691 -0.2582
vn -0.9641 -0.0619 -0.2583
vn -0.8644 -0.0619 0.4990
vn -0.8640 0.0691 0.4988
vn -0.9636 0.0691 0.2582
vn -0.9641 -0.0619 0.2583
vn -0.4990 -0.0619 0.8644
vn -0.4988 0.0691 0.8640
vn -0.7054 0.0691 0.7054
vn -0.7058 -0.0619 0.7057
vn -0.0000 -0.0619 0.9981
vn -0.0000 0.0691 0.9976
vn -0.2582 0.0691 0.9636
vn -0.2583 -0.0619 0.9641
vn 0.4990 -0.0619 0.8644
vn 0.4988 0.0691 0.8640
vn 0.2582 0.0691 0.9636
vn 0.2583 -0.0619 0.9641
vn 0.8644 -0.0619 0.4990
vn 0.8640 0.0691 0.4988
vn 0.7054 0.0691 0.7054
vn 0.7057 -0.0619 0.7058
vn 0.9636 0.0691 0.2582
vn 0.9641 -0.0619 0.2583
vn 0.7845 0.4236 -0.4529
vn 0.6351 0.6799 -0.3666
vn 0.7083 0.6800 -0.1898
vn 0.8750 0.4236 -0.2345
vn 0.3784 0.8995 -0.2185
vn 0.4219 0.8996 -0.1130
vn 0.4370 0.8995 0.0000
vn 0.7333 0.6799 0.0000
vn 0.9058 0.4236 0.0000
vn 0.4529 0.4236 -0.7845
vn 0.3666 0.6799 -0.6351
vn 0.5185 0.6800 -0.5185
vn 0.6405 0.4236 -0.6405
vn 0.2185 0.8995 -0.3784
vn 0.3088 0.8996 -0.3088
vn -0.0000 0.4236 -0.9058
vn 0.0000 0.6799 -0.7333
vn 0.1898 0.6800 -0.7083
vn 0.2345 0.4236 -0.8750
vn 0.0000 0.8995 -0.4370
vn 0.1130 0.8996 -0.4219
vn -0.4529 0.4236 -0.7845
vn -0.3666 0.6799 -0.6351
vn -0.1898 0.6800 -0.7083
vn -0.2345 0.4236 -0.8750
vn -0.2185 0.8995 -0.3784
vn -0.1130 0.8996 -0.4219
vn -0.7845 0.4236 -0.4529
vn -0.6351 0.6799 -0.3666
vn -0.5185 0.6800 -0.5185
vn -0.6405 0.4236 -0.6405
vn -0.3784 0.8995 -0.2185
vn -0.3088 0.8996 -0.3088
vn -0.9058 0.4236 -0.0000
vn -0.7333 0.6799 -0.0000
vn -0.7083 0.6800 -0.1898
vn -0.8750 0.4236 -0.2345
vn -0.4370 0.8995 -0.0000
vn -0.4219 0.8996 -0.1130
vn -0.7845 0.4236 0.4529
vn -0.6351 0.6799 0.3666
vn -0.7083 0.6800 0.1898
vn -0.8750 0.4236 0.2345
vn -0.3784 0.8995 0.2185
vn -0.4219 0.8996 0.1130
vn -0.4529 0.4236 0.7845
vn -0.3666 0.6799 0.6351
vn -0.5185 0.6800 0.5185
vn -0.6405 0.4236 0.6405
vn -0.2185 0.8995 0.3784
vn -0.3088 0.8996 0.3088
vn -0.0000 0.4236 0.9058
vn -0.0000 0.6799 0.7333
vn -0.1898 0.6800 0.7083
vn -0.2345 0.4236 0.8750
vn -0.0000 0.8995 0.4370
vn -0.1130 0.8996 0.4219
vn 0.4529 0.4236 0.7845
vn 0.3666 0.6799 0.6351
vn 0.1898 0.6800 0.7083
vn 0.2345 0.4236 0.8750
vn 0.2185 0.8995 0.3784
vn 0.1130 0.8996 0.4219
vn 0.7845 0.4236 0.4529
vn 0.6351 0.6799 0.3666
vn 0.5185 0.6800 0.5185
vn 0.6405 0.4236 0.6405
vn 0.3784 0.8995 0.2185
vn 0.3088 0.8996 0.3088
vn 0.7083 0.6800 0.1898
vn 0.8750 0.4236 0.2345
vn 0.4219 0.8996 0.1130
vn 0.1288 0.9889 -0.0744
vn 0.1435 0.9889 -0.0384
vn 0.1202 0.9903 -0.0694
vn 0.1344 0.9903 -0.0360
vn 0.1387 0.9903 0.0000
vn 0.1487 0.9889 0.0000
vn 0.0744 0.9889 -0.1288
vn 0.1050 0.9889 -0.1050
vn 0.0694 0.9903 -0.1202
vn 0.0984 0.9903 -0.0984
vn 0.0000 0.9889 -0.1487
vn 0.0384 0.9889 -0.1435
vn 0.0000 0.9903 -0.1387
vn 0.0360 0.9903 -0.1344
vn -0.0744 0.9889 -0.1288
vn -0.0384 0.9889 -0.1435
vn -0.0694 0.9903 -0.1202
vn -0.0360 0.9903 -0.1344
vn -0.1288 0.9889 -0.0744
vn -0.1050 0.9889 -0.1050
vn -0.1202 0.9903 -0.0694
vn -0.0984 0.9903 -0.0984
vn -0.1487 0.9889 -0.0000
vn -0.1435 0.9889 -0.0384
vn -0.1387 0.9903 -0.0000
vn -0.1344 0.9903 -0.0360
vn -0.1288 0.9889 0.0744
vn -0.1435 0.9889 0.0384
vn -0.1202 0.9903 0.0694
vn -0.1344 0.9903 0.0360
vn -0.0744 0.9889 0.1288
vn -0.1050 0.9889 0.1050
vn -0.0694 0.9903 0.1202
vn -0.0984 0.9903 0.0984
vn -0.0000 0.9889 0.1487
vn -0.0384 0.9889 0.1435
vn -0.0000 0.9903 0.1387
vn -0.0360 0.9903 0.1344
vn 0.0744 0.9889 0.1288
vn 0.0384 0.9889 0.1435
vn 0.0694 0.9903 0.1202
vn 0.0360 0.9903 0.1344
vn 0.1288 0.9889 0.0744
vn 0.1050 0.9889 0.1050
vn 0.1202 0.9903 0.0694
vn 0.0984 0.9903 0.0984
vn 0.1435 0.9889 0.0384
vn 0.1344 0.9903 0.0360
vn 0.3522 -0.9135 -0.2034
vn 0.1150 -0.9911 -0.0664
vn 0.1285 -0.9911 -0.0344
vn 0.3937 -0.9132 -0.1055
vn 0.2105 -0.9700 -0.1215
vn 0.2345 -0.9701 -0.0628
vn 0.2430 -0.9700 -0.0000
vn 0.1328 -0.9911 -0.0000
vn 0.4067 -0.9135 0.0000
vn 0.2034 -0.9135 -0.3522
vn 0.0664 -0.9911 -0.1150
vn 0.0940 -0.9911 -0.0940
vn 0.2882 -0.9132 -0.2882
vn 0.1215 -0.9700 -0.2105
vn 0.1717 -0.9701 -0.1717
vn -0.0000 -0.9135 -0.4067
vn 0.0000 -0.9911 -0.1328
vn 0.0344 -0.9911 -0.1284
vn 0.1055 -0.9132 -0.3937
vn 0.0000 -0.9700 -0.2430
vn 0.0628 -0.9701 -0.2345
vn -0.2034 -0.9135 -0.3522
vn -0.0664 -0.9911 -0.1150
vn -0.0344 -0.9911 -0.1284
vn -0.1055 -0.9132 -0.3937
vn -0.1215 -0.9700 -0.2105
vn -0.0628 -0.9701 -0.2345
vn -0.3522 -0.9135 -0.2034
vn -0.1150 -0.9911 -0.0664
vn -0.0940 -0.9911 -0.0940
vn -0.2882 -0.9132 -0.2882
vn -0.2105 -0.9700 -0.1215
vn -0.1717 -0.9701 -0.1717
vn -0.4067 -0.9135 -0.0000
vn -0.1328 -0.9911 -0.0000
vn -0.1285 -0.9911 -0.0344
vn -0.3937 -0.9132 -0.1055
vn -0.2430 -0.9700 -0.0000
vn -0.2345 -0.9701 -0.0628
vn -0.3522 -0.9135 0.2034
vn -0.1150 -0.9911 0.0664
vn -0.1285 -0.9911 0.0344
vn -0.3937 -0.9132 0.1055
vn -0.2105 -0.9700 0.1215
vn -0.2345 -0.9701 0.0628
vn -0.2034 -0.9135 0.3522
vn -0.0664 -0.9911 0.1150
vn -0.0940 -0.9911 0.0940
vn -0.2882 -0.9132 0.2882
vn -0.1215 -0.9700 0.2105
vn -0.1717 -0.9701 0.1717
vn -0.0000 -0.9135 0.4067
vn -0.0000 -0.9911 0.1328
vn -0.0344 -0.9911 0.1285
vn -0.1055 -0.9132 0.3937
vn -0.0000 -0.9700 0.2430
vn -0.0628 -0.9701 0.2345
vn 0.2034 -0.9135 0.3522
vn 0.0664 -0.9911 0.1150
vn 0.0344 -0.9911 0.1284
vn 0.1055 -0.9132 0.3937
vn 0.1215 -0.9700 0.2105
vn 0.0628 -0.9701 0.2345
vn 0.3522 -0.9135 0.2034
vn 0.1150 -0.9911 0.0664
vn 0.0940 -0.9911 0.0940
vn 0.2882 -0.9132 0.2882
vn 0.2105 -0.9700 0.1215
vn 0.1717 -0.9701 0.1717
vn 0.1285 -0.9911 0.0344
vn 0.3937 -0.9132 0.1055
vn 0.2345 -0.9701 0.0628
vn 0.5551 -0.7676 -0.3205
vn 0.6188 -0.7679 -0.1658
vn 0.7269 -0.5436 -0.4197
vn 0.8109 -0.5434 -0.2173
vn 0.8393 -0.5436 0.0000
vn 0.6410 -0.7676 0.0000
vn 0.3205 -0.7676 -0.5551
vn 0.4530 -0.7679 -0.4530
vn 0.4197 -0.5436 -0.7269
vn 0.5936 -0.5434 -0.5936
vn 0.0000 -0.7676 -0.6410
vn 0.1658 -0.7679 -0.6188
vn -0.0000 -0.5436 -0.8393
vn 0.2173 -0.5434 -0.8109
vn -0.3205 -0.7676 -0.5551
vn -0.1658 -0.7679 -0.6188
vn -0.4197 -0.5436 -0.7269
vn -0.2173 -0.5434 -0.8109
vn -0.5551 -0.7676 -0.3205
vn -0.4530 -0.7679 -0.4530
vn -0.7269 -0.5436 -0.4197
vn -0.5936 -0.5434 -0.5936
vn -0.6410 -0.7676 -0.0000
vn -0.6188 -0.7679 -0.1658
vn -0.8393 -0.5436 -0.0000
vn -0.8109 -0.5434 -0.2173
vn -0.5551 -0.7676 0.3205
vn -0.6188 -0.7679 0.1658
vn -0.7269 -0.5436 0.4197
vn -0.8109 -0.5434 0.2173
vn -0.3205 -0.7676 0.5551
vn -0.4530 -0.7679 0.4530
vn -0.4197 -0.5436 0.7269
vn -0.5936 -0.5434 0.5936
vn -0.0000 -0.7676 0.6410
vn -0.1658 -0.7679 0.6188
vn -0.0000 -0.5436 0.8393
vn -0.2173 -0.5434 0.8109
vn 0.3205 -0.7676 0.5551
vn 0.1658 -0.7679 0.6188
vn 0.4197 -0.5436 0.7269
vn 0.2173 -0.5434 0.8109
vn 0.5551 -0.7676 0.3205
vn 0.4530 -0.7679 0.4530
vn 0.7269 -0.5436 0.4197
vn 0.5936 -0.5434 0.5936
vn 0.6188 -0.7679 0.1658
vn 0.8109 -0.5434 0.2173
vn 0.8387 0.2494 -0.4842
vn 0.9354 0.2493 -0.2506
vn 0.9684 0.2494 0.0000
vn 0.4842 0.2494 -0.8387
vn 0.6848 0.2493 -0.6848
vn -0.0000 0.2494 -0.9684
vn 0.2506 0.2493 -0.9354
vn -0.4842 0.2494 -0.8387
vn -0.2506 0.2493 -0.9354
vn -0.8387 0.2494 -0.4842
vn -0.6848 0.2493 -0.6848
vn -0.9684 0.2494 0.0000
vn -0.9354 0.2493 -0.2506
vn -0.8387 0.2494 0.4842
vn -0.9354 0.2493 0.2506
vn -0.4842 0.2494 0.8387
vn -0.6848 0.2493 0.6848
vn -0.0000 0.2494 0.9684
vn -0.2506 0.2493 0.9354
vn 0.4842 0.2494 0.8387
vn 0.2506 0.2493 0.9354
vn 0.8387 0.2494 0.4842
vn 0.6848 0.2493 0.6848
vn 0.9354 0.2493 0.2506
vn 0.8660 0.0000 -0.5000
vn 0.9659 0.0000 -0.2588
vn 0.8660 -0.0000 -0.5000
vn 1.0000 -0.0000 0.0000
vn 1.0000 0.0000 0.0000
vn 0.5000 0.0000 -0.8660
vn 0.7071 0.0000 -0.7071
vn 0.5000 -0.0000 -0.8660
vn 0.0000 0.0000 -1.0000
vn 0.2588 0.0000 -0.9659
vn -0.0000 -0.0000 -1.0000
vn -0.5000 0.0000 -0.8660
vn -0.5000 -0.0000 -0.8660
vn -0.2588 0.0000 -0.9659
vn -0.8660 0.0000 -0.5000
vn -0.7071 0.0000 -0.7071
vn -1.0000 0.0000 -0.0000
vn -0.9659 0.0000 -0.2588
vn -1.0000 -0.0000 -0.0000
vn -0.8660 0.0000 0.5000
vn -0.9659 0.0000 0.2588
vn -0.9659 -0.0000 0.2588
vn -0.8660 -0.0000 0.5000
vn -0.5000 0.0000 0.8660
vn -0.7071 0.0000 0.7071
vn -0.5000 -0.0000 0.8660
vn -0.0000 0.0000 1.0000
vn -0.2588 0.0000 0.9659
vn -0.0000 -0.0000 1.0000
vn 0.5000 0.0000 0.8660
vn 0.2588 0.0000 0.9659
vn 0.5000 -0.0000 0.8660
vn 0.8660 -0.0000 0.5000
vn 0.8660 0.0000 0.5000
vn 0.7071 0.0000 0.7071
vn 0.7071 -0.0000 0.7071
vn 0.9659 0.0000 0.2588
vn 0.9659 -0.0000 0.2588
vn 0.5565 -0.8309 0.0000
vn 0.5385 -0.8302 -0.1443
vn 0.0846 -0.9962 -0.0227
vn 0.0872 -0.9962 0.0000
vn 0.4819 -0.8309 -0.2782
vn 0.0755 -0.9962 -0.0436
vn -0.0000 -1.0000 0.0000
vn -0.0000 -1.0000 -0.0000
vn 0.3942 -0.8302 -0.3942
vn 0.0619 -0.9962 -0.0619
vn 0.2782 -0.8309 -0.4819
vn 0.0436 -0.9962 -0.0755
vn 0.1443 -0.8302 -0.5385
vn 0.0227 -0.9962 -0.0846
vn 0.0000 -0.8309 -0.5565
vn -0.0000 -0.9962 -0.0872
vn -0.1443 -0.8302 -0.5385
vn -0.0227 -0.9962 -0.0846
vn -0.2782 -0.8309 -0.4819
vn -0.0436 -0.9962 -0.0755
vn 0.0000 -1.0000 0.0000
vn 0.0000 -1.0000 -0.0000
vn -0.3942 -0.8302 -0.3942
vn -0.0619 -0.9962 -0.0619
vn -0.4819 -0.8309 -0.2782
vn -0.0755 -0.9962 -0.0436
vn -0.5385 -0.8302 -0.1443
vn -0.0846 -0.9962 -0.0227
vn -0.5565 -0.8309 -0.0000
vn -0.0872 -0.9962 -0.0000
vn -0.5385 -0.8302 0.1443
vn -0.0846 -0.9962 0.0227
vn -0.4819 -0.8309 0.2782
vn -0.0755 -0.9962 0.0436
vn -0.3942 -0.8302 0.3942
vn -0.0619 -0.9962 0.0619
vn -0.2782 -0.8309 0.4819
vn -0.0436 -0.9962 0.0755
vn -0.1443 -0.8302 0.5385
vn -0.0227 -0.9962 0.0846
vn -0.0000 -0.8309 0.5565
vn -0.0000 -0.9962 0.0872
vn 0.1443 -0.8302 0.5385
vn 0.0227 -0.9962 0.0846
vn 0.2782 -0.8309 0.4819
vn 0.0436 -0.9962 0.0755
vn 0.3942 -0.8302 0.3942
vn 0.0619 -0.9962 0.0619
vn 0.4819 -0.8309 0.2782
vn 0.0755 -0.9962 0.0436
vn 0.5385 -0.8302 0.1443
vn 0.0846 -0.9962 0.0227
vn 0.9659 -0.0000 -0.2588
vn 0.0000 -0.0000 -1.0000
vn -0.8660 -0.0000 -0.5000
vn -0.7071 -0.0000 -0.7071
vn -0.9659 -0.0000 -0.2588
vn -0.7071 -0.0000 0.7071
vn -0.2588 -0.0000 0.9659
vn 0.2588 -0.0000 0.9659
vn 0.7530 0.6580 0.0000
vn 0.7270 0.6585 -0.1948
vn 0.2232 0.9729 -0.0598
vn 0.2313 0.9729 0.0000
vn 0.6522 0.6580 -0.3765
vn 0.2004 0.9729 -0.1157
vn 0.2705 0.9500 -0.1562
vn 0.3025 0.9497 -0.0811
vn 0.3124 0.9500 0.0000
vn 0.5322 0.6585 -0.5322
vn 0.1634 0.9729 -0.1634
vn 0.3765 0.6580 -0.6521
vn 0.1157 0.9729 -0.2004
vn 0.1562 0.9500 -0.2705
vn 0.2215 0.9497 -0.2215
vn 0.1948 0.6585 -0.7270
vn 0.0598 0.9729 -0.2232
vn 0.0000 0.6580 -0.7530
vn 0.0000 0.9729 -0.2313
vn -0.0000 0.9500 -0.3124
vn 0.0811 0.9497 -0.3026
vn -0.1948 0.6585 -0.7270
vn -0.0598 0.9729 -0.2232
vn -0.3765 0.6580 -0.6521
vn -0.1157 0.9729 -0.2004
vn -0.1562 0.9500 -0.2705
vn -0.0811 0.9497 -0.3026
vn -0.5322 0.6585 -0.5322
vn -0.1634 0.9729 -0.1634
vn -0.6522 0.6580 -0.3765
vn -0.2004 0.9729 -0.1157
vn -0.2705 0.9500 -0.1562
vn -0.2215 0.9497 -0.2215
vn -0.7270 0.6585 -0.1948
vn -0.2232 0.9729 -0.0598
vn -0.7530 0.6580 -0.0000
vn -0.2313 0.9729 -0.0000
vn -0.3124 0.9500 -0.0000
vn -0.3025 0.9497 -0.0811
vn -0.7270 0.6585 0.1948
vn -0.2232 0.9729 0.0598
vn -0.6522 0.6580 0.3765
vn -0.2004 0.9729 0.1157
vn -0.2705 0.9500 0.1562
vn -0.3025 0.9497 0.0811
vn -0.5322 0.6585 0.5322
vn -0.1634 0.9729 0.1634
vn -0.3765 0.6580 0.6522
vn -0.1157 0.9729 0.2004
vn -0.1562 0.9500 0.2705
vn -0.2215 0.9497 0.2215
vn -0.1948 0.6585 0.7270
vn -0.0598 0.9729 0.2232
vn -0.0000 0.6580 0.7530
vn -0.0000 0.9729 0.2313
vn -0.0000 0.9500 0.3124
vn -0.0811 0.9497 0.3025
vn 0.1948 0.6585 0.7270
vn 0.0598 0.9729 0.2232
vn 0.3765 0.6580 0.6522
vn 0.1157 0.9729 0.2004
vn 0.1562 0.9500 0.2705
vn 0.0811 0.9497 0.3025
vn 0.5322 0.6585 0.5322
vn 0.1634 0.9729 0.1634
vn 0.6522 0.6580 0.3765
vn 0.2004 0.9729 0.1157
vn 0.2705 0.9500 0.1562
vn 0.2215 0.9497 0.2215
vn 0.7270 0.6585 0.1948
vn 0.2232 0.9729 0.0598
vn 0.3025 0.9497 0.0811
vn 0.0886 -0.9948 -0.0512
vn 0.0986 -0.9948 -0.0264
vn 0.5205 -0.7992 -0.3005
vn 0.5800 -0.7997 -0.1554
vn 0.6010 -0.7992 0.0000
vn 0.1023 -0.9948 0.0000
vn 0.0512 -0.9948 -0.0886
vn 0.0722 -0.9948 -0.0722
vn 0.3005 -0.7992 -0.5205
vn 0.4246 -0.7997 -0.4246
vn -0.0000 -0.9948 -0.1023
vn 0.0264 -0.9948 -0.0986
vn 0.0000 -0.7992 -0.6010
vn 0.1554 -0.7997 -0.5800
vn -0.0512 -0.9948 -0.0886
vn -0.0264 -0.9948 -0.0986
vn -0.3005 -0.7992 -0.5205
vn -0.1554 -0.7997 -0.5800
vn -0.0886 -0.9948 -0.0512
vn -0.0722 -0.9948 -0.0722
vn -0.5205 -0.7992 -0.3005
vn -0.4246 -0.7997 -0.4246
vn -0.1023 -0.9948 -0.0000
vn -0.0986 -0.9948 -0.0264
vn -0.6010 -0.7992 -0.0000
vn -0.5800 -0.7997 -0.1554
vn -0.0886 -0.9948 0.0512
vn -0.0986 -0.9948 0.0264
vn -0.5205 -0.7992 0.3005
vn -0.5800 -0.7997 0.1554
vn -0.0512 -0.9948 0.0886
vn -0.0722 -0.9948 0.0722
vn -0.3005 -0.7992 0.5205
vn -0.4246 -0.7997 0.4246
vn -0.0000 -0.9948 0.1023
vn -0.0264 -0.9948 0.0986
vn -0.0000 -0.7992 0.6010
vn -0.1554 -0.7997 0.5800
vn 0.0512 -0.9948 0.0886
vn 0.0264 -0.9948 0.0986
vn 0.3005 -0.7992 0.5205
vn 0.1554 -0.7997 0.5800
vn 0.0886 -0.9948 0.0512
vn 0.0722 -0.9948 0.0722
vn 0.5205 -0.7992 0.3005
vn 0.4246 -0.7997 0.4246
vn 0.0986 -0.9948 0.0264
vn 0.5800 -0.7997 0.1554
vn 0.8577 0.1386 -0.4952
vn 0.9566 0.1386 -0.2563
vn 0.9903 0.1386 0.0000
vn 0.9670 -0.2546 0.0000
vn 0.9341 -0.2547 -0.2503
vn 0.8375 -0.2546 -0.4835
vn 0.4952 0.1386 -0.8577
vn 0.7003 0.1386 -0.7003
vn 0.6838 -0.2547 -0.6838
vn 0.4835 -0.2546 -0.8375
vn 0.0000 0.1386 -0.9903
vn 0.2563 0.1386 -0.9566
vn 0.2503 -0.2547 -0.9341
vn 0.0000 -0.2546 -0.9670
vn -0.4952 0.1386 -0.8577
vn -0.2563 0.1386 -0.9566
vn -0.2503 -0.2547 -0.9341
vn -0.4835 -0.2546 -0.8375
vn -0.8577 0.1386 -0.4952
vn -0.7003 0.1386 -0.7003
vn -0.6838 -0.2547 -0.6838
vn -0.8375 -0.2546 -0.4835
vn -0.9903 0.1386 0.0000
vn -0.9566 0.1386 -0.2563
vn -0.9341 -0.2547 -0.2503
vn -0.9670 -0.2546 0.0000
vn -0.8577 0.1386 0.4952
vn -0.9566 0.1386 0.2563
vn -0.9341 -0.2547 0.2503
vn -0.8375 -0.2546 0.4835
vn -0.4952 0.1386 0.8577
vn -0.7003 0.1386 0.7003
vn -0.6838 -0.2547 0.6838
vn -0.4835 -0.2546 0.8375
vn -0.0000 0.1386 0.9903
vn -0.2563 0.1386 0.9566
vn -0.2503 -0.2547 0.9341
vn 0.0000 -0.2546 0.9670
vn 0.4952 0.1386 0.8577
vn 0.2563 0.1386 0.9566
vn 0.2503 -0.2547 0.9341
vn 0.4835 -0.2546 0.8375
vn 0.8577 0.1386 0.4952
vn 0.7003 0.1386 0.7003
vn 0.6838 -0.2547 0.6838
vn 0.8375 -0.2546 0.4835
vn 0.9566 0.1386 0.2563
vn 0.9341 -0.2547 0.2503
vn 0.8354 -0.2637 -0.4823
vn 0.9318 -0.2634 -0.2497
vn 0.9646 -0.2637 0.0000
vn 0.7747 0.6323 0.0000
vn 0.7490 0.6314 -0.2007
vn 0.6709 0.6323 -0.3873
vn 0.4823 -0.2637 -0.8354
vn 0.6821 -0.2634 -0.6821
vn 0.5484 0.6314 -0.5484
vn 0.3873 0.6323 -0.6709
vn -0.0000 -0.2637 -0.9646
vn 0.2497 -0.2634 -0.9318
vn 0.2007 0.6314 -0.7491
vn 0.0000 0.6323 -0.7747
vn -0.4823 -0.2637 -0.8354
vn -0.2497 -0.2634 -0.9318
vn -0.2007 0.6314 -0.7491
vn -0.3873 0.6323 -0.6709
vn -0.8354 -0.2637 -0.4823
vn -0.6821 -0.2634 -0.6821
vn -0.5484 0.6314 -0.5484
vn -0.6709 0.6323 -0.3873
vn -0.9646 -0.2637 -0.0000
vn -0.9318 -0.2634 -0.2497
vn -0.7490 0.6314 -0.2007
vn -0.7746 0.6324 0.0000
vn -0.8354 -0.2637 0.4823
vn -0.9318 -0.2634 0.2497
vn -0.7490 0.6314 0.2007
vn -0.6709 0.6323 0.3873
vn -0.4823 -0.2637 0.8354
vn -0.6821 -0.2634 0.6821
vn -0.5484 0.6314 0.5484
vn -0.3873 0.6323 0.6709
vn -0.0000 -0.2637 0.9646
vn -0.2497 -0.2634 0.9318
vn -0.2007 0.6314 0.7490
vn -0.0000 0.6324 0.7746
vn 0.4823 -0.2637 0.8354
vn 0.2497 -0.2634 0.9318
vn 0.2007 0.6314 0.7490
vn 0.3873 0.6323 0.6709
vn 0.8354 -0.2637 0.4823
vn 0.6821 -0.2634 0.6821
vn 0.5484 0.6314 0.5484
vn 0.6709 0.6323 0.3873
vn 0.9318 -0.2634 0.2497
vn 0.7491 0.6314 0.2007
vn 0.4862 -0.8275 -0.2807
vn 0.5417 -0.8279 -0.1452
vn 0.0920 -0.9955 -0.0246
vn 0.0826 -0.9954 -0.0477
vn 0.5614 -0.8275 0.0000
vn 0.0954 -0.9954 -0.0000
vn 0.2807 -0.8275 -0.4862
vn 0.3966 -0.8279 -0.3966
vn 0.0673 -0.9955 -0.0673
vn 0.0477 -0.9954 -0.0826
vn -0.0000 -0.8275 -0.5614
vn 0.1452 -0.8279 -0.5417
vn 0.0246 -0.9955 -0.0920
vn 0.0000 -0.9954 -0.0954
vn -0.2807 -0.8275 -0.4862
vn -0.1452 -0.8279 -0.5417
vn -0.0246 -0.9955 -0.0920
vn -0.0477 -0.9954 -0.0826
vn -0.4862 -0.8275 -0.2807
vn -0.3966 -0.8279 -0.3966
vn -0.0673 -0.9955 -0.0673
vn -0.0826 -0.9954 -0.0477
vn -0.5614 -0.8275 -0.0000
vn -0.5417 -0.8279 -0.1452
vn -0.0920 -0.9955 -0.0246
vn -0.0954 -0.9954 -0.0000
vn -0.4862 -0.8275 0.2807
vn -0.5417 -0.8279 0.1452
vn -0.0920 -0.9955 0.0246
vn -0.0826 -0.9954 0.0477
vn -0.2807 -0.8275 0.4862
vn -0.3966 -0.8279 0.3966
vn -0.0673 -0.9955 0.0673
vn -0.0477 -0.9954 0.0826
vn -0.0000 -0.8275 0.5614
vn -0.1452 -0.8279 0.5417
vn -0.0246 -0.9955 0.0920
vn -0.0000 -0.9954 0.0954
vn 0.2807 -0.8275 0.4862
vn 0.1452 -0.8279 0.5417
vn 0.0246 -0.9955 0.0920
vn 0.0477 -0.9954 0.0826
vn 0.4862 -0.8275 0.2807
vn 0.3966 -0.8279 0.3966
vn 0.0673 -0.9955 0.0673
vn 0.0826 -0.9954 0.0477
vn 0.5417 -0.8279 0.1452
vn 0.0920 -0.9955 0.0246
vn 0.7658 -0.4670 -0.4421
vn 0.8544 -0.4664 -0.2289
vn 0.8842 -0.4670 0.0000
vn 0.9420 -0.3357 0.0000
vn 0.9099 -0.3357 -0.2438
vn 0.8158 -0.3357 -0.4710
vn 0.4421 -0.4670 -0.7658
vn 0.6255 -0.4664 -0.6255
vn 0.6661 -0.3357 -0.6661
vn 0.4710 -0.3357 -0.8158
vn -0.0000 -0.4670 -0.8842
vn 0.2289 -0.4664 -0.8544
vn 0.2438 -0.3357 -0.9099
vn 0.0000 -0.3357 -0.9420
vn -0.4421 -0.4670 -0.7658
vn -0.2289 -0.4664 -0.8544
vn -0.2438 -0.3357 -0.9099
vn -0.4710 -0.3357 -0.8158
vn -0.7658 -0.4670 -0.4421
vn -0.6255 -0.4664 -0.6255
vn -0.6661 -0.3357 -0.6661
vn -0.8158 -0.3357 -0.4710
vn -0.8842 -0.4670 -0.0000
vn -0.8544 -0.4664 -0.2289
vn -0.9099 -0.3357 -0.2438
vn -0.9420 -0.3357 -0.0000
vn -0.7658 -0.4670 0.4421
vn -0.8544 -0.4664 0.2289
vn -0.9099 -0.3357 0.2438
vn -0.8158 -0.3357 0.4710
vn -0.4421 -0.4670 0.7658
vn -0.6255 -0.4664 0.6255
vn -0.6661 -0.3357 0.6661
vn -0.4710 -0.3357 0.8158
vn -0.0000 -0.4670 0.8842
vn -0.2289 -0.4664 0.8544
vn -0.2438 -0.3357 0.9099
vn -0.0000 -0.3357 0.9420
vn 0.4421 -0.4670 0.7658
vn 0.2289 -0.4664 0.8544
vn 0.2438 -0.3357 0.9099
vn 0.4710 -0.3357 0.8158
vn 0.7658 -0.4670 0.4421
vn 0.6255 -0.4664 0.6255
vn 0.6661 -0.3357 0.6661
vn 0.8158 -0.3357 0.4710
vn 0.8544 -0.4664 0.2289
vn 0.9099 -0.3357 0.2438
vn 0.8096 -0.3551 -0.4674
vn 0.9030 -0.3551 -0.2420
vn 0.9348 -0.3551 0.0000
vn 0.4674 -0.3551 -0.8096
vn 0.6610 -0.3551 -0.6610
vn 0.0000 -0.3551 -0.9348
vn 0.2420 -0.3551 -0.9030
vn -0.4674 -0.3551 -0.8096
vn -0.2420 -0.3551 -0.9030
vn -0.8096 -0.3551 -0.4674
vn -0.6610 -0.3551 -0.6610
vn -0.9348 -0.3551 -0.0000
vn -0.9030 -0.3551 -0.2420
vn -0.8096 -0.3551 0.4674
vn -0.9030 -0.3551 0.2420
vn -0.4674 -0.3551 0.8096
vn -0.6610 -0.3551 0.6610
vn -0.0000 -0.3551 0.9348
vn -0.2420 -0.3551 0.9030
vn 0.4674 -0.3551 0.8096
vn 0.2419 -0.3551 0.9030
vn 0.8096 -0.3551 0.4674
vn 0.6610 -0.3551 0.6610
vn 0.9030 -0.3551 0.2420
vn 0.7832 0.5853 -0.2098
vn 0.8103 0.5860 0.0000
vn 0.7017 0.5860 -0.4051
vn 0.6741 0.6278 -0.3892
vn 0.7515 0.6283 -0.2014
vn 0.7784 0.6278 0.0000
vn 0.5733 0.5853 -0.5733
vn 0.4052 0.5860 -0.7018
vn 0.3892 0.6277 -0.6741
vn 0.5501 0.6283 -0.5501
vn 0.2099 0.5853 -0.7832
vn 0.0000 0.5860 -0.8103
vn 0.0000 0.6278 -0.7784
vn 0.2014 0.6282 -0.7515
vn -0.2099 0.5853 -0.7832
vn -0.4052 0.5860 -0.7018
vn -0.3892 0.6278 -0.6741
vn -0.2014 0.6282 -0.7515
vn -0.5733 0.5853 -0.5733
vn -0.7017 0.5860 -0.4052
vn -0.6741 0.6278 -0.3892
vn -0.5501 0.6283 -0.5501
vn -0.7832 0.5853 -0.2098
vn -0.8103 0.5860 -0.0000
vn -0.7784 0.6278 0.0000
vn -0.7515 0.6283 -0.2014
vn -0.7832 0.5853 0.2098
vn -0.7017 0.5860 0.4052
vn -0.6741 0.6278 0.3892
vn -0.7515 0.6283 0.2014
vn -0.5733 0.5853 0.5733
vn -0.4052 0.5860 0.7017
vn -0.3892 0.6278 0.6741
vn -0.5501 0.6283 0.5501
vn -0.2098 0.5853 0.7832
vn -0.0000 0.5860 0.8103
vn -0.0000 0.6278 0.7784
vn -0.2014 0.6283 0.7515
vn 0.2098 0.5853 0.7832
vn 0.4052 0.5860 0.7017
vn 0.3892 0.6278 0.6741
vn 0.2014 0.6283 0.7515
vn 0.5733 0.5853 0.5733
vn 0.7017 0.5860 0.4052
vn 0.6741 0.6278 0.3892
vn 0.5501 0.6283 0.5501
vn 0.7832 0.5853 0.2098
vn 0.7515 0.6283 0.2014
vn 0.2144 0.9751 -0.0574
vn 0.2224 0.9750 0.0000
vn 0.1926 0.9750 -0.1112
vn -0.0000 1.0000 0.0000
vn 0.0000 1.0000 0.0000
vn 0.1569 0.9751 -0.1569
vn 0.1113 0.9749 -0.1927
vn 0.0000 1.0000 -0.0000
vn 0.0575 0.9751 -0.2144
vn 0.0000 0.9749 -0.2225
vn -0.0000 1.0000 -0.0000
vn -0.0575 0.9751 -0.2144
vn -0.1112 0.9749 -0.1926
vn -0.1569 0.9751 -0.1569
vn -0.1926 0.9750 -0.1112
vn -0.2144 0.9751 -0.0574
vn -0.2224 0.9750 0.0000
vn -0.2144 0.9751 0.0574
vn -0.1926 0.9750 0.1112
vn 0.0001 1.0000 -0.0000
vn -0.1569 0.9751 0.1569
vn -0.1112 0.9750 0.1926
vn 0.0000 1.0000 -0.0001
vn -0.0574 0.9751 0.2144
vn -0.0000 0.9750 0.2224
vn 0.0574 0.9751 0.2144
vn 0.1112 0.9750 0.1926
vn -0.0000 1.0000 -0.0001
vn 0.1569 0.9751 0.1569
vn 0.1926 0.9750 0.1112
vn -0.0001 1.0000 -0.0000
vn 0.2144 0.9751 0.0574
vn -0.1951 0.9794 0.0523
vn -0.2013 0.9795 0.0000
vn -0.1743 0.9795 0.1006
vn -0.6601 0.6473 0.3811
vn -0.7369 0.6465 0.1975
vn -0.7623 0.6473 0.0000
vn -0.1428 0.9794 0.1428
vn -0.1006 0.9795 0.1743
vn -0.3811 0.6473 0.6601
vn -0.5395 0.6465 0.5395
vn -0.0523 0.9794 0.1951
vn -0.0000 0.9795 0.2013
vn 0.0000 0.6473 0.7622
vn -0.1975 0.6465 0.7369
vn 0.0523 0.9794 0.1951
vn 0.1006 0.9795 0.1743
vn 0.3811 0.6473 0.6601
vn 0.1975 0.6465 0.7369
vn 0.1428 0.9794 0.1428
vn 0.1743 0.9795 0.1006
vn 0.6601 0.6473 0.3811
vn 0.5395 0.6465 0.5395
vn 0.1951 0.9794 0.0523
vn 0.2013 0.9795 0.0000
vn 0.7623 0.6473 0.0000
vn 0.7369 0.6465 0.1975
vn 0.1951 0.9794 -0.0523
vn 0.1743 0.9795 -0.1006
vn 0.6601 0.6473 -0.3811
vn 0.7369 0.6465 -0.1975
vn 0.1428 0.9794 -0.1428
vn 0.1006 0.9795 -0.1743
vn 0.3811 0.6473 -0.6601
vn 0.5395 0.6465 -0.5395
vn 0.0523 0.9794 -0.1951
vn 0.0000 0.9795 -0.2013
vn 0.0000 0.6473 -0.7622
vn 0.1975 0.6465 -0.7369
vn -0.0523 0.9794 -0.1951
vn -0.1006 0.9795 -0.1743
vn -0.3811 0.6473 -0.6601
vn -0.1975 0.6465 -0.7369
vn -0.1428 0.9794 -0.1428
vn -0.1743 0.9795 -0.1006
vn -0.6601 0.6473 -0.3811
vn -0.5395 0.6465 -0.5395
vn -0.1951 0.9794 -0.0523
vn -0.7369 0.6465 -0.1975
vn -0.9594 0.1162 0.2571
vn -0.9932 0.1163 -0.0000
vn -0.8601 0.1163 0.4966
vn -0.7023 0.1162 0.7023
vn -0.4966 0.1163 0.8602
vn -0.2571 0.1162 0.9594
vn -0.0000 0.1163 0.9932
vn 0.2571 0.1162 0.9594
vn 0.4966 0.1163 0.8602
vn 0.7023 0.1162 0.7023
vn 0.8601 0.1163 0.4966
vn 0.9594 0.1162 0.2571
vn 0.9932 0.1163 0.0000
vn 0.9594 0.1162 -0.2571
vn 0.8602 0.1163 -0.4966
vn 0.7023 0.1162 -0.7023
vn 0.4966 0.1163 -0.8602
vn 0.2571 0.1162 -0.9594
vn 0.0000 0.1163 -0.9932
vn -0.2571 0.1162 -0.9594
vn -0.4966 0.1163 -0.8602
vn -0.7023 0.1162 -0.7023
vn -0.8602 0.1163 -0.4966
vn -0.9594 0.1162 -0.2571
vn -0.7867 -0.5803 0.2108
vn -0.8138 -0.5812 -0.0000
vn -0.7047 -0.5812 0.4069
vn -0.2405 -0.9607 0.1388
vn -0.2686 -0.9605 0.0720
vn -0.2777 -0.9607 -0.0000
vn -0.5759 -0.5803 0.5759
vn -0.4069 -0.5813 0.7047
vn -0.1388 -0.9607 0.2405
vn -0.1967 -0.9605 0.1967
vn -0.2108 -0.5803 0.7866
vn -0.0000 -0.5812 0.8137
vn -0.0000 -0.9607 0.2777
vn -0.0720 -0.9606 0.2686
vn 0.2108 -0.5803 0.7866
vn 0.4069 -0.5812 0.7047
vn 0.1388 -0.9607 0.2405
vn 0.0720 -0.9606 0.2686
vn 0.5759 -0.5803 0.5759
vn 0.7047 -0.5812 0.4069
vn 0.2405 -0.9607 0.1388
vn 0.1967 -0.9605 0.1967
vn 0.7866 -0.5803 0.2108
vn 0.8138 -0.5812 -0.0000
vn 0.2777 -0.9607 -0.0000
vn 0.2686 -0.9605 0.0720
vn 0.7866 -0.5803 -0.2108
vn 0.7047 -0.5812 -0.4069
vn 0.2405 -0.9607 -0.1389
vn 0.2686 -0.9605 -0.0720
vn 0.5758 -0.5804 -0.5758
vn 0.4069 -0.5812 -0.7047
vn 0.1389 -0.9607 -0.2405
vn 0.1967 -0.9605 -0.1967
vn 0.2108 -0.5803 -0.7866
vn 0.0000 -0.5812 -0.8138
vn 0.0000 -0.9607 -0.2777
vn 0.0720 -0.9605 -0.2686
vn -0.2108 -0.5803 -0.7867
vn -0.4069 -0.5812 -0.7047
vn -0.1389 -0.9607 -0.2405
vn -0.0720 -0.9605 -0.2686
vn -0.5759 -0.5803 -0.5759
vn -0.7047 -0.5812 -0.4069
vn -0.2405 -0.9607 -0.1389
vn -0.1967 -0.9605 -0.1967
vn -0.7866 -0.5804 -0.2108
vn -0.2686 -0.9605 -0.0720
vn -0.5723 -0.8056 0.1533
vn -0.5931 -0.8052 -0.0000
vn -0.5136 -0.8052 0.2965
vn -0.8260 -0.3006 0.4769
vn -0.9212 -0.3006 0.2468
vn -0.9538 -0.3006 -0.0000
vn -0.4189 -0.8056 0.4189
vn -0.2965 -0.8052 0.5136
vn -0.4769 -0.3006 0.8260
vn -0.6744 -0.3006 0.6744
vn -0.1533 -0.8056 0.5723
vn -0.0000 -0.8052 0.5931
vn -0.0000 -0.3006 0.9538
vn -0.2468 -0.3006 0.9212
vn 0.1533 -0.8056 0.5723
vn 0.2965 -0.8052 0.5136
vn 0.4769 -0.3006 0.8260
vn 0.2468 -0.3006 0.9212
vn 0.4189 -0.8056 0.4189
vn 0.5136 -0.8052 0.2965
vn 0.8260 -0.3006 0.4769
vn 0.6744 -0.3006 0.6744
vn 0.5723 -0.8056 0.1533
vn 0.5931 -0.8052 -0.0000
vn 0.9538 -0.3006 -0.0000
vn 0.9212 -0.3006 0.2468
vn 0.5723 -0.8056 -0.1533
vn 0.5136 -0.8052 -0.2965
vn 0.8260 -0.3006 -0.4769
vn 0.9212 -0.3006 -0.2468
vn 0.4190 -0.8056 -0.4190
vn 0.2965 -0.8052 -0.5136
vn 0.4769 -0.3006 -0.8260
vn 0.6744 -0.3006 -0.6744
vn 0.1533 -0.8056 -0.5723
vn 0.0000 -0.8052 -0.5931
vn 0.0000 -0.3006 -0.9538
vn 0.2468 -0.3006 -0.9212
vn -0.1533 -0.8056 -0.5723
vn -0.2965 -0.8052 -0.5136
vn -0.4769 -0.3006 -0.8260
vn -0.2468 -0.3006 -0.9212
vn -0.4190 -0.8056 -0.4190
vn -0.5136 -0.8052 -0.2965
vn -0.8260 -0.3006 -0.4769
vn -0.6744 -0.3006 -0.6744
vn -0.5723 -0.8056 -0.1533
vn -0.9212 -0.3006 -0.2468
vn -0.9658 -0.0180 0.2588
vn -0.9998 -0.0180 -0.0000
vn -0.8659 -0.0180 0.4999
vn -0.8516 0.1820 0.4917
vn -0.9498 0.1819 0.2545
vn -0.9833 0.1820 0.0000
vn -0.7070 -0.0180 0.7070
vn -0.4999 -0.0180 0.8659
vn -0.4917 0.1820 0.8516
vn -0.6953 0.1819 0.6953
vn -0.2588 -0.0180 0.9658
vn 0.0000 -0.0180 0.9998
vn 0.0000 0.1820 0.9833
vn -0.2545 0.1819 0.9498
vn 0.2588 -0.0180 0.9658
vn 0.4999 -0.0180 0.8659
vn 0.4917 0.1820 0.8516
vn 0.2545 0.1819 0.9498
vn 0.7070 -0.0180 0.7070
vn 0.8659 -0.0180 0.4999
vn 0.8516 0.1820 0.4917
vn 0.6953 0.1819 0.6953
vn 0.9658 -0.0180 0.2588
vn 0.9998 -0.0180 0.0000
vn 0.9833 0.1820 0.0000
vn 0.9498 0.1819 0.2545
vn 0.9658 -0.0180 -0.2588
vn 0.8659 -0.0180 -0.4999
vn 0.8516 0.1820 -0.4917
vn 0.9498 0.1819 -0.2545
vn 0.7070 -0.0180 -0.7070
vn 0.4999 -0.0180 -0.8659
vn 0.4917 0.1820 -0.8516
vn 0.6953 0.1819 -0.6953
vn 0.2588 -0.0180 -0.9658
vn 0.0000 -0.0180 -0.9998
vn 0.0000 0.1820 -0.9833
vn 0.2545 0.1819 -0.9498
vn -0.2588 -0.0180 -0.9658
vn -0.4999 -0.0180 -0.8659
vn -0.4917 0.1820 -0.8516
vn -0.2545 0.1819 -0.9498
vn -0.7070 -0.0180 -0.7070
vn -0.8659 -0.0180 -0.4999
vn -0.8516 0.1820 -0.4917
vn -0.6953 0.1819 -0.6953
vn -0.9658 -0.0180 -0.2588
vn -0.9498 0.1819 -0.2545
vn -0.5896 0.7921 0.1580
vn -0.6113 0.7914 0.0000
vn -0.5294 0.7914 0.3057
vn 1.0000 0.0000 -0.0000
vn -0.4316 0.7921 0.4316
vn -0.3056 0.7914 0.5294
vn -0.5000 -0.0035 0.8660
vn 0.0003 -1.0000 -0.0003
vn -0.1580 0.7921 0.5896
vn 0.0000 0.7914 0.6113
vn 0.0000 0.0000 1.0000
vn 0.1580 0.7921 0.5896
vn 0.3056 0.7914 0.5294
vn 0.5000 -0.0016 0.8660
vn 0.4316 0.7921 0.4316
vn 0.5294 0.7914 0.3057
vn -0.7071 -0.0008 -0.7071
vn 0.5896 0.7921 0.1580
vn 0.6113 0.7914 0.0000
vn 0.5896 0.7921 -0.1580
vn 0.5294 0.7914 -0.3057
vn -0.8660 0.0023 0.5000
vn 0.4316 0.7921 -0.4316
vn 0.3057 0.7914 -0.5294
vn -0.5000 -0.0101 0.8660
vn 0.1580 0.7921 -0.5896
vn 0.0000 0.7914 -0.6113
vn -0.0000 -0.0002 1.0000
vn -0.2588 0.0042 0.9659
vn -0.1580 0.7921 -0.5896
vn -0.3057 0.7914 -0.5294
vn 0.5000 -0.0008 0.8660
vn 0.2588 0.0042 0.9659
vn -0.4316 0.7921 -0.4316
vn -0.5294 0.7914 -0.3057
vn -0.5896 0.7921 -0.1580
vn -1.0000 -0.0015 -0.0000
vn -0.0001 1.0000 0.0001
vn -0.0001 1.0000 0.0000
vn 0.0001 1.0000 -0.0001
vn -0.5000 -0.0008 0.8660
vn -0.2588 -0.0012 0.9659
vn 0.0000 -0.0015 -1.0000
vn -0.0000 1.0000 0.0001
vn 0.2588 0.0008 0.9659
vn -0.5000 0.0105 -0.8660
vn -0.0001 1.0000 -0.0001
vn 0.0000 1.0000 0.0001
vn 0.7071 -0.0015 0.7071
vn 0.8660 0.0012 0.5000
vn 0.0001 1.0000 0.0001
vn 0.0001 1.0000 0.0000
vn 0.8660 -0.0075 -0.5000
vn 0.5000 -0.0045 -0.8660
vn 0.0000 0.0038 -1.0000
vn -0.5000 -0.0105 -0.8660
vn -0.8660 0.0045 -0.5000
vn -0.0466 0.9988 0.0125
vn -0.0480 0.9988 0.0000
vn -0.0416 0.9988 0.0240
vn -0.3428 0.9183 0.1979
vn -0.3833 0.9179 0.1027
vn -0.3958 0.9183 -0.0000
vn -0.0341 0.9988 0.0341
vn -0.0240 0.9988 0.0416
vn -0.1979 0.9183 0.3428
vn -0.2806 0.9179 0.2806
vn -0.0125 0.9988 0.0466
vn -0.0000 0.9988 0.0481
vn -0.0000 0.9183 0.3958
vn -0.1027 0.9179 0.3833
vn 0.0125 0.9988 0.0466
vn 0.0240 0.9988 0.0416
vn 0.1979 0.9183 0.3428
vn 0.1027 0.9179 0.3833
vn 0.0341 0.9988 0.0341
vn 0.0416 0.9988 0.0240
vn 0.3428 0.9183 0.1979
vn 0.2806 0.9179 0.2806
vn 0.0466 0.9988 0.0125
vn 0.0480 0.9988 0.0000
vn 0.3958 0.9183 0.0000
vn 0.3833 0.9179 0.1027
vn 0.0466 0.9988 -0.0125
vn 0.0416 0.9988 -0.0240
vn 0.3428 0.9183 -0.1979
vn 0.3833 0.9179 -0.1027
vn 0.0341 0.9988 -0.0341
vn 0.0240 0.9988 -0.0416
vn 0.1979 0.9183 -0.3428
vn 0.2806 0.9179 -0.2806
vn 0.0125 0.9988 -0.0466
vn 0.0000 0.9988 -0.0481
vn 0.0000 0.9183 -0.3958
vn 0.1027 0.9179 -0.3833
vn -0.0125 0.9988 -0.0466
vn -0.0240 0.9988 -0.0416
vn -0.1979 0.9183 -0.3428
vn -0.1027 0.9179 -0.3833
vn -0.0341 0.9988 -0.0341
vn -0.0416 0.9988 -0.0240
vn -0.3428 0.9183 -0.1979
vn -0.2806 0.9179 -0.2806
vn -0.0466 0.9988 -0.0125
vn -0.3833 0.9179 -0.1027
vn -0.8824 0.4068 0.2364
vn -0.9133 0.4074 -0.0000
vn -0.7909 0.4074 0.4566
vn -0.6460 0.4068 0.6460
vn -0.4566 0.4074 0.7909
vn -0.2364 0.4068 0.8824
vn -0.0000 0.4074 0.9133
vn 0.2364 0.4068 0.8824
vn 0.4566 0.4074 0.7909
vn 0.6460 0.4068 0.6460
vn 0.7909 0.4074 0.4566
vn 0.8824 0.4068 0.2364
vn 0.9133 0.4074 0.0000
vn 0.8824 0.4068 -0.2364
vn 0.7909 0.4074 -0.4566
vn 0.6460 0.4068 -0.6460
vn 0.4566 0.4074 -0.7909
vn 0.2364 0.4068 -0.8824
vn 0.0000 0.4074 -0.9132
vn -0.2364 0.4068 -0.8824
vn -0.4566 0.4074 -0.7909
vn -0.6460 0.4068 -0.6459
vn -0.7909 0.4074 -0.4566
vn -0.8824 0.4068 -0.2364
vn -0.8107 -0.5437 0.2172
vn -0.8387 -0.5446 -0.0000
vn -0.7264 -0.5445 0.4194
vn -0.2572 -0.9549 0.1485
vn -0.2874 -0.9547 0.0770
vn -0.2970 -0.9549 -0.0000
vn -0.5935 -0.5437 0.5935
vn -0.4194 -0.5446 0.7264
vn -0.1485 -0.9549 0.2572
vn -0.2104 -0.9547 0.2104
vn -0.2172 -0.5437 0.8107
vn -0.0000 -0.5446 0.8387
vn -0.0000 -0.9549 0.2970
vn -0.0770 -0.9547 0.2874
vn 0.2172 -0.5437 0.8107
vn 0.4194 -0.5446 0.7264
vn 0.1485 -0.9549 0.2572
vn 0.0770 -0.9547 0.2874
vn 0.5935 -0.5437 0.5935
vn 0.7263 -0.5446 0.4193
vn 0.2572 -0.9549 0.1485
vn 0.2104 -0.9547 0.2104
vn 0.8107 -0.5437 0.2172
vn 0.8387 -0.5446 0.0000
vn 0.2970 -0.9549 -0.0000
vn 0.2874 -0.9547 0.0770
vn 0.8107 -0.5437 -0.2172
vn 0.7264 -0.5446 -0.4194
vn 0.2572 -0.9549 -0.1485
vn 0.2874 -0.9547 -0.0770
vn 0.5935 -0.5437 -0.5935
vn 0.4194 -0.5446 -0.7264
vn 0.1485 -0.9549 -0.2572
vn 0.2104 -0.9547 -0.2104
vn 0.2172 -0.5437 -0.8107
vn 0.0000 -0.5446 -0.8387
vn 0.0000 -0.9549 -0.2970
vn 0.0770 -0.9547 -0.2874
vn -0.2172 -0.5437 -0.8107
vn -0.4194 -0.5446 -0.7264
vn -0.1485 -0.9549 -0.2572
vn -0.0770 -0.9547 -0.2874
vn -0.5935 -0.5437 -0.5935
vn -0.7264 -0.5446 -0.4194
vn -0.2572 -0.9549 -0.1485
vn -0.2104 -0.9547 -0.2104
vn -0.8107 -0.5437 -0.2172
vn -0.2874 -0.9547 -0.0770
vn -0.2232 -0.9729 0.0598
vn -0.2312 -0.9729 -0.0000
vn -0.2002 -0.9729 0.1156
vn -0.3971 -0.8887 0.2293
vn -0.4428 -0.8888 0.1186
vn -0.4585 -0.8887 -0.0000
vn -0.1634 -0.9729 0.1634
vn -0.1156 -0.9729 0.2002
vn -0.2293 -0.8887 0.3971
vn -0.3241 -0.8888 0.3241
vn -0.0598 -0.9729 0.2232
vn 0.0000 -0.9729 0.2312
vn 0.0000 -0.8887 0.4585
vn -0.1186 -0.8888 0.4428
vn 0.0598 -0.9729 0.2232
vn 0.1156 -0.9729 0.2002
vn 0.2293 -0.8887 0.3971
vn 0.1186 -0.8888 0.4428
vn 0.1634 -0.9729 0.1634
vn 0.2002 -0.9729 0.1156
vn 0.3971 -0.8887 0.2293
vn 0.3241 -0.8888 0.3241
vn 0.2232 -0.9729 0.0598
vn 0.2312 -0.9729 0.0000
vn 0.4585 -0.8887 -0.0000
vn 0.4428 -0.8888 0.1186
vn 0.2232 -0.9729 -0.0598
vn 0.2002 -0.9729 -0.1156
vn 0.3971 -0.8887 -0.2293
vn 0.4428 -0.8888 -0.1186
vn 0.1634 -0.9729 -0.1634
vn 0.1156 -0.9729 -0.2002
vn 0.2293 -0.8887 -0.3971
vn 0.3241 -0.8888 -0.3241
vn 0.0598 -0.9729 -0.2232
vn 0.0000 -0.9729 -0.2312
vn 0.0000 -0.8887 -0.4586
vn 0.1186 -0.8888 -0.4428
vn -0.0598 -0.9729 -0.2232
vn -0.1156 -0.9729 -0.2002
vn -0.2293 -0.8887 -0.3971
vn -0.1186 -0.8888 -0.4428
vn -0.1634 -0.9729 -0.1634
vn -0.2002 -0.9729 -0.1156
vn -0.3971 -0.8887 -0.2293
vn -0.3241 -0.8888 -0.3241
vn -0.2232 -0.9729 -0.0598
vn -0.4428 -0.8888 -0.1186
vn -0.7253 -0.6604 0.1944
vn -0.7510 -0.6603 0.0000
vn -0.6504 -0.6603 0.3755
vn -0.7979 -0.3886 0.4607
vn -0.8900 -0.3886 0.2385
vn -0.9214 -0.3886 0.0000
vn -0.5310 -0.6604 0.5310
vn -0.3755 -0.6603 0.6504
vn -0.4607 -0.3886 0.7979
vn -0.6515 -0.3886 0.6515
vn -0.1944 -0.6604 0.7253
vn -0.0000 -0.6603 0.7510
vn 0.0000 -0.3886 0.9214
vn -0.2385 -0.3886 0.8900
vn 0.1944 -0.6604 0.7253
vn 0.3755 -0.6603 0.6504
vn 0.4607 -0.3886 0.7979
vn 0.2385 -0.3886 0.8900
vn 0.5310 -0.6604 0.5310
vn 0.6504 -0.6603 0.3755
vn 0.7979 -0.3886 0.4607
vn 0.6515 -0.3886 0.6515
vn 0.7253 -0.6604 0.1944
vn 0.7510 -0.6603 0.0000
vn 0.9214 -0.3886 0.0000
vn 0.8900 -0.3886 0.2385
vn 0.7253 -0.6604 -0.1944
vn 0.6504 -0.6603 -0.3755
vn 0.7979 -0.3886 -0.4607
vn 0.8900 -0.3886 -0.2385
vn 0.5310 -0.6604 -0.5310
vn 0.3755 -0.6603 -0.6504
vn 0.4607 -0.3886 -0.7979
vn 0.6515 -0.3886 -0.6515
vn 0.1944 -0.6604 -0.7253
vn 0.0000 -0.6603 -0.7510
vn 0.0000 -0.3886 -0.9214
vn 0.2385 -0.3886 -0.8900
vn -0.1944 -0.6604 -0.7253
vn -0.3755 -0.6603 -0.6504
vn -0.4607 -0.3886 -0.7979
vn -0.2385 -0.3886 -0.8900
vn -0.5310 -0.6604 -0.5310
vn -0.6504 -0.6603 -0.3755
vn -0.7979 -0.3886 -0.4607
vn -0.6515 -0.3886 -0.6515
vn -0.7253 -0.6604 -0.1944
vn -0.8900 -0.3886 -0.2385
vn -0.9407 -0.2269 0.2521
vn -0.9739 -0.2270 0.0000
vn -0.8434 -0.2270 0.4869
vn -0.8550 -0.1592 0.4936
vn -0.9536 -0.1591 0.2555
vn -0.9873 -0.1592 -0.0000
vn -0.6887 -0.2269 0.6887
vn -0.4869 -0.2270 0.8434
vn -0.4936 -0.1592 0.8550
vn -0.6981 -0.1591 0.6981
vn -0.2521 -0.2269 0.9407
vn -0.0000 -0.2270 0.9739
vn -0.0000 -0.1592 0.9873
vn -0.2555 -0.1591 0.9536
vn 0.2521 -0.2269 0.9407
vn 0.4869 -0.2270 0.8434
vn 0.4936 -0.1592 0.8550
vn 0.2555 -0.1591 0.9536
vn 0.6887 -0.2269 0.6887
vn 0.8434 -0.2270 0.4869
vn 0.8550 -0.1592 0.4936
vn 0.6981 -0.1591 0.6981
vn 0.9407 -0.2269 0.2521
vn 0.9739 -0.2270 0.0000
vn 0.9873 -0.1592 0.0000
vn 0.9536 -0.1591 0.2555
vn 0.9407 -0.2269 -0.2521
vn 0.8434 -0.2270 -0.4869
vn 0.8550 -0.1592 -0.4936
vn 0.9536 -0.1591 -0.2555
vn 0.6887 -0.2269 -0.6887
vn 0.4869 -0.2270 -0.8434
vn 0.4936 -0.1592 -0.8550
vn 0.6981 -0.1591 -0.6981
vn 0.2521 -0.2269 -0.9407
vn 0.0000 -0.2270 -0.9739
vn 0.0000 -0.1592 -0.9873
vn 0.2555 -0.1591 -0.9536
vn -0.2521 -0.2269 -0.9407
vn -0.4869 -0.2270 -0.8434
vn -0.4936 -0.1592 -0.8550
vn -0.2555 -0.1591 -0.9536
vn -0.6887 -0.2269 -0.6887
vn -0.8434 -0.2270 -0.4870
vn -0.8550 -0.1592 -0.4936
vn -0.6981 -0.1591 -0.6981
vn -0.9407 -0.2269 -0.2521
vn -0.9536 -0.1591 -0.2555
vn -0.9581 -0.1270 0.2567
vn -0.9919 -0.1271 -0.0000
vn -0.8590 -0.1271 0.4959
vn -0.8617 -0.1003 0.4975
vn -0.9611 -0.1002 0.2575
vn -0.9950 -0.1003 -0.0000
vn -0.7014 -0.1270 0.7014
vn -0.4959 -0.1271 0.8590
vn -0.4975 -0.1003 0.8617
vn -0.7035 -0.1002 0.7035
vn -0.2567 -0.1270 0.9581
vn -0.0000 -0.1271 0.9919
vn -0.0000 -0.1003 0.9950
vn -0.2575 -0.1002 0.9611
vn 0.2567 -0.1270 0.9581
vn 0.4959 -0.1271 0.8590
vn 0.4975 -0.1003 0.8617
vn 0.2575 -0.1002 0.9611
vn 0.7014 -0.1270 0.7014
vn 0.8590 -0.1271 0.4959
vn 0.8617 -0.1003 0.4975
vn 0.7035 -0.1002 0.7035
vn 0.9581 -0.1270 0.2567
vn 0.9919 -0.1271 0.0000
vn 0.9950 -0.1003 0.0000
vn 0.9611 -0.1002 0.2575
vn 0.9581 -0.1270 -0.2567
vn 0.8590 -0.1271 -0.4959
vn 0.8617 -0.1003 -0.4975
vn 0.9611 -0.1002 -0.2575
vn 0.7014 -0.1270 -0.7014
vn 0.4959 -0.1271 -0.8590
vn 0.4975 -0.1003 -0.8617
vn 0.7035 -0.1002 -0.7035
vn 0.2567 -0.1270 -0.9581
vn 0.0000 -0.1271 -0.9919
vn 0.0000 -0.1003 -0.9950
vn 0.2575 -0.1002 -0.9611
vn -0.2567 -0.1270 -0.9581
vn -0.4959 -0.1271 -0.8590
vn -0.4975 -0.1003 -0.8617
vn -0.2575 -0.1002 -0.9611
vn -0.7014 -0.1270 -0.7014
vn -0.8590 -0.1271 -0.4959
vn -0.8617 -0.1003 -0.4975
vn -0.7035 -0.1002 -0.7035
vn -0.9581 -0.1270 -0.2567
vn -0.9611 -0.1002 -0.2575
vn -0.9642 -0.0605 0.2583
vn -0.9982 -0.0605 -0.0000
vn -0.8644 -0.0605 0.4991
vn -0.8644 0.0613 0.4991
vn -0.9641 0.0612 0.2583
vn -0.9981 0.0613 -0.0000
vn -0.7058 -0.0605 0.7058
vn -0.4991 -0.0605 0.8644
vn -0.4991 0.0613 0.8644
vn -0.7058 0.0612 0.7058
vn -0.2583 -0.0605 0.9642
vn -0.0000 -0.0605 0.9982
vn -0.0000 0.0613 0.9981
vn -0.2583 0.0612 0.9641
vn 0.2583 -0.0605 0.9642
vn 0.4991 -0.0605 0.8644
vn 0.4991 0.0613 0.8644
vn 0.2583 0.0612 0.9641
vn 0.7058 -0.0605 0.7058
vn 0.8644 -0.0605 0.4991
vn 0.8644 0.0613 0.4991
vn 0.7058 0.0612 0.7058
vn 0.9642 -0.0605 0.2583
vn 0.9982 -0.0605 0.0000
vn 0.9981 0.0613 0.0000
vn 0.9641 0.0612 0.2583
vn 0.9642 -0.0605 -0.2583
vn 0.8644 -0.0605 -0.4991
vn 0.8644 0.0613 -0.4991
vn 0.9641 0.0612 -0.2583
vn 0.7058 -0.0605 -0.7058
vn 0.4991 -0.0605 -0.8644
vn 0.4991 0.0613 -0.8644
vn 0.7058 0.0612 -0.7058
vn 0.2583 -0.0605 -0.9642
vn 0.0000 -0.0605 -0.9982
vn 0.0000 0.0613 -0.9981
vn 0.2583 0.0612 -0.9641
vn -0.2583 -0.0605 -0.9642
vn -0.4991 -0.0605 -0.8644
vn -0.4991 0.0613 -0.8644
vn -0.2583 0.0612 -0.9641
vn -0.7058 -0.0605 -0.7058
vn -0.8644 -0.0605 -0.4991
vn -0.8644 0.0613 -0.4991
vn -0.7058 0.0612 -0.7058
vn -0.9642 -0.0605 -0.2583
vn -0.9641 0.0612 -0.2583
vn -0.9037 0.3532 0.2421
vn -0.9355 0.3532 -0.0000
vn -0.8102 0.3532 0.4678
vn -0.6887 0.6063 0.3976
vn -0.7682 0.6062 0.2058
vn -0.7952 0.6063 -0.0000
vn -0.6615 0.3532 0.6615
vn -0.4678 0.3532 0.8102
vn -0.3976 0.6063 0.6887
vn -0.5624 0.6062 0.5624
vn -0.2421 0.3532 0.9037
vn 0.0000 0.3532 0.9355
vn -0.0000 0.6063 0.7952
vn -0.2058 0.6062 0.7682
vn 0.2421 0.3532 0.9037
vn 0.4678 0.3532 0.8102
vn 0.3976 0.6063 0.6887
vn 0.2058 0.6062 0.7682
vn 0.6615 0.3532 0.6615
vn 0.8102 0.3532 0.4678
vn 0.6887 0.6063 0.3976
vn 0.5624 0.6062 0.5624
vn 0.9037 0.3532 0.2421
vn 0.9355 0.3532 0.0000
vn 0.7952 0.6063 0.0000
vn 0.7682 0.6062 0.2058
vn 0.9037 0.3532 -0.2421
vn 0.8102 0.3532 -0.4678
vn 0.6887 0.6063 -0.3976
vn 0.7682 0.6062 -0.2058
vn 0.6615 0.3532 -0.6615
vn 0.4678 0.3532 -0.8102
vn 0.3976 0.6063 -0.6887
vn 0.5624 0.6062 -0.5624
vn 0.2421 0.3532 -0.9037
vn 0.0000 0.3532 -0.9355
vn 0.0000 0.6063 -0.7952
vn 0.2058 0.6062 -0.7682
vn -0.2421 0.3532 -0.9037
vn -0.4678 0.3532 -0.8102
vn -0.3976 0.6063 -0.6887
vn -0.2058 0.6062 -0.7682
vn -0.6615 0.3532 -0.6615
vn -0.8102 0.3532 -0.4678
vn -0.6887 0.6063 -0.3976
vn -0.5624 0.6062 -0.5624
vn -0.9037 0.3532 -0.2421
vn -0.7682 0.6062 -0.2058
vn -0.6249 0.7625 0.1674
vn -0.6470 0.7625 -0.0000
vn -0.5603 0.7625 0.3235
vn -0.3901 0.8928 0.2252
vn -0.4351 0.8928 0.1166
vn -0.4505 0.8928 -0.0000
vn -0.4575 0.7625 0.4575
vn -0.3235 0.7625 0.5603
vn -0.2252 0.8928 0.3901
vn -0.3185 0.8928 0.3185
vn -0.1674 0.7625 0.6249
vn -0.0000 0.7625 0.6470
vn -0.0000 0.8928 0.4505
vn -0.1166 0.8928 0.4351
vn 0.1674 0.7625 0.6249
vn 0.3235 0.7625 0.5603
vn 0.2252 0.8928 0.3901
vn 0.1166 0.8928 0.4351
vn 0.4575 0.7625 0.4575
vn 0.5603 0.7625 0.3235
vn 0.3901 0.8928 0.2252
vn 0.3185 0.8928 0.3185
vn 0.6249 0.7625 0.1675
vn 0.6470 0.7625 0.0000
vn 0.4505 0.8928 0.0000
vn 0.4351 0.8928 0.1166
vn 0.6249 0.7625 -0.1674
vn 0.5603 0.7625 -0.3235
vn 0.3901 0.8928 -0.2252
vn 0.4351 0.8928 -0.1166
vn 0.4575 0.7625 -0.4575
vn 0.3235 0.7625 -0.5603
vn 0.2252 0.8928 -0.3901
vn 0.3185 0.8928 -0.3185
vn 0.1675 0.7625 -0.6249
vn 0.0000 0.7625 -0.6470
vn 0.0000 0.8928 -0.4504
vn 0.1166 0.8928 -0.4351
vn -0.1675 0.7625 -0.6249
vn -0.3235 0.7625 -0.5603
vn -0.2252 0.8928 -0.3901
vn -0.1166 0.8928 -0.4351
vn -0.4575 0.7625 -0.4575
vn -0.5603 0.7625 -0.3235
vn -0.3901 0.8928 -0.2252
vn -0.3185 0.8928 -0.3185
vn -0.6249 0.7625 -0.1674
vn -0.4351 0.8928 -0.1166
vn -0.2138 0.9752 0.0573
vn -0.2217 0.9751 0.0000
vn -0.1920 0.9751 0.1108
vn -0.0507 0.9983 0.0293
vn -0.0566 0.9983 0.0152
vn -0.0586 0.9983 0.0000
vn -0.1565 0.9752 0.1565
vn -0.1108 0.9751 0.1920
vn -0.0293 0.9983 0.0508
vn -0.0415 0.9983 0.0415
vn -0.0573 0.9752 0.2138
vn -0.0000 0.9751 0.2217
vn -0.0000 0.9983 0.0586
vn -0.0152 0.9983 0.0566
vn 0.0573 0.9752 0.2138
vn 0.1108 0.9751 0.1920
vn 0.0293 0.9983 0.0508
vn 0.0152 0.9983 0.0566
vn 0.1565 0.9752 0.1565
vn 0.1920 0.9751 0.1108
vn 0.0507 0.9983 0.0293
vn 0.0415 0.9983 0.0415
vn 0.2138 0.9752 0.0573
vn 0.2217 0.9751 0.0000
vn 0.0586 0.9983 0.0000
vn 0.0566 0.9983 0.0152
vn 0.2138 0.9752 -0.0573
vn 0.1920 0.9751 -0.1108
vn 0.0507 0.9983 -0.0293
vn 0.0566 0.9983 -0.0152
vn 0.1565 0.9752 -0.1565
vn 0.1108 0.9751 -0.1920
vn 0.0293 0.9983 -0.0507
vn 0.0415 0.9983 -0.0415
vn 0.0573 0.9752 -0.2138
vn 0.0000 0.9751 -0.2217
vn 0.0000 0.9983 -0.0586
vn 0.0152 0.9983 -0.0566
vn -0.0573 0.9752 -0.2138
vn -0.1108 0.9751 -0.1920
vn -0.0293 0.9983 -0.0507
vn -0.0152 0.9983 -0.0566
vn -0.1565 0.9752 -0.1565
vn -0.1920 0.9751 -0.1108
vn -0.0507 0.9983 -0.0293
vn -0.0415 0.9983 -0.0415
vn -0.2138 0.9752 -0.0573
vn -0.0566 0.9983 -0.0152
vn -0.2272 0.9719 0.0609
vn -0.2346 0.9721 0.0000
vn -0.2032 0.9721 0.1173
vn -0.6266 0.6903 0.3617
vn -0.6995 0.6896 0.1874
vn -0.7235 0.6903 0.0000
vn -0.1663 0.9719 0.1664
vn -0.1173 0.9721 0.2032
vn -0.3617 0.6903 0.6266
vn -0.5121 0.6896 0.5121
vn -0.0609 0.9719 0.2272
vn 0.0000 0.9721 0.2346
vn -0.0000 0.6903 0.7235
vn -0.1874 0.6896 0.6995
vn 0.0609 0.9719 0.2272
vn 0.1173 0.9721 0.2032
vn 0.3617 0.6903 0.6266
vn 0.1874 0.6896 0.6995
vn 0.1663 0.9719 0.1664
vn 0.2032 0.9721 0.1173
vn 0.6266 0.6903 0.3617
vn 0.5121 0.6896 0.5121
vn 0.2272 0.9719 0.0609
vn 0.2346 0.9721 0.0000
vn 0.7235 0.6903 0.0000
vn 0.6995 0.6896 0.1874
vn 0.2272 0.9719 -0.0609
vn 0.2032 0.9721 -0.1173
vn 0.6266 0.6903 -0.3617
vn 0.6995 0.6896 -0.1874
vn 0.1664 0.9719 -0.1663
vn 0.1173 0.9721 -0.2032
vn 0.3617 0.6903 -0.6266
vn 0.5121 0.6896 -0.5121
vn 0.0609 0.9719 -0.2272
vn 0.0000 0.9721 -0.2346
vn 0.0000 0.6903 -0.7235
vn 0.1874 0.6896 -0.6995
vn -0.0609 0.9719 -0.2272
vn -0.1173 0.9721 -0.2032
vn -0.3617 0.6903 -0.6266
vn -0.1874 0.6896 -0.6995
vn -0.1664 0.9719 -0.1663
vn -0.2032 0.9721 -0.1173
vn -0.6266 0.6903 -0.3617
vn -0.5121 0.6896 -0.5121
vn -0.2272 0.9719 -0.0609
vn -0.6995 0.6896 -0.1874
vn -0.9357 0.2482 0.2507
vn -0.9687 0.2484 0.0000
vn -0.8389 0.2484 0.4843
vn -0.8326 0.2753 0.4807
vn -0.9286 0.2753 0.2488
vn -0.9614 0.2753 0.0000
vn -0.6850 0.2482 0.6850
vn -0.4843 0.2484 0.8389
vn -0.4807 0.2753 0.8326
vn -0.6798 0.2753 0.6798
vn -0.2507 0.2482 0.9357
vn 0.0000 0.2484 0.9687
vn -0.0000 0.2753 0.9614
vn -0.2488 0.2753 0.9286
vn 0.2507 0.2482 0.9357
vn 0.4843 0.2484 0.8389
vn 0.4807 0.2753 0.8326
vn 0.2488 0.2753 0.9286
vn 0.6850 0.2482 0.6850
vn 0.8389 0.2484 0.4843
vn 0.8326 0.2753 0.4807
vn 0.6798 0.2753 0.6798
vn 0.9357 0.2482 0.2507
vn 0.9687 0.2484 0.0000
vn 0.9614 0.2753 0.0000
vn 0.9286 0.2753 0.2488
vn 0.9357 0.2482 -0.2507
vn 0.8389 0.2484 -0.4843
vn 0.8326 0.2753 -0.4807
vn 0.9286 0.2753 -0.2488
vn 0.6850 0.2482 -0.6850
vn 0.4843 0.2484 -0.8389
vn 0.4807 0.2753 -0.8326
vn 0.6798 0.2753 -0.6798
vn 0.2507 0.2482 -0.9357
vn 0.0000 0.2484 -0.9687
vn 0.0000 0.2753 -0.9614
vn 0.2488 0.2753 -0.9286
vn -0.2507 0.2482 -0.9357
vn -0.4843 0.2484 -0.8389
vn -0.4807 0.2753 -0.8326
vn -0.2488 0.2753 -0.9286
vn -0.6850 0.2482 -0.6850
vn -0.8389 0.2484 -0.4843
vn -0.8326 0.2753 -0.4807
vn -0.6798 0.2753 -0.6798
vn -0.9357 0.2482 -0.2507
vn -0.9286 0.2753 -0.2488
vn -0.5563 0.8175 0.1491
vn -0.5768 0.8169 0.0000
vn -0.4995 0.8169 0.2884
vn -0.4072 0.8175 0.4072
vn -0.2884 0.8169 0.4995
vn -0.1491 0.8175 0.5563
vn 0.0000 0.8169 0.5768
vn 0.1491 0.8175 0.5563
vn 0.2884 0.8169 0.4995
vn 0.4072 0.8175 0.4072
vn 0.4995 0.8169 0.2884
vn 0.5563 0.8175 0.1491
vn 0.5768 0.8169 0.0000
vn 0.5563 0.8175 -0.1491
vn 0.4995 0.8169 -0.2884
vn 0.4072 0.8175 -0.4072
vn 0.2884 0.8169 -0.4995
vn 0.1491 0.8175 -0.5563
vn 0.0000 0.8169 -0.5768
vn -0.1491 0.8175 -0.5563
vn -0.2884 0.8169 -0.4995
vn -0.4072 0.8175 -0.4072
vn -0.4995 0.8169 -0.2884
vn -0.5563 0.8175 -0.1491
# 1855 vertex normals

vt 0.8333 0.0212 1.0000
vt 0.8333 0.0438 1.0000
vt 0.7917 0.0438 1.0000
vt 0.7917 0.0212 1.0000
vt 0.8333 0.0663 1.0000
vt 0.7917 0.0663 1.0000
vt 0.7500 0.0663 1.0000
vt 0.7500 0.0438 1.0000
vt 0.7500 0.0212 1.0000
vt 0.9167 0.0164 1.0000
vt 0.9167 0.0438 1.0000
vt 0.8750 0.0438 1.0000
vt 0.8750 0.0212 1.0000
vt 0.9167 0.0711 1.0000
vt 0.8750 0.0663 1.0000
vt 0.0000 0.0212 1.0000
vt 0.0000 0.0438 1.0000
vt -0.0417 0.0438 1.0000
vt -0.0417 0.0212 1.0000
vt 0.0000 0.0663 1.0000
vt -0.0417 0.0663 1.0000
vt -0.0833 0.0711 1.0000
vt -0.0833 0.0438 1.0000
vt -0.0833 0.0164 1.0000
vt 0.0833 0.0212 1.0000
vt 0.0833 0.0438 1.0000
vt 0.0417 0.0438 1.0000
vt 0.0417 0.0212 1.0000
vt 0.0833 0.0663 1.0000
vt 0.0417 0.0663 1.0000
vt 0.1667 0.0212 1.0000
vt 0.1667 0.0438 1.0000
vt 0.1250 0.0438 1.0000
vt 0.1250 0.0212 1.0000
vt 0.1667 0.0663 1.0000
vt 0.1250 0.0663 1.0000
vt 0.2500 0.0212 1.0000
vt 0.2500 0.0438 1.0000
vt 0.2083 0.0438 1.0000
vt 0.2083 0.0212 1.0000
vt 0.2500 0.0663 1.0000
vt 0.2083 0.0663 1.0000
vt 0.3333 0.0212 1.0000
vt 0.3333 0.0438 1.0000
vt 0.2917 0.0438 1.0000
vt 0.2917 0.0212 1.0000
vt 0.3333 0.0663 1.0000
vt 0.2917 0.0663 1.0000
vt 0.4167 0.0212 1.0000
vt 0.4167 0.0438 1.0000
vt 0.3750 0.0438 1.0000
vt 0.3750 0.0212 1.0000
vt 0.4167 0.0663 1.0000
vt 0.3750 0.0663 1.0000
vt 0.5000 0.0212 1.0000
vt 0.5000 0.0438 1.0000
vt 0.4583 0.0438 1.0000
vt 0.4583 0.0212 1.0000
vt 0.5000 0.0663 1.0000
vt 0.4583 0.0663 1.0000
vt 0.5833 0.0212 1.0000
vt 0.5833 0.0438 1.0000
vt 0.5417 0.0438 1.0000
vt 0.5417 0.0212 1.0000
vt 0.5833 0.0663 1.0000
vt 0.5417 0.0663 1.0000
vt 0.6667 0.0212 1.0000
vt 0.6667 0.0438 1.0000
vt 0.6250 0.0438 1.0000
vt 0.6250 0.0212 1.0000
vt 0.6667 0.0663 1.0000
vt 0.6250 0.0663 1.0000
vt 0.7083 0.0438 1.0000
vt 0.7083 0.0212 1.0000
vt 0.7083 0.0663 1.0000
vt 0.7500 0.4750 1.0000
vt 0.7917 0.4750 1.0000
vt 0.7917 0.5625 1.0000
vt 0.7500 0.5625 1.0000
vt 0.8333 0.4750 1.0000
vt 0.8333 0.5625 1.0000
vt 0.8333 0.6250 1.0000
vt 0.7917 0.6250 1.0000
vt 0.7500 0.6250 1.0000
vt 0.8750 0.4750 1.0000
vt 0.8750 0.5625 1.0000
vt 0.9167 0.5000 1.0000
vt 0.9167 0.5625 1.0000
vt 0.9167 0.6250 1.0000
vt 0.8750 0.6250 1.0000
vt -0.0833 0.5000 1.0000
vt -0.0417 0.5000 1.0000
vt -0.0417 0.5625 1.0000
vt -0.0833 0.5625 1.0000
vt 0.0000 0.4750 1.0000
vt 0.0000 0.5625 1.0000
vt 0.0000 0.6250 1.0000
vt -0.0417 0.6250 1.0000
vt -0.0833 0.6250 1.0000
vt 0.0417 0.4750 1.0000
vt 0.0417 0.5625 1.0000
vt 0.0833 0.4750 1.0000
vt 0.0833 0.5625 1.0000
vt 0.0833 0.6250 1.0000
vt 0.0417 0.6250 1.0000
vt 0.1250 0.4750 1.0000
vt 0.1250 0.5625 1.0000
vt 0.1667 0.4750 1.0000
vt 0.1667 0.5625 1.0000
vt 0.1667 0.6250 1.0000
vt 0.1250 0.6250 1.0000
vt 0.2083 0.4750 1.0000
vt 0.2083 0.5625 1.0000
vt 0.2500 0.4750 1.0000
vt 0.2500 0.5625 1.0000
vt 0.2500 0.6250 1.0000
vt 0.2083 0.6250 1.0000
vt 0.2917 0.4750 1.0000
vt 0.2917 0.5625 1.0000
vt 0.3333 0.4750 1.0000
vt 0.3333 0.5625 1.0000
vt 0.3333 0.6250 1.0000
vt 0.2917 0.6250 1.0000
vt 0.3750 0.4750 1.0000
vt 0.3750 0.5625 1.0000
vt 0.4167 0.4750 1.0000
vt 0.4167 0.5625 1.0000
vt 0.4167 0.6250 1.0000
vt 0.3750 0.6250 1.0000
vt 0.4583 0.4750 1.0000
vt 0.4583 0.5625 1.0000
vt 0.5000 0.4750 1.0000
vt 0.5000 0.5625 1.0000
vt 0.5000 0.6250 1.0000
vt 0.4583 0.6250 1.0000
vt 0.5417 0.4750 1.0000
vt 0.5417 0.5625 1.0000
vt 0.5833 0.4750 1.0000
vt 0.5833 0.5625 1.0000
vt 0.5833 0.6250 1.0000
vt 0.5417 0.6250 1.0000
vt 0.6250 0.4750 1.0000
vt 0.6250 0.5625 1.0000
vt 0.6667 0.4750 1.0000
vt 0.6667 0.5625 1.0000
vt 0.6667 0.6250 1.0000
vt 0.6250 0.6250 1.0000
vt 0.7083 0.4750 1.0000
vt 0.7083 0.5625 1.0000
vt 0.7083 0.6250 1.0000
vt 0.8333 0.2110 1.0000
vt 0.8333 0.3375 1.0000
vt 0.7917 0.3375 1.0000
vt 0.7917 0.2110 1.0000
vt 0.7500 0.3375 1.0000
vt 0.7500 0.2110 1.0000
vt 0.9167 0.1750 1.0000
vt 0.9167 0.3375 1.0000
vt 0.8750 0.3375 1.0000
vt 0.8750 0.2110 1.0000
vt 0.0000 0.2110 1.0000
vt 0.0000 0.3375 1.0000
vt -0.0417 0.3375 1.0000
vt -0.0417 0.2110 1.0000
vt -0.0833 0.3375 1.0000
vt -0.0833 0.1750 1.0000
vt 0.0833 0.2110 1.0000
vt 0.0833 0.3375 1.0000
vt 0.0417 0.3375 1.0000
vt 0.0417 0.2110 1.0000
vt 0.1667 0.2110 1.0000
vt 0.1667 0.3375 1.0000
vt 0.1250 0.3375 1.0000
vt 0.1250 0.2110 1.0000
vt 0.2500 0.2110 1.0000
vt 0.2500 0.3375 1.0000
vt 0.2083 0.3375 1.0000
vt 0.2083 0.2110 1.0000
vt 0.3333 0.2110 1.0000
vt 0.3333 0.3375 1.0000
vt 0.2917 0.3375 1.0000
vt 0.2917 0.2110 1.0000
vt 0.4167 0.2110 1.0000
vt 0.4167 0.3375 1.0000
vt 0.3750 0.3375 1.0000
vt 0.3750 0.2110 1.0000
vt 0.5000 0.2110 1.0000
vt 0.5000 0.3375 1.0000
vt 0.4583 0.3375 1.0000
vt 0.4583 0.2110 1.0000
vt 0.5833 0.2110 1.0000
vt 0.5833 0.3375 1.0000
vt 0.5417 0.3375 1.0000
vt 0.5417 0.2110 1.0000
vt 0.6667 0.2110 1.0000
vt 0.6667 0.3375 1.0000
vt 0.6250 0.3375 1.0000
vt 0.6250 0.2110 1.0000
vt 0.7083 0.3375 1.0000
vt 0.7083 0.2110 1.0000
vt 0.8333 0.7589 1.0000
vt 0.8333 0.8481 1.0000
vt 0.7917 0.8481 1.0000
vt 0.7917 0.7589 1.0000
vt 0.8333 0.9284 1.0000
vt 0.7917 0.9284 1.0000
vt 0.7500 0.9284 1.0000
vt 0.7500 0.8481 1.0000
vt 0.7500 0.7589 1.0000
vt 0.9167 0.7500 1.0000
vt 0.9167 0.8481 1.0000
vt 0.8750 0.8481 1.0000
vt 0.8750 0.7589 1.0000
vt 0.9167 0.9463 1.0000
vt 0.8750 0.9284 1.0000
vt 0.0000 0.7589 1.0000
vt 0.0000 0.8481 1.0000
vt -0.0417 0.8481 1.0000
vt -0.0417 0.7589 1.0000
vt 0.0000 0.9284 1.0000
vt -0.0417 0.9284 1.0000
vt -0.0833 0.9463 1.0000
vt -0.0833 0.8481 1.0000
vt -0.0833 0.7500 1.0000
vt 0.0833 0.7589 1.0000
vt 0.0833 0.8481 1.0000
vt 0.0417 0.8481 1.0000
vt 0.0417 0.7589 1.0000
vt 0.0833 0.9284 1.0000
vt 0.0417 0.9284 1.0000
vt 0.1667 0.7589 1.0000
vt 0.1667 0.8481 1.0000
vt 0.1250 0.8481 1.0000
vt 0.1250 0.7589 1.0000
vt 0.1667 0.9284 1.0000
vt 0.1250 0.9284 1.0000
vt 0.2500 0.7589 1.0000
vt 0.2500 0.8481 1.0000
vt 0.2083 0.8481 1.0000
vt 0.2083 0.7589 1.0000
vt 0.2500 0.9284 1.0000
vt 0.2083 0.9284 1.0000
vt 0.3333 0.7589 1.0000
vt 0.3333 0.8481 1.0000
vt 0.2917 0.8481 1.0000
vt 0.2917 0.7589 1.0000
vt 0.3333 0.9284 1.0000
vt 0.2917 0.9284 1.0000
vt 0.4167 0.7589 1.0000
vt 0.4167 0.8481 1.0000
vt 0.3750 0.8481 1.0000
vt 0.3750 0.7589 1.0000
vt 0.4167 0.9284 1.0000
vt 0.3750 0.9284 1.0000
vt 0.5000 0.7589 1.0000
vt 0.5000 0.8481 1.0000
vt 0.4583 0.8481 1.0000
vt 0.4583 0.7589 1.0000
vt 0.5000 0.9284 1.0000
vt 0.4583 0.9284 1.0000
vt 0.5833 0.7589 1.0000
vt 0.5833 0.8481 1.0000
vt 0.5417 0.8481 1.0000
vt 0.5417 0.7589 1.0000
vt 0.5833 0.9284 1.0000
vt 0.5417 0.9284 1.0000
vt 0.6667 0.7589 1.0000
vt 0.6667 0.8481 1.0000
vt 0.6250 0.8481 1.0000
vt 0.6250 0.7589 1.0000
vt 0.6667 0.9284 1.0000
vt 0.6250 0.9284 1.0000
vt 0.7083 0.8481 1.0000
vt 0.7083 0.7589 1.0000
vt 0.7083 0.9284 1.0000
vt 0.8333 0.9731 1.0000
vt 0.7917 0.9731 1.0000
vt 0.8333 0.9933 1.0000
vt 0.7917 0.9933 1.0000
vt 0.7500 0.9933 1.0000
vt 0.7500 0.9731 1.0000
vt 0.9167 0.9731 1.0000
vt 0.8750 0.9731 1.0000
vt 0.9167 1.0000 1.0000
vt 0.8750 0.9933 1.0000
vt 0.0000 0.9731 1.0000
vt -0.0417 0.9731 1.0000
vt 0.0000 0.9933 1.0000
vt -0.0417 0.9933 1.0000
vt -0.0833 1.0000 1.0000
vt -0.0833 0.9731 1.0000
vt 0.0833 0.9731 1.0000
vt 0.0417 0.9731 1.0000
vt 0.0833 0.9933 1.0000
vt 0.0417 0.9933 1.0000
vt 0.1667 0.9731 1.0000
vt 0.1250 0.9731 1.0000
vt 0.1667 0.9933 1.0000
vt 0.1250 0.9933 1.0000
vt 0.2500 0.9731 1.0000
vt 0.2083 0.9731 1.0000
vt 0.2500 0.9933 1.0000
vt 0.2083 0.9933 1.0000
vt 0.3333 0.9731 1.0000
vt 0.2917 0.9731 1.0000
vt 0.3333 0.9933 1.0000
vt 0.2917 0.9933 1.0000
vt 0.4167 0.9731 1.0000
vt 0.3750 0.9731 1.0000
vt 0.4167 0.9933 1.0000
vt 0.3750 0.9933 1.0000
vt 0.5000 0.9731 1.0000
vt 0.4583 0.9731 1.0000
vt 0.5000 0.9933 1.0000
vt 0.4583 0.9933 1.0000
vt 0.5833 0.9731 1.0000
vt 0.5417 0.9731 1.0000
vt 0.5833 0.9933 1.0000
vt 0.5417 0.9933 1.0000
vt 0.6667 0.9731 1.0000
vt 0.6250 0.9731 1.0000
vt 0.6667 0.9933 1.0000
vt 0.6250 0.9933 1.0000
vt 0.7083 0.9731 1.0000
vt 0.7083 0.9933 1.0000
vt 0.8333 0.0909 1.0000
vt 0.8333 0.1094 1.0000
vt 0.7917 0.1094 1.0000
vt 0.7917 0.0909 1.0000
vt 0.8333 0.1266 1.0000
vt 0.7917 0.1266 1.0000
vt 0.7500 0.1266 1.0000
vt 0.7500 0.1094 1.0000
vt 0.7500 0.0909 1.0000
vt 0.9167 0.0875 1.0000
vt 0.9167 0.1094 1.0000
vt 0.8750 0.1094 1.0000
vt 0.8750 0.0909 1.0000
vt 0.9167 0.1312 1.0000
vt 0.8750 0.1266 1.0000
vt 0.0000 0.0909 1.0000
vt 0.0000 0.1094 1.0000
vt -0.0417 0.1094 1.0000
vt -0.0417 0.0909 1.0000
vt 0.0000 0.1266 1.0000
vt -0.0417 0.1266 1.0000
vt -0.0833 0.1312 1.0000
vt -0.0833 0.1094 1.0000
vt -0.0833 0.0875 1.0000
vt 0.0833 0.0909 1.0000
vt 0.0833 0.1094 1.0000
vt 0.0417 0.1094 1.0000
vt 0.0417 0.0909 1.0000
vt 0.0833 0.1266 1.0000
vt 0.0417 0.1266 1.0000
vt 0.1667 0.0909 1.0000
vt 0.1667 0.1094 1.0000
vt 0.1250 0.1094 1.0000
vt 0.1250 0.0909 1.0000
vt 0.1667 0.1266 1.0000
vt 0.1250 0.1266 1.0000
vt 0.2500 0.0909 1.0000
vt 0.2500 0.1094 1.0000
vt 0.2083 0.1094 1.0000
vt 0.2083 0.0909 1.0000
vt 0.2500 0.1266 1.0000
vt 0.2083 0.1266 1.0000
vt 0.3333 0.0909 1.0000
vt 0.3333 0.1094 1.0000
vt 0.2917 0.1094 1.0000
vt 0.2917 0.0909 1.0000
vt 0.3333 0.1266 1.0000
vt 0.2917 0.1266 1.0000
vt 0.4167 0.0909 1.0000
vt 0.4167 0.1094 1.0000
vt 0.3750 0.1094 1.0000
vt 0.3750 0.0909 1.0000
vt 0.4167 0.1266 1.0000
vt 0.3750 0.1266 1.0000
vt 0.5000 0.0909 1.0000
vt 0.5000 0.1094 1.0000
vt 0.4583 0.1094 1.0000
vt 0.4583 0.0909 1.0000
vt 0.5000 0.1266 1.0000
vt 0.4583 0.1266 1.0000
vt 0.5833 0.0909 1.0000
vt 0.5833 0.1094 1.0000
vt 0.5417 0.1094 1.0000
vt 0.5417 0.0909 1.0000
vt 0.5833 0.1266 1.0000
vt 0.5417 0.1266 1.0000
vt 0.6667 0.0909 1.0000
vt 0.6667 0.1094 1.0000
vt 0.6250 0.1094 1.0000
vt 0.6250 0.0909 1.0000
vt 0.6667 0.1266 1.0000
vt 0.6250 0.1266 1.0000
vt 0.7083 0.1094 1.0000
vt 0.7083 0.0909 1.0000
vt 0.7083 0.1266 1.0000
vt 0.8333 0.1345 1.0000
vt 0.7917 0.1345 1.0000
vt 0.8333 0.1416 1.0000
vt 0.7917 0.1416 1.0000
vt 0.7500 0.1416 1.0000
vt 0.7500 0.1345 1.0000
vt 0.9167 0.1345 1.0000
vt 0.8750 0.1345 1.0000
vt 0.9167 0.1378 1.0000
vt 0.8750 0.1416 1.0000
vt 0.0000 0.1345 1.0000
vt -0.0417 0.1345 1.0000
vt 0.0000 0.1416 1.0000
vt -0.0417 0.1416 1.0000
vt -0.0833 0.1378 1.0000
vt -0.0833 0.1345 1.0000
vt 0.0833 0.1345 1.0000
vt 0.0417 0.1345 1.0000
vt 0.0833 0.1416 1.0000
vt 0.0417 0.1416 1.0000
vt 0.1667 0.1345 1.0000
vt 0.1250 0.1345 1.0000
vt 0.1667 0.1416 1.0000
vt 0.1250 0.1416 1.0000
vt 0.2500 0.1345 1.0000
vt 0.2083 0.1345 1.0000
vt 0.2500 0.1416 1.0000
vt 0.2083 0.1416 1.0000
vt 0.3333 0.1345 1.0000
vt 0.2917 0.1345 1.0000
vt 0.3333 0.1416 1.0000
vt 0.2917 0.1416 1.0000
vt 0.4167 0.1345 1.0000
vt 0.3750 0.1345 1.0000
vt 0.4167 0.1416 1.0000
vt 0.3750 0.1416 1.0000
vt 0.5000 0.1345 1.0000
vt 0.4583 0.1345 1.0000
vt 0.5000 0.1416 1.0000
vt 0.4583 0.1416 1.0000
vt 0.5833 0.1345 1.0000
vt 0.5417 0.1345 1.0000
vt 0.5833 0.1416 1.0000
vt 0.5417 0.1416 1.0000
vt 0.6667 0.1345 1.0000
vt 0.6250 0.1345 1.0000
vt 0.6667 0.1416 1.0000
vt 0.6250 0.1416 1.0000
vt 0.7083 0.1345 1.0000
vt 0.7083 0.1416 1.0000
vt 0.8333 0.6875 1.0000
vt 0.7917 0.6875 1.0000
vt 0.7500 0.6875 1.0000
vt 0.9167 0.6875 1.0000
vt 0.8750 0.6875 1.0000
vt 0.0000 0.6875 1.0000
vt -0.0417 0.6875 1.0000
vt -0.0833 0.6875 1.0000
vt 0.0833 0.6875 1.0000
vt 0.0417 0.6875 1.0000
vt 0.1667 0.6875 1.0000
vt 0.1250 0.6875 1.0000
vt 0.2500 0.6875 1.0000
vt 0.2083 0.6875 1.0000
vt 0.3333 0.6875 1.0000
vt 0.2917 0.6875 1.0000
vt 0.4167 0.6875 1.0000
vt 0.3750 0.6875 1.0000
vt 0.5000 0.6875 1.0000
vt 0.4583 0.6875 1.0000
vt 0.5833 0.6875 1.0000
vt 0.5417 0.6875 1.0000
vt 0.6667 0.6875 1.0000
vt 0.6250 0.6875 1.0000
vt 0.7083 0.6875 1.0000
vt 0.8333 1.0000 1.0000
vt 0.7917 1.0000 1.0000
vt 0.7500 1.0000 1.0000
vt 0.8750 1.0000 1.0000
vt 0.0000 1.0000 1.0000
vt -0.0417 1.0000 1.0000
vt 0.0833 1.0000 1.0000
vt 0.0417 1.0000 1.0000
vt 0.1667 1.0000 1.0000
vt 0.1250 1.0000 1.0000
vt 0.2500 1.0000 1.0000
vt 0.2083 1.0000 1.0000
vt 0.3333 1.0000 1.0000
vt 0.2917 1.0000 1.0000
vt 0.4167 1.0000 1.0000
vt 0.3750 1.0000 1.0000
vt 0.5000 1.0000 1.0000
vt 0.4583 1.0000 1.0000
vt 0.5833 1.0000 1.0000
vt 0.5417 1.0000 1.0000
vt 0.6667 1.0000 1.0000
vt 0.6250 1.0000 1.0000
vt 0.7083 1.0000 1.0000
vt 0.8333 0.0021 1.0000
vt 0.7917 0.0021 1.0000
vt 0.7917 0.0000 1.0000
vt 0.8333 0.0000 1.0000
vt 0.7500 0.0021 1.0000
vt 0.7500 0.0000 1.0000
vt 0.9167 0.0000 1.0000
vt 0.8750 0.0021 1.0000
vt 0.8750 0.0000 1.0000
vt 0.0000 0.0021 1.0000
vt -0.0417 0.0021 1.0000
vt -0.0417 0.0000 1.0000
vt 0.0000 0.0000 1.0000
vt -0.0833 0.0000 1.0000
vt 0.0833 0.0021 1.0000
vt 0.0417 0.0021 1.0000
vt 0.0417 0.0000 1.0000
vt 0.0833 0.0000 1.0000
vt 0.1667 0.0021 1.0000
vt 0.1250 0.0021 1.0000
vt 0.1250 0.0000 1.0000
vt 0.1667 0.0000 1.0000
vt 0.2500 0.0021 1.0000
vt 0.2083 0.0021 1.0000
vt 0.2083 0.0000 1.0000
vt 0.2500 0.0000 1.0000
vt 0.3333 0.0021 1.0000
vt 0.2917 0.0021 1.0000
vt 0.2917 0.0000 1.0000
vt 0.3333 0.0000 1.0000
vt 0.4167 0.0021 1.0000
vt 0.3750 0.0021 1.0000
vt 0.3750 0.0000 1.0000
vt 0.4167 0.0000 1.0000
vt 0.5000 0.0021 1.0000
vt 0.4583 0.0021 1.0000
vt 0.4583 0.0000 1.0000
vt 0.5000 0.0000 1.0000
vt 0.5833 0.0021 1.0000
vt 0.5417 0.0021 1.0000
vt 0.5417 0.0000 1.0000
vt 0.5833 0.0000 1.0000
vt 0.6667 0.0021 1.0000
vt 0.6250 0.0021 1.0000
vt 0.6250 0.0000 1.0000
vt 0.6667 0.0000 1.0000
vt 0.7083 0.0021 1.0000
vt 0.7083 0.0000 1.0000
vt 0.6875 0.0000 1.0000
vt 0.7269 0.0000 1.0000
vt 0.0625 0.0000 1.0000
vt 0.1157 0.0000 1.0000
vt 0.1875 0.0000 1.0000
vt 0.1898 0.0000 1.0000
vt 0.2639 0.0000 1.0000
vt 0.3125 0.0000 1.0000
vt 0.3380 0.0000 1.0000
vt 0.4120 0.0000 1.0000
vt 0.4375 0.0000 1.0000
vt 0.4861 0.0000 1.0000
vt 0.5602 0.0000 1.0000
vt 0.5625 0.0000 1.0000
vt 0.6343 0.0000 1.0000
vt 0.8333 0.0793 1.0000
vt 0.7917 0.0793 1.0000
vt 0.7500 0.0793 1.0000
vt 0.7500 0.0082 1.0000
vt 0.7917 0.0082 1.0000
vt 0.8333 0.0082 1.0000
vt 0.9167 0.0793 1.0000
vt 0.8750 0.0793 1.0000
vt 0.8750 0.0082 1.0000
vt 0.9167 0.0082 1.0000
vt 0.0000 0.0793 1.0000
vt -0.0417 0.0793 1.0000
vt -0.0833 0.0793 1.0000
vt -0.0833 0.0082 1.0000
vt -0.0417 0.0082 1.0000
vt 0.0000 0.0082 1.0000
vt 0.0833 0.0793 1.0000
vt 0.0417 0.0793 1.0000
vt 0.0417 0.0082 1.0000
vt 0.0833 0.0082 1.0000
vt 0.1667 0.0793 1.0000
vt 0.1250 0.0793 1.0000
vt 0.1250 0.0082 1.0000
vt 0.1667 0.0082 1.0000
vt 0.2500 0.0793 1.0000
vt 0.2083 0.0793 1.0000
vt 0.2083 0.0082 1.0000
vt 0.2500 0.0082 1.0000
vt 0.3333 0.0793 1.0000
vt 0.2917 0.0793 1.0000
vt 0.2917 0.0082 1.0000
vt 0.3333 0.0082 1.0000
vt 0.4167 0.0793 1.0000
vt 0.3750 0.0793 1.0000
vt 0.3750 0.0082 1.0000
vt 0.4167 0.0082 1.0000
vt 0.5000 0.0793 1.0000
vt 0.4583 0.0793 1.0000
vt 0.4583 0.0082 1.0000
vt 0.5000 0.0082 1.0000
vt 0.5833 0.0793 1.0000
vt 0.5417 0.0793 1.0000
vt 0.5417 0.0082 1.0000
vt 0.5833 0.0082 1.0000
vt 0.6667 0.0793 1.0000
vt 0.6250 0.0793 1.0000
vt 0.6250 0.0082 1.0000
vt 0.6667 0.0082 1.0000
vt 0.7083 0.0793 1.0000
vt 0.7083 0.0082 1.0000
vt 0.8333 0.1564 1.0000
vt 0.7917 0.1564 1.0000
vt 0.7500 0.1564 1.0000
vt 0.9167 0.1564 1.0000
vt 0.8750 0.1564 1.0000
vt 0.0000 0.1564 1.0000
vt -0.0417 0.1564 1.0000
vt -0.0833 0.1564 1.0000
vt 0.0833 0.1564 1.0000
vt 0.0417 0.1564 1.0000
vt 0.1667 0.1564 1.0000
vt 0.1250 0.1564 1.0000
vt 0.2500 0.1564 1.0000
vt 0.2083 0.1564 1.0000
vt 0.3333 0.1564 1.0000
vt 0.2917 0.1564 1.0000
vt 0.4167 0.1564 1.0000
vt 0.3750 0.1564 1.0000
vt 0.5000 0.1564 1.0000
vt 0.4583 0.1564 1.0000
vt 0.5833 0.1564 1.0000
vt 0.5417 0.1564 1.0000
vt 0.6667 0.1564 1.0000
vt 0.6250 0.1564 1.0000
vt 0.7083 0.1564 1.0000
vt 0.7176 1.0000 1.0000
vt 0.7708 1.0000 1.0000
vt 0.1065 1.0000 1.0000
vt 0.1458 1.0000 1.0000
vt 0.1991 1.0000 1.0000
vt 0.2731 1.0000 1.0000
vt 0.2708 1.0000 1.0000
vt 0.3472 1.0000 1.0000
vt 0.4213 1.0000 1.0000
vt 0.3958 1.0000 1.0000
vt 0.4954 1.0000 1.0000
vt 0.5694 1.0000 1.0000
vt 0.5208 1.0000 1.0000
vt 0.6435 1.0000 1.0000
vt 0.6458 1.0000 1.0000
# 651 texture coords

o Body
g Body
usemtl wire_115115115
s 2
f 1/1/1 2/2/2 3/3/3 4/4/4 
f 2/2/2 5/5/5 6/6/4 3/3/3 
f 7/7/6 8/8/7 3/3/3 6/6/4 
f 8/8/7 9/9/8 4/4/4 3/3/3 
f 10/10/9 11/11/10 12/12/11 13/13/12 
f 11/11/10 14/14/13 15/15/12 12/12/11 
f 5/5/5 2/2/2 12/12/11 15/15/12 
f 2/2/2 1/1/1 13/13/12 12/12/11 
f 16/16/14 17/17/15 18/18/16 19/19/17 
f 17/17/15 20/20/18 21/21/17 18/18/16 
f 14/22/13 11/23/10 18/18/16 21/21/17 
f 11/23/10 10/24/9 19/19/17 18/18/16 
f 22/25/19 23/26/20 24/27/21 25/28/22 
f 23/26/20 26/29/23 27/30/22 24/27/21 
f 20/20/18 17/17/15 24/27/21 27/30/22 
f 17/17/15 16/16/14 25/28/22 24/27/21 
f 28/31/24 29/32/25 30/33/26 31/34/27 
f 29/32/25 32/35/28 33/36/27 30/33/26 
f 26/29/23 23/26/20 30/33/26 33/36/27 
f 23/26/20 22/25/19 31/34/27 30/33/26 
f 34/37/29 35/38/30 36/39/31 37/40/32 
f 35/38/30 38/41/33 39/42/32 36/39/31 
f 32/35/28 29/32/25 36/39/31 39/42/32 
f 29/32/25 28/31/24 37/40/32 36/39/31 
f 40/43/34 41/44/35 42/45/36 43/46/37 
f 41/44/35 44/47/38 45/48/37 42/45/36 
f 38/41/33 35/38/30 42/45/36 45/48/37 
f 35/38/30 34/37/29 43/46/37 42/45/36 
f 46/49/39 47/50/40 48/51/41 49/52/42 
f 47/50/40 50/53/43 51/54/42 48/51/41 
f 44/47/38 41/44/35 48/51/41 51/54/42 
f 41/44/35 40/43/34 49/52/42 48/51/41 
f 52/55/44 53/56/45 54/57/46 55/58/47 
f 53/56/45 56/59/48 57/60/47 54/57/46 
f 50/53/43 47/50/40 54/57/46 57/60/47 
f 47/50/40 46/49/39 55/58/47 54/57/46 
f 58/61/49 59/62/50 60/63/51 61/64/52 
f 59/62/50 62/65/53 63/66/52 60/63/51 
f 56/59/48 53/56/45 60/63/51 63/66/52 
f 53/56/45 52/55/44 61/64/52 60/63/51 
f 64/67/54 65/68/55 66/69/56 67/70/57 
f 65/68/55 68/71/58 69/72/57 66/69/56 
f 62/65/53 59/62/50 66/69/56 69/72/57 
f 59/62/50 58/61/49 67/70/57 66/69/56 
f 9/9/8 8/8/7 70/73/59 71/74/60 
f 8/8/7 7/7/6 72/75/60 70/73/59 
f 68/71/58 65/68/55 70/73/59 72/75/60 
f 65/68/55 64/67/54 71/74/60 70/73/59 
f 73/76/61 74/77/62 75/78/63 76/79/64 
f 74/77/62 77/80/65 78/81/66 75/78/63 
f 79/82/67 80/83/68 75/78/63 78/81/66 
f 80/83/68 81/84/69 76/79/64 75/78/63 
f 77/80/65 82/85/70 83/86/71 78/81/66 
f 82/85/70 84/87/72 85/88/73 83/86/71 
f 86/89/74 87/90/75 83/86/71 85/88/73 
f 87/90/75 79/82/67 78/81/66 83/86/71 
f 84/91/72 88/92/76 89/93/77 85/94/73 
f 88/92/76 90/95/78 91/96/79 89/93/77 
f 92/97/80 93/98/81 89/93/77 91/96/79 
f 93/98/81 86/99/74 85/94/73 89/93/77 
f 90/95/78 94/100/82 95/101/83 91/96/79 
f 94/100/82 96/102/84 97/103/85 95/101/83 
f 98/104/86 99/105/87 95/101/83 97/103/85 
f 99/105/87 92/97/80 91/96/79 95/101/83 
f 96/102/84 100/106/88 101/107/89 97/103/85 
f 100/106/88 102/108/90 103/109/91 101/107/89 
f 104/110/92 105/111/93 101/107/89 103/109/91 
f 105/111/93 98/104/86 97/103/85 101/107/89 
f 102/108/90 106/112/94 107/113/95 103/109/91 
f 106/112/94 108/114/96 109/115/97 107/113/95 
f 110/116/98 111/117/99 107/113/95 109/115/97 
f 111/117/99 104/110/92 103/109/91 107/113/95 
f 108/114/96 112/118/100 113/119/101 109/115/97 
f 112/118/100 114/120/102 115/121/103 113/119/101 
f 116/122/104 117/123/105 113/119/101 115/121/103 
f 117/123/105 110/116/98 109/115/97 113/119/101 
f 114/120/102 118/124/106 119/125/107 115/121/103 
f 118/124/106 120/126/108 121/127/109 119/125/107 
f 122/128/110 123/129/111 119/125/107 121/127/109 
f 123/129/111 116/122/104 115/121/103 119/125/107 
f 120/126/108 124/130/112 125/131/113 121/127/109 
f 124/130/112 126/132/114 127/133/115 125/131/113 
f 128/134/116 129/135/117 125/131/113 127/133/115 
f 129/135/117 122/128/110 121/127/109 125/131/113 
f 126/132/114 130/136/118 131/137/119 127/133/115 
f 130/136/118 132/138/120 133/139/121 131/137/119 
f 134/140/122 135/141/123 131/137/119 133/139/121 
f 135/141/123 128/134/116 127/133/115 131/137/119 
f 132/138/120 136/142/124 137/143/125 133/139/121 
f 136/142/124 138/144/126 139/145/127 137/143/125 
f 140/146/128 141/147/129 137/143/125 139/145/127 
f 141/147/129 134/140/122 133/139/121 137/143/125 
f 138/144/126 142/148/130 143/149/131 139/145/127 
f 142/148/130 73/76/61 76/79/64 143/149/131 
f 81/84/69 144/150/132 143/149/131 76/79/64 
f 144/150/132 140/146/128 139/145/127 143/149/131 
f 145/151/133 146/152/134 147/153/135 148/154/136 
f 146/152/134 77/80/65 74/77/62 147/153/135 
f 73/76/61 149/155/137 147/153/135 74/77/62 
f 149/155/137 150/156/138 148/154/136 147/153/135 
f 151/157/139 152/158/140 153/159/141 154/160/142 
f 152/158/140 84/87/72 82/85/70 153/159/141 
f 77/80/65 146/152/134 153/159/141 82/85/70 
f 146/152/134 145/151/133 154/160/142 153/159/141 
f 155/161/143 156/162/144 157/163/145 158/164/146 
f 156/162/144 90/95/78 88/92/76 157/163/145 
f 84/91/72 152/165/140 157/163/145 88/92/76 
f 152/165/140 151/166/139 158/164/146 157/163/145 
f 159/167/147 160/168/148 161/169/149 162/170/150 
f 160/168/148 96/102/84 94/100/82 161/169/149 
f 90/95/78 156/162/144 161/169/149 94/100/82 
f 156/162/144 155/161/143 162/170/150 161/169/149 
f 163/171/151 164/172/152 165/173/153 166/174/154 
f 164/172/152 102/108/90 100/106/88 165/173/153 
f 96/102/84 160/168/148 165/173/153 100/106/88 
f 160/168/148 159/167/147 166/174/154 165/173/153 
f 167/175/155 168/176/156 169/177/157 170/178/158 
f 168/176/156 108/114/96 106/112/94 169/177/157 
f 102/108/90 164/172/152 169/177/157 106/112/94 
f 164/172/152 163/171/151 170/178/158 169/177/157 
f 171/179/159 172/180/160 173/181/161 174/182/162 
f 172/180/160 114/120/102 112/118/100 173/181/161 
f 108/114/96 168/176/156 173/181/161 112/118/100 
f 168/176/156 167/175/155 174/182/162 173/181/161 
f 175/183/163 176/184/164 177/185/165 178/186/166 
f 176/184/164 120/126/108 118/124/106 177/185/165 
f 114/120/102 172/180/160 177/185/165 118/124/106 
f 172/180/160 171/179/159 178/186/166 177/185/165 
f 179/187/167 180/188/168 181/189/169 182/190/170 
f 180/188/168 126/132/114 124/130/112 181/189/169 
f 120/126/108 176/184/164 181/189/169 124/130/112 
f 176/184/164 175/183/163 182/190/170 181/189/169 
f 183/191/171 184/192/172 185/193/173 186/194/174 
f 184/192/172 132/138/120 130/136/118 185/193/173 
f 126/132/114 180/188/168 185/193/173 130/136/118 
f 180/188/168 179/187/167 186/194/174 185/193/173 
f 187/195/175 188/196/176 189/197/177 190/198/178 
f 188/196/176 138/144/126 136/142/124 189/197/177 
f 132/138/120 184/192/172 189/197/177 136/142/124 
f 184/192/172 183/191/171 190/198/178 189/197/177 
f 150/156/138 149/155/137 191/199/179 192/200/180 
f 149/155/137 73/76/61 142/148/130 191/199/179 
f 138/144/126 188/196/176 191/199/179 142/148/130 
f 188/196/176 187/195/175 192/200/180 191/199/179 
f 193/201/181 194/202/182 195/203/183 196/204/184 
f 194/202/182 197/205/185 198/206/186 195/203/183 
f 199/207/187 200/208/188 195/203/183 198/206/186 
f 200/208/188 201/209/189 196/204/184 195/203/183 
f 202/210/190 203/211/191 204/212/192 205/213/193 
f 203/211/191 206/214/194 207/215/195 204/212/192 
f 197/205/185 194/202/182 204/212/192 207/215/195 
f 194/202/182 193/201/181 205/213/193 204/212/192 
f 208/216/196 209/217/197 210/218/198 211/219/199 
f 209/217/197 212/220/200 213/221/201 210/218/198 
f 206/222/194 203/223/191 210/218/198 213/221/201 
f 203/223/191 202/224/190 211/219/199 210/218/198 
f 214/225/202 215/226/203 216/227/204 217/228/205 
f 215/226/203 218/229/206 219/230/207 216/227/204 
f 212/220/200 209/217/197 216/227/204 219/230/207 
f 209/217/197 208/216/196 217/228/205 216/227/204 
f 220/231/208 221/232/209 222/233/210 223/234/211 
f 221/232/209 224/235/212 225/236/213 222/233/210 
f 218/229/206 215/226/203 222/233/210 225/236/213 
f 215/226/203 214/225/202 223/234/211 222/233/210 
f 226/237/214 227/238/215 228/239/216 229/240/217 
f 227/238/215 230/241/218 231/242/219 228/239/216 
f 224/235/212 221/232/209 228/239/216 231/242/219 
f 221/232/209 220/231/208 229/240/217 228/239/216 
f 232/243/220 233/244/221 234/245/222 235/246/223 
f 233/244/221 236/247/224 237/248/225 234/245/222 
f 230/241/218 227/238/215 234/245/222 237/248/225 
f 227/238/215 226/237/214 235/246/223 234/245/222 
f 238/249/226 239/250/227 240/251/228 241/252/229 
f 239/250/227 242/253/230 243/254/231 240/251/228 
f 236/247/224 233/244/221 240/251/228 243/254/231 
f 233/244/221 232/243/220 241/252/229 240/251/228 
f 244/255/232 245/256/233 246/257/234 247/258/235 
f 245/256/233 248/259/236 249/260/237 246/257/234 
f 242/253/230 239/250/227 246/257/234 249/260/237 
f 239/250/227 238/249/226 247/258/235 246/257/234 
f 250/261/238 251/262/239 252/263/240 253/264/241 
f 251/262/239 254/265/242 255/266/243 252/263/240 
f 248/259/236 245/256/233 252/263/240 255/266/243 
f 245/256/233 244/255/232 253/264/241 252/263/240 
f 256/267/244 257/268/245 258/269/246 259/270/247 
f 257/268/245 260/271/248 261/272/249 258/269/246 
f 254/265/242 251/262/239 258/269/246 261/272/249 
f 251/262/239 250/261/238 259/270/247 258/269/246 
f 201/209/189 200/208/188 262/273/250 263/274/251 
f 200/208/188 199/207/187 264/275/252 262/273/250 
f 260/271/248 257/268/245 262/273/250 264/275/252 
f 257/268/245 256/267/244 263/274/251 262/273/250 
f 197/205/185 265/276/253 266/277/254 198/206/186 
f 265/276/253 267/278/255 268/279/256 266/277/254 
f 269/280/257 270/281/258 266/277/254 268/279/256 
f 270/281/258 199/207/187 198/206/186 266/277/254 
f 206/214/194 271/282/259 272/283/260 207/215/195 
f 271/282/259 273/284/261 274/285/262 272/283/260 
f 267/278/255 265/276/253 272/283/260 274/285/262 
f 265/276/253 197/205/185 207/215/195 272/283/260 
f 212/220/200 275/286/263 276/287/264 213/221/201 
f 275/286/263 277/288/265 278/289/266 276/287/264 
f 273/290/261 271/291/259 276/287/264 278/289/266 
f 271/291/259 206/222/194 213/221/201 276/287/264 
f 218/229/206 279/292/267 280/293/268 219/230/207 
f 279/292/267 281/294/269 282/295/270 280/293/268 
f 277/288/265 275/286/263 280/293/268 282/295/270 
f 275/286/263 212/220/200 219/230/207 280/293/268 
f 224/235/212 283/296/271 284/297/272 225/236/213 
f 283/296/271 285/298/273 286/299/274 284/297/272 
f 281/294/269 279/292/267 284/297/272 286/299/274 
f 279/292/267 218/229/206 225/236/213 284/297/272 
f 230/241/218 287/300/275 288/301/276 231/242/219 
f 287/300/275 289/302/277 290/303/278 288/301/276 
f 285/298/273 283/296/271 288/301/276 290/303/278 
f 283/296/271 224/235/212 231/242/219 288/301/276 
f 236/247/224 291/304/279 292/305/280 237/248/225 
f 291/304/279 293/306/281 294/307/282 292/305/280 
f 289/302/277 287/300/275 292/305/280 294/307/282 
f 287/300/275 230/241/218 237/248/225 292/305/280 
f 242/253/230 295/308/283 296/309/284 243/254/231 
f 295/308/283 297/310/285 298/311/286 296/309/284 
f 293/306/281 291/304/279 296/309/284 298/311/286 
f 291/304/279 236/247/224 243/254/231 296/309/284 
f 248/259/236 299/312/287 300/313/288 249/260/237 
f 299/312/287 301/314/289 302/315/290 300/313/288 
f 297/310/285 295/308/283 300/313/288 302/315/290 
f 295/308/283 242/253/230 249/260/237 300/313/288 
f 254/265/242 303/316/291 304/317/292 255/266/243 
f 303/316/291 305/318/293 306/319/294 304/317/292 
f 301/314/289 299/312/287 304/317/292 306/319/294 
f 299/312/287 248/259/236 255/266/243 304/317/292 
f 260/271/248 307/320/295 308/321/296 261/272/249 
f 307/320/295 309/322/297 310/323/298 308/321/296 
f 305/318/293 303/316/291 308/321/296 310/323/298 
f 303/316/291 254/265/242 261/272/249 308/321/296 
f 199/207/187 270/281/258 311/324/299 264/275/252 
f 270/281/258 269/280/257 312/325/300 311/324/299 
f 309/322/297 307/320/295 311/324/299 312/325/300 
f 307/320/295 260/271/248 264/275/252 311/324/299 
f 313/326/301 314/327/302 315/328/303 316/329/304 
f 314/327/302 317/330/305 318/331/306 315/328/303 
f 319/332/307 320/333/308 315/328/303 318/331/306 
f 320/333/308 321/334/309 316/329/304 315/328/303 
f 322/335/310 323/336/311 324/337/312 325/338/313 
f 323/336/311 326/339/314 327/340/315 324/337/312 
f 317/330/305 314/327/302 324/337/312 327/340/315 
f 314/327/302 313/326/301 325/338/313 324/337/312 
f 328/341/316 329/342/317 330/343/318 331/344/319 
f 329/342/317 332/345/320 333/346/321 330/343/318 
f 326/347/314 323/348/311 330/343/318 333/346/321 
f 323/348/311 322/349/310 331/344/319 330/343/318 
f 334/350/322 335/351/323 336/352/324 337/353/325 
f 335/351/323 338/354/326 339/355/327 336/352/324 
f 332/345/320 329/342/317 336/352/324 339/355/327 
f 329/342/317 328/341/316 337/353/325 336/352/324 
f 340/356/328 341/357/329 342/358/330 343/359/331 
f 341/357/329 344/360/332 345/361/333 342/358/330 
f 338/354/326 335/351/323 342/358/330 345/361/333 
f 335/351/323 334/350/322 343/359/331 342/358/330 
f 346/362/334 347/363/335 348/364/336 349/365/337 
f 347/363/335 350/366/338 351/367/339 348/364/336 
f 344/360/332 341/357/329 348/364/336 351/367/339 
f 341/357/329 340/356/328 349/365/337 348/364/336 
f 352/368/340 353/369/341 354/370/342 355/371/343 
f 353/369/341 356/372/344 357/373/345 354/370/342 
f 350/366/338 347/363/335 354/370/342 357/373/345 
f 347/363/335 346/362/334 355/371/343 354/370/342 
f 358/374/346 359/375/347 360/376/348 361/377/349 
f 359/375/347 362/378/350 363/379/351 360/376/348 
f 356/372/344 353/369/341 360/376/348 363/379/351 
f 353/369/341 352/368/340 361/377/349 360/376/348 
f 364/380/352 365/381/353 366/382/354 367/383/355 
f 365/381/353 368/384/356 369/385/357 366/382/354 
f 362/378/350 359/375/347 366/382/354 369/385/357 
f 359/375/347 358/374/346 367/383/355 366/382/354 
f 370/386/358 371/387/359 372/388/360 373/389/361 
f 371/387/359 374/390/362 375/391/363 372/388/360 
f 368/384/356 365/381/353 372/388/360 375/391/363 
f 365/381/353 364/380/352 373/389/361 372/388/360 
f 376/392/364 377/393/365 378/394/366 379/395/367 
f 377/393/365 380/396/368 381/397/369 378/394/366 
f 374/390/362 371/387/359 378/394/366 381/397/369 
f 371/387/359 370/386/358 379/395/367 378/394/366 
f 321/334/309 320/333/308 382/398/370 383/399/371 
f 320/333/308 319/332/307 384/400/372 382/398/370 
f 380/396/368 377/393/365 382/398/370 384/400/372 
f 377/393/365 376/392/364 383/399/371 382/398/370 
f 317/330/305 385/401/373 386/402/374 318/331/306 
f 385/401/373 387/403/375 388/404/376 386/402/374 
f 389/405/377 390/406/378 386/402/374 388/404/376 
f 390/406/378 319/332/307 318/331/306 386/402/374 
f 326/339/314 391/407/379 392/408/380 327/340/315 
f 391/407/379 393/409/381 394/410/382 392/408/380 
f 387/403/375 385/401/373 392/408/380 394/410/382 
f 385/401/373 317/330/305 327/340/315 392/408/380 
f 332/345/320 395/411/383 396/412/384 333/346/321 
f 395/411/383 397/413/385 398/414/386 396/412/384 
f 393/415/381 391/416/379 396/412/384 398/414/386 
f 391/416/379 326/347/314 333/346/321 396/412/384 
f 338/354/326 399/417/387 400/418/388 339/355/327 
f 399/417/387 401/419/389 402/420/390 400/418/388 
f 397/413/385 395/411/383 400/418/388 402/420/390 
f 395/411/383 332/345/320 339/355/327 400/418/388 
f 344/360/332 403/421/391 404/422/392 345/361/333 
f 403/421/391 405/423/393 406/424/394 404/422/392 
f 401/419/389 399/417/387 404/422/392 406/424/394 
f 399/417/387 338/354/326 345/361/333 404/422/392 
f 350/366/338 407/425/395 408/426/396 351/367/339 
f 407/425/395 409/427/397 410/428/398 408/426/396 
f 405/423/393 403/421/391 408/426/396 410/428/398 
f 403/421/391 344/360/332 351/367/339 408/426/396 
f 356/372/344 411/429/399 412/430/400 357/373/345 
f 411/429/399 413/431/401 414/432/402 412/430/400 
f 409/427/397 407/425/395 412/430/400 414/432/402 
f 407/425/395 350/366/338 357/373/345 412/430/400 
f 362/378/350 415/433/403 416/434/404 363/379/351 
f 415/433/403 417/435/405 418/436/406 416/434/404 
f 413/431/401 411/429/399 416/434/404 418/436/406 
f 411/429/399 356/372/344 363/379/351 416/434/404 
f 368/384/356 419/437/407 420/438/408 369/385/357 
f 419/437/407 421/439/409 422/440/410 420/438/408 
f 417/435/405 415/433/403 420/438/408 422/440/410 
f 415/433/403 362/378/350 369/385/357 420/438/408 
f 374/390/362 423/441/411 424/442/412 375/391/363 
f 423/441/411 425/443/413 426/444/414 424/442/412 
f 421/439/409 419/437/407 424/442/412 426/444/414 
f 419/437/407 368/384/356 375/391/363 424/442/412 
f 380/396/368 427/445/415 428/446/416 381/397/369 
f 427/445/415 429/447/417 430/448/418 428/446/416 
f 425/443/413 423/441/411 428/446/416 430/448/418 
f 423/441/411 374/390/362 381/397/369 428/446/416 
f 319/332/307 390/406/378 431/449/419 384/400/372 
f 390/406/378 389/405/377 432/450/420 431/449/419 
f 429/447/417 427/445/415 431/449/419 432/450/420 
f 427/445/415 380/396/368 384/400/372 431/449/419 
f 79/82/67 433/451/421 434/452/422 80/83/68 
f 433/451/421 193/201/181 196/204/184 434/452/422 
f 201/209/189 435/453/423 434/452/422 196/204/184 
f 435/453/423 81/84/69 80/83/68 434/452/422 
f 86/89/74 436/454/424 437/455/425 87/90/75 
f 436/454/424 202/210/190 205/213/193 437/455/425 
f 193/201/181 433/451/421 437/455/425 205/213/193 
f 433/451/421 79/82/67 87/90/75 437/455/425 
f 92/97/80 438/456/426 439/457/427 93/98/81 
f 438/456/426 208/216/196 211/219/199 439/457/427 
f 202/224/190 436/458/424 439/457/427 211/219/199 
f 436/458/424 86/99/74 93/98/81 439/457/427 
f 98/104/86 440/459/428 441/460/429 99/105/87 
f 440/459/428 214/225/202 217/228/205 441/460/429 
f 208/216/196 438/456/426 441/460/429 217/228/205 
f 438/456/426 92/97/80 99/105/87 441/460/429 
f 104/110/92 442/461/430 443/462/431 105/111/93 
f 442/461/430 220/231/208 223/234/211 443/462/431 
f 214/225/202 440/459/428 443/462/431 223/234/211 
f 440/459/428 98/104/86 105/111/93 443/462/431 
f 110/116/98 444/463/432 445/464/433 111/117/99 
f 444/463/432 226/237/214 229/240/217 445/464/433 
f 220/231/208 442/461/430 445/464/433 229/240/217 
f 442/461/430 104/110/92 111/117/99 445/464/433 
f 116/122/104 446/465/434 447/466/435 117/123/105 
f 446/465/434 232/243/220 235/246/223 447/466/435 
f 226/237/214 444/463/432 447/466/435 235/246/223 
f 444/463/432 110/116/98 117/123/105 447/466/435 
f 122/128/110 448/467/436 449/468/437 123/129/111 
f 448/467/436 238/249/226 241/252/229 449/468/437 
f 232/243/220 446/465/434 449/468/437 241/252/229 
f 446/465/434 116/122/104 123/129/111 449/468/437 
f 128/134/116 450/469/438 451/470/439 129/135/117 
f 450/469/438 244/255/232 247/258/235 451/470/439 
f 238/249/226 448/467/436 451/470/439 247/258/235 
f 448/467/436 122/128/110 129/135/117 451/470/439 
f 134/140/122 452/471/440 453/472/441 135/141/123 
f 452/471/440 250/261/238 253/264/241 453/472/441 
f 244/255/232 450/469/438 453/472/441 253/264/241 
f 450/469/438 128/134/116 135/141/123 453/472/441 
f 140/146/128 454/473/442 455/474/443 141/147/129 
f 454/473/442 256/267/244 259/270/247 455/474/443 
f 250/261/238 452/471/440 455/474/443 259/270/247 
f 452/471/440 134/140/122 141/147/129 455/474/443 
f 81/84/69 435/453/423 456/475/444 144/150/132 
f 435/453/423 201/209/189 263/274/251 456/475/444 
f 256/267/244 454/473/442 456/475/444 263/274/251 
f 454/473/442 140/146/128 144/150/132 456/475/444 
f 457/476/445 458/476/445 459/477/446 460/477/446 
f 458/476/445 461/476/447 462/477/446 459/477/446 
f 463/478/448 464/478/448 459/477/446 462/477/446 
f 464/478/448 465/478/449 460/477/446 459/477/446 
f 466/284/450 467/284/450 468/479/451 469/479/451 
f 467/284/450 470/284/452 471/479/451 468/479/451 
f 461/476/447 458/476/445 468/479/451 471/479/451 
f 458/476/445 457/476/445 469/479/451 468/479/451 
f 472/480/453 473/480/453 474/481/454 475/481/454 
f 473/480/453 476/480/455 477/481/454 474/481/454 
f 470/290/452 467/290/450 474/481/454 477/481/454 
f 467/290/450 466/290/450 475/481/454 474/481/454 
f 478/482/456 479/482/457 480/483/458 481/483/458 
f 479/482/457 482/482/457 483/483/458 480/483/458 
f 476/480/455 473/480/453 480/483/458 483/483/458 
f 473/480/453 472/480/453 481/483/458 480/483/458 
f 484/484/459 485/484/459 486/485/460 487/485/460 
f 485/484/459 488/484/459 489/485/460 486/485/460 
f 482/482/457 479/482/457 486/485/460 489/485/460 
f 479/482/457 478/482/456 487/485/460 486/485/460 
f 490/486/461 491/486/461 492/487/462 493/487/462 
f 491/486/461 494/486/463 495/487/462 492/487/462 
f 488/484/459 485/484/459 492/487/462 495/487/462 
f 485/484/459 484/484/459 493/487/462 492/487/462 
f 496/488/464 497/488/464 498/489/465 499/489/466 
f 497/488/464 500/488/467 501/489/465 498/489/465 
f 494/486/463 491/486/461 498/489/465 501/489/465 
f 491/486/461 490/486/461 499/489/466 498/489/465 
f 502/490/468 503/490/468 504/491/469 505/491/469 
f 503/490/468 506/490/470 507/491/469 504/491/469 
f 500/488/467 497/488/464 504/491/469 507/491/469 
f 497/488/464 496/488/464 505/491/469 504/491/469 
f 508/492/471 509/492/471 510/493/472 511/493/472 
f 509/492/471 512/492/473 513/493/472 510/493/472 
f 506/490/470 503/490/468 510/493/472 513/493/472 
f 503/490/468 502/490/468 511/493/472 510/493/472 
f 514/494/474 515/494/474 516/495/475 517/495/475 
f 515/494/474 518/494/476 519/495/475 516/495/475 
f 512/492/473 509/492/471 516/495/475 519/495/475 
f 509/492/471 508/492/471 517/495/475 516/495/475 
f 520/496/477 521/496/478 522/497/479 523/497/479 
f 521/496/478 524/496/478 525/497/480 522/497/479 
f 518/494/476 515/494/474 522/497/479 525/497/480 
f 515/494/474 514/494/474 523/497/479 522/497/479 
f 465/478/449 464/478/448 526/498/481 527/498/482 
f 464/478/448 463/478/448 528/498/481 526/498/481 
f 524/496/478 521/496/478 526/498/481 528/498/481 
f 521/496/478 520/496/477 527/498/482 526/498/481 
f 529/478/483 530/477/484 531/477/485 532/478/486 
f 530/477/484 533/476/487 534/476/488 531/477/485 
f 535/476/489 536/477/489 531/477/485 534/476/488 
f 536/477/489 537/478/490 532/478/486 531/477/485 
f 533/476/487 538/479/491 539/479/492 534/476/488 
f 538/479/491 540/284/493 541/284/494 539/479/492 
f 542/284/489 543/479/490 539/479/492 541/284/494 
f 543/479/490 535/476/489 534/476/488 539/479/492 
f 540/290/493 544/481/495 545/481/496 541/290/494 
f 544/481/495 546/480/497 547/480/498 545/481/496 
f 548/480/489 549/481/490 545/481/496 547/480/498 
f 549/481/490 542/290/489 541/290/494 545/481/496 
f 546/480/497 550/483/499 551/483/500 547/480/498 
f 550/483/499 552/482/501 553/482/502 551/483/500 
f 554/482/503 555/483/504 551/483/500 553/482/502 
f 555/483/504 548/480/489 547/480/498 551/483/500 
f 552/482/501 556/485/505 557/485/506 553/482/502 
f 556/485/505 558/484/507 559/484/508 557/485/506 
f 560/484/503 561/485/503 557/485/506 559/484/508 
f 561/485/503 554/482/503 553/482/502 557/485/506 
f 558/484/507 562/487/509 563/487/510 559/484/508 
f 562/487/509 564/486/511 565/486/512 563/487/510 
f 566/486/503 567/487/503 563/487/510 565/486/512 
f 567/487/503 560/484/503 559/484/508 563/487/510 
f 564/486/511 568/489/513 569/489/514 565/486/512 
f 568/489/513 570/488/515 571/488/516 569/489/514 
f 572/488/504 573/489/504 569/489/514 571/488/516 
f 573/489/504 566/486/503 565/486/512 569/489/514 
f 570/488/515 574/491/517 575/491/518 571/488/516 
f 574/491/517 576/490/519 577/490/520 575/491/518 
f 578/490/504 579/491/504 575/491/518 577/490/520 
f 579/491/504 572/488/504 571/488/516 575/491/518 
f 576/490/519 580/493/521 581/493/522 577/490/520 
f 580/493/521 582/492/523 583/492/524 581/493/522 
f 584/492/504 585/493/504 581/493/522 583/492/524 
f 585/493/504 578/490/504 577/490/520 581/493/522 
f 582/492/523 586/495/525 587/495/526 583/492/524 
f 586/495/525 588/494/527 589/494/528 587/495/526 
f 590/494/490 591/495/490 587/495/526 589/494/528 
f 591/495/490 584/492/504 583/492/524 587/495/526 
f 588/494/527 592/497/529 593/497/530 589/494/528 
f 592/497/529 594/496/531 595/496/532 593/497/530 
f 596/496/490 597/497/490 593/497/530 595/496/532 
f 597/497/490 590/494/490 589/494/528 593/497/530 
f 594/496/531 598/498/533 599/498/534 595/496/532 
f 598/498/533 529/478/483 532/478/486 599/498/534 
f 537/478/490 600/498/490 599/498/534 532/478/486 
f 600/498/490 596/496/490 595/496/532 599/498/534 
f 601/476/447 602/476/445 603/477/446 604/477/535 
f 602/476/445 605/476/447 606/477/446 603/477/446 
f 607/478/448 608/478/448 603/477/446 606/477/446 
f 608/478/448 609/478/449 604/477/535 603/477/446 
f 610/284/450 611/284/450 612/479/451 613/479/451 
f 611/284/450 614/284/452 615/479/451 612/479/451 
f 605/476/447 602/476/445 612/479/451 615/479/451 
f 602/476/445 601/476/447 613/479/451 612/479/451 
f 616/480/453 617/480/453 618/481/454 619/481/454 
f 617/480/453 620/480/536 621/481/454 618/481/454 
f 614/290/452 611/290/450 618/481/454 621/481/454 
f 611/290/450 610/290/450 619/481/454 618/481/454 
f 622/482/456 623/482/456 624/483/458 625/483/458 
f 623/482/456 626/482/457 627/483/458 624/483/458 
f 620/480/536 617/480/453 624/483/458 627/483/458 
f 617/480/453 616/480/453 625/483/458 624/483/458 
f 628/484/537 629/484/537 630/485/538 631/485/538 
f 629/484/537 632/484/459 633/485/460 630/485/538 
f 626/482/457 623/482/456 630/485/538 633/485/460 
f 623/482/456 622/482/456 631/485/538 630/485/538 
f 634/486/463 635/486/461 636/487/462 637/487/539 
f 635/486/461 638/486/461 639/487/462 636/487/462 
f 632/484/459 629/484/537 636/487/462 639/487/462 
f 629/484/537 628/484/537 637/487/539 636/487/462 
f 640/488/464 641/488/464 642/489/466 643/489/466 
f 641/488/464 644/488/467 645/489/465 642/489/466 
f 638/486/461 635/486/461 642/489/466 645/489/465 
f 635/486/461 634/486/463 643/489/466 642/489/466 
f 646/490/470 647/490/470 648/491/469 649/491/540 
f 647/490/470 650/490/468 651/491/469 648/491/469 
f 644/488/467 641/488/464 648/491/469 651/491/469 
f 641/488/464 640/488/464 649/491/540 648/491/469 
f 652/492/473 653/492/473 654/493/541 655/493/472 
f 653/492/473 656/492/473 657/493/472 654/493/541 
f 650/490/468 647/490/470 654/493/541 657/493/472 
f 647/490/470 646/490/470 655/493/472 654/493/541 
f 658/494/476 659/494/474 660/495/542 661/495/542 
f 659/494/474 662/494/474 663/495/475 660/495/542 
f 656/492/473 653/492/473 660/495/542 663/495/475 
f 653/492/473 652/492/473 661/495/542 660/495/542 
f 664/496/478 665/496/477 666/497/479 667/497/479 
f 665/496/477 668/496/478 669/497/479 666/497/479 
f 662/494/474 659/494/474 666/497/479 669/497/479 
f 659/494/474 658/494/476 667/497/479 666/497/479 
f 609/478/449 608/478/448 670/498/482 671/498/482 
f 608/478/448 607/478/448 672/498/482 670/498/482 
f 668/496/478 665/496/477 670/498/482 672/498/482 
f 665/496/477 664/496/478 671/498/482 670/498/482 
f 673/478/543 674/477/544 675/477/545 676/478/546 
f 674/477/544 677/476/547 678/476/548 675/477/545 
f 679/476/549 680/477/550 675/477/545 678/476/548 
f 680/477/550 681/478/551 676/478/546 675/477/545 
f 677/476/547 682/479/552 683/479/553 678/476/548 
f 682/479/552 684/284/554 685/284/555 683/479/553 
f 686/284/556 687/479/557 683/479/553 685/284/555 
f 687/479/557 679/476/549 678/476/548 683/479/553 
f 684/290/554 688/481/558 689/481/559 685/290/555 
f 688/481/558 690/480/560 691/480/561 689/481/559 
f 692/480/562 693/481/563 689/481/559 691/480/561 
f 693/481/563 686/290/556 685/290/555 689/481/559 
f 690/480/560 694/483/564 695/483/565 691/480/561 
f 694/483/564 696/482/566 697/482/567 695/483/565 
f 698/482/568 699/483/569 695/483/565 697/482/567 
f 699/483/569 692/480/562 691/480/561 695/483/565 
f 696/482/566 700/485/570 701/485/571 697/482/567 
f 700/485/570 702/484/572 703/484/573 701/485/571 
f 704/484/574 705/485/575 701/485/571 703/484/573 
f 705/485/575 698/482/568 697/482/567 701/485/571 
f 702/484/572 706/487/576 707/487/577 703/484/573 
f 706/487/576 708/486/578 709/486/579 707/487/577 
f 710/486/580 711/487/581 707/487/577 709/486/579 
f 711/487/581 704/484/574 703/484/573 707/487/577 
f 708/486/578 712/489/582 713/489/583 709/486/579 
f 712/489/582 714/488/584 715/488/585 713/489/583 
f 716/488/586 717/489/587 713/489/583 715/488/585 
f 717/489/587 710/486/580 709/486/579 713/489/583 
f 714/488/584 718/491/588 719/491/589 715/488/585 
f 718/491/588 720/490/590 721/490/591 719/491/589 
f 722/490/592 723/491/593 719/491/589 721/490/591 
f 723/491/593 716/488/586 715/488/585 719/491/589 
f 720/490/590 724/493/594 725/493/595 721/490/591 
f 724/493/594 726/492/596 727/492/597 725/493/595 
f 728/492/598 729/493/599 725/493/595 727/492/597 
f 729/493/599 722/490/592 721/490/591 725/493/595 
f 726/492/596 730/495/600 731/495/601 727/492/597 
f 730/495/600 732/494/602 733/494/603 731/495/601 
f 734/494/604 735/495/605 731/495/601 733/494/603 
f 735/495/605 728/492/598 727/492/597 731/495/601 
f 732/494/602 736/497/606 737/497/607 733/494/603 
f 736/497/606 738/496/608 739/496/609 737/497/607 
f 740/496/610 741/497/611 737/497/607 739/496/609 
f 741/497/611 734/494/604 733/494/603 737/497/607 
f 738/496/608 742/498/612 743/498/613 739/496/609 
f 742/498/612 673/478/543 676/478/546 743/498/613 
f 681/478/551 744/498/614 743/498/613 676/478/546 
f 744/498/614 740/496/610 739/496/609 743/498/613 
f 535/476/489 745/476/615 746/477/616 536/477/489 
f 745/476/615 747/476/617 748/477/618 746/477/616 
f 749/478/619 750/478/620 746/477/616 748/477/618 
f 750/478/620 537/478/490 536/477/489 746/477/616 
f 542/284/489 751/284/621 752/479/622 543/479/490 
f 751/284/621 753/284/623 754/479/624 752/479/622 
f 747/476/617 745/476/615 752/479/622 754/479/624 
f 745/476/615 535/476/489 543/479/490 752/479/622 
f 548/480/489 755/480/625 756/481/626 549/481/490 
f 755/480/625 757/480/627 758/481/628 756/481/626 
f 753/290/623 751/290/621 756/481/626 758/481/628 
f 751/290/621 542/290/489 549/481/490 756/481/626 
f 554/482/503 759/482/629 760/483/630 555/483/504 
f 759/482/629 761/482/631 762/483/632 760/483/630 
f 757/480/627 755/480/625 760/483/630 762/483/632 
f 755/480/625 548/480/489 555/483/504 760/483/630 
f 560/484/503 763/484/633 764/485/634 561/485/503 
f 763/484/633 765/484/635 766/485/636 764/485/634 
f 761/482/631 759/482/629 764/485/634 766/485/636 
f 759/482/629 554/482/503 561/485/503 764/485/634 
f 566/486/503 767/486/637 768/487/638 567/487/503 
f 767/486/637 769/486/639 770/487/640 768/487/638 
f 765/484/635 763/484/633 768/487/638 770/487/640 
f 763/484/633 560/484/503 567/487/503 768/487/638 
f 572/488/504 771/488/641 772/489/642 573/489/504 
f 771/488/641 773/488/643 774/489/644 772/489/642 
f 769/486/639 767/486/637 772/489/642 774/489/644 
f 767/486/637 566/486/503 573/489/504 772/489/642 
f 578/490/504 775/490/645 776/491/646 579/491/504 
f 775/490/645 777/490/647 778/491/648 776/491/646 
f 773/488/643 771/488/641 776/491/646 778/491/648 
f 771/488/641 572/488/504 579/491/504 776/491/646 
f 584/492/504 779/492/649 780/493/650 585/493/504 
f 779/492/649 781/492/651 782/493/652 780/493/650 
f 777/490/647 775/490/645 780/493/650 782/493/652 
f 775/490/645 578/490/504 585/493/504 780/493/650 
f 590/494/490 783/494/653 784/495/654 591/495/490 
f 783/494/653 785/494/655 786/495/656 784/495/654 
f 781/492/651 779/492/649 784/495/654 786/495/656 
f 779/492/649 584/492/504 591/495/490 784/495/654 
f 596/496/490 787/496/657 788/497/658 597/497/490 
f 787/496/657 789/496/659 790/497/660 788/497/658 
f 785/494/655 783/494/653 788/497/658 790/497/660 
f 783/494/653 590/494/490 597/497/490 788/497/658 
f 537/478/490 750/478/620 791/498/661 600/498/490 
f 750/478/620 749/478/619 792/498/662 791/498/661 
f 789/496/659 787/496/657 791/498/661 792/498/662 
f 787/496/657 596/496/490 600/498/490 791/498/661 
f 605/476/447 793/476/663 794/477/664 606/477/446 
f 793/476/663 677/476/547 674/477/544 794/477/664 
f 673/478/543 795/478/665 794/477/664 674/477/544 
f 795/478/665 607/478/448 606/477/446 794/477/664 
f 609/478/449 796/478/666 797/477/667 604/477/535 
f 796/478/666 749/478/619 748/477/618 797/477/667 
f 747/476/617 798/476/668 797/477/667 748/477/618 
f 798/476/668 601/476/447 604/477/535 797/477/667 
f 614/284/452 799/284/669 800/479/670 615/479/451 
f 799/284/669 684/284/554 682/479/552 800/479/670 
f 677/476/547 793/476/663 800/479/670 682/479/552 
f 793/476/663 605/476/447 615/479/451 800/479/670 
f 601/476/447 798/476/668 801/479/671 613/479/451 
f 798/476/668 747/476/617 754/479/624 801/479/671 
f 753/284/623 802/284/672 801/479/671 754/479/624 
f 802/284/672 610/284/450 613/479/451 801/479/671 
f 620/480/536 803/480/673 804/481/674 621/481/454 
f 803/480/673 690/480/560 688/481/558 804/481/674 
f 684/290/554 799/290/669 804/481/674 688/481/558 
f 799/290/669 614/290/452 621/481/454 804/481/674 
f 610/290/450 802/290/672 805/481/675 619/481/454 
f 802/290/672 753/290/623 758/481/628 805/481/675 
f 757/480/627 806/480/676 805/481/675 758/481/628 
f 806/480/676 616/480/453 619/481/454 805/481/675 
f 626/482/457 807/482/677 808/483/678 627/483/458 
f 807/482/677 696/482/566 694/483/564 808/483/678 
f 690/480/560 803/480/673 808/483/678 694/483/564 
f 803/480/673 620/480/536 627/483/458 808/483/678 
f 616/480/453 806/480/676 809/483/679 625/483/458 
f 806/480/676 757/480/627 762/483/632 809/483/679 
f 761/482/631 810/482/680 809/483/679 762/483/632 
f 810/482/680 622/482/456 625/483/458 809/483/679 
f 632/484/459 811/484/681 812/485/682 633/485/460 
f 811/484/681 702/484/572 700/485/570 812/485/682 
f 696/482/566 807/482/677 812/485/682 700/485/570 
f 807/482/677 626/482/457 633/485/460 812/485/682 
f 622/482/456 810/482/680 813/485/683 631/485/538 
f 810/482/680 761/482/631 766/485/636 813/485/683 
f 765/484/635 814/484/684 813/485/683 766/485/636 
f 814/484/684 628/484/537 631/485/538 813/485/683 
f 638/486/461 815/486/685 816/487/686 639/487/462 
f 815/486/685 708/486/578 706/487/576 816/487/686 
f 702/484/572 811/484/681 816/487/686 706/487/576 
f 811/484/681 632/484/459 639/487/462 816/487/686 
f 628/484/537 814/484/684 817/487/687 637/487/539 
f 814/484/684 765/484/635 770/487/640 817/487/687 
f 769/486/639 818/486/688 817/487/687 770/487/640 
f 818/486/688 634/486/463 637/487/539 817/487/687 
f 644/488/467 819/488/689 820/489/690 645/489/465 
f 819/488/689 714/488/584 712/489/582 820/489/690 
f 708/486/578 815/486/685 820/489/690 712/489/582 
f 815/486/685 638/486/461 645/489/465 820/489/690 
f 634/486/463 818/486/688 821/489/691 643/489/466 
f 818/486/688 769/486/639 774/489/644 821/489/691 
f 773/488/643 822/488/692 821/489/691 774/489/644 
f 822/488/692 640/488/464 643/489/466 821/489/691 
f 650/490/468 823/490/693 824/491/694 651/491/469 
f 823/490/693 720/490/590 718/491/588 824/491/694 
f 714/488/584 819/488/689 824/491/694 718/491/588 
f 819/488/689 644/488/467 651/491/469 824/491/694 
f 640/488/464 822/488/692 825/491/695 649/491/540 
f 822/488/692 773/488/643 778/491/648 825/491/695 
f 777/490/647 826/490/696 825/491/695 778/491/648 
f 826/490/696 646/490/470 649/491/540 825/491/695 
f 656/492/473 827/492/697 828/493/698 657/493/472 
f 827/492/697 726/492/596 724/493/594 828/493/698 
f 720/490/590 823/490/693 828/493/698 724/493/594 
f 823/490/693 650/490/468 657/493/472 828/493/698 
f 646/490/470 826/490/696 829/493/699 655/493/472 
f 826/490/696 777/490/647 782/493/652 829/493/699 
f 781/492/651 830/492/700 829/493/699 782/493/652 
f 830/492/700 652/492/473 655/493/472 829/493/699 
f 662/494/474 831/494/701 832/495/702 663/495/475 
f 831/494/701 732/494/602 730/495/600 832/495/702 
f 726/492/596 827/492/697 832/495/702 730/495/600 
f 827/492/697 656/492/473 663/495/475 832/495/702 
f 652/492/473 830/492/700 833/495/703 661/495/542 
f 830/492/700 781/492/651 786/495/656 833/495/703 
f 785/494/655 834/494/704 833/495/703 786/495/656 
f 834/494/704 658/494/476 661/495/542 833/495/703 
f 668/496/478 835/496/705 836/497/706 669/497/479 
f 835/496/705 738/496/608 736/497/606 836/497/706 
f 732/494/602 831/494/701 836/497/706 736/497/606 
f 831/494/701 662/494/474 669/497/479 836/497/706 
f 658/494/476 834/494/704 837/497/707 667/497/479 
f 834/494/704 785/494/655 790/497/660 837/497/707 
f 789/496/659 838/496/708 837/497/707 790/497/660 
f 838/496/708 664/496/478 667/497/479 837/497/707 
f 607/478/448 795/478/665 839/498/709 672/498/482 
f 795/478/665 673/478/543 742/498/612 839/498/709 
f 738/496/608 835/496/705 839/498/709 742/498/612 
f 835/496/705 668/496/478 672/498/482 839/498/709 
f 664/496/478 838/496/708 840/498/710 671/498/482 
f 838/496/708 789/496/659 792/498/662 840/498/710 
f 749/478/619 796/478/666 840/498/710 792/498/662 
f 796/478/666 609/478/449 671/498/482 840/498/710 
f 461/476/447 841/476/711 842/477/712 462/477/446 
f 841/476/711 533/476/487 530/477/484 842/477/712 
f 529/478/483 843/478/713 842/477/712 530/477/484 
f 843/478/713 463/478/448 462/477/446 842/477/712 
f 465/478/449 844/478/714 845/477/715 460/477/446 
f 844/478/714 269/280/257 268/279/256 845/477/715 
f 267/278/255 846/476/716 845/477/715 268/279/256 
f 846/476/716 457/476/445 460/477/446 845/477/715 
f 470/284/452 847/284/717 848/479/718 471/479/451 
f 847/284/717 540/284/493 538/479/491 848/479/718 
f 533/476/487 841/476/711 848/479/718 538/479/491 
f 841/476/711 461/476/447 471/479/451 848/479/718 
f 457/476/445 846/476/716 849/479/719 469/479/451 
f 846/476/716 267/278/255 274/285/262 849/479/719 
f 273/284/261 850/284/720 849/479/719 274/285/262 
f 850/284/720 466/284/450 469/479/451 849/479/719 
f 476/480/455 851/480/721 852/481/722 477/481/454 
f 851/480/721 546/480/497 544/481/495 852/481/722 
f 540/290/493 847/290/717 852/481/722 544/481/495 
f 847/290/717 470/290/452 477/481/454 852/481/722 
f 466/290/450 850/290/720 853/481/723 475/481/454 
f 850/290/720 273/290/261 278/289/266 853/481/723 
f 277/288/265 854/480/724 853/481/723 278/289/266 
f 854/480/724 472/480/453 475/481/454 853/481/723 
f 482/482/457 855/482/725 856/483/726 483/483/458 
f 855/482/725 552/482/501 550/483/499 856/483/726 
f 546/480/497 851/480/721 856/483/726 550/483/499 
f 851/480/721 476/480/455 483/483/458 856/483/726 
f 472/480/453 854/480/724 857/483/727 481/483/458 
f 854/480/724 277/288/265 282/295/270 857/483/727 
f 281/294/269 858/482/728 857/483/727 282/295/270 
f 858/482/728 478/482/456 481/483/458 857/483/727 
f 488/484/459 859/484/729 860/485/730 489/485/460 
f 859/484/729 558/484/507 556/485/505 860/485/730 
f 552/482/501 855/482/725 860/485/730 556/485/505 
f 855/482/725 482/482/457 489/485/460 860/485/730 
f 478/482/456 858/482/728 861/485/731 487/485/460 
f 858/482/728 281/294/269 286/299/274 861/485/731 
f 285/298/273 862/484/732 861/485/731 286/299/274 
f 862/484/732 484/484/459 487/485/460 861/485/731 
f 494/486/463 863/486/733 864/487/734 495/487/462 
f 863/486/733 564/486/511 562/487/509 864/487/734 
f 558/484/507 859/484/729 864/487/734 562/487/509 
f 859/484/729 488/484/459 495/487/462 864/487/734 
f 484/484/459 862/484/732 865/487/735 493/487/462 
f 862/484/732 285/298/273 290/303/278 865/487/735 
f 289/302/277 866/486/736 865/487/735 290/303/278 
f 866/486/736 490/486/461 493/487/462 865/487/735 
f 500/488/467 867/488/737 868/489/738 501/489/465 
f 867/488/737 570/488/515 568/489/513 868/489/738 
f 564/486/511 863/486/733 868/489/738 568/489/513 
f 863/486/733 494/486/463 501/489/465 868/489/738 
f 490/486/461 866/486/736 869/489/739 499/489/466 
f 866/486/736 289/302/277 294/307/282 869/489/739 
f 293/306/281 870/488/740 869/489/739 294/307/282 
f 870/488/740 496/488/464 499/489/466 869/489/739 
f 506/490/470 871/490/741 872/491/742 507/491/469 
f 871/490/741 576/490/519 574/491/517 872/491/742 
f 570/488/515 867/488/737 872/491/742 574/491/517 
f 867/488/737 500/488/467 507/491/469 872/491/742 
f 496/488/464 870/488/740 873/491/743 505/491/469 
f 870/488/740 293/306/281 298/311/286 873/491/743 
f 297/310/285 874/490/744 873/491/743 298/311/286 
f 874/490/744 502/490/468 505/491/469 873/491/743 
f 512/492/473 875/492/745 876/493/746 513/493/472 
f 875/492/745 582/492/523 580/493/521 876/493/746 
f 576/490/519 871/490/741 876/493/746 580/493/521 
f 871/490/741 506/490/470 513/493/472 876/493/746 
f 502/490/468 874/490/744 877/493/747 511/493/472 
f 874/490/744 297/310/285 302/315/290 877/493/747 
f 301/314/289 878/492/748 877/493/747 302/315/290 
f 878/492/748 508/492/471 511/493/472 877/493/747 
f 518/494/476 879/494/749 880/495/750 519/495/475 
f 879/494/749 588/494/527 586/495/525 880/495/750 
f 582/492/523 875/492/745 880/495/750 586/495/525 
f 875/492/745 512/492/473 519/495/475 880/495/750 
f 508/492/471 878/492/748 881/495/751 517/495/475 
f 878/492/748 301/314/289 306/319/294 881/495/751 
f 305/318/293 882/494/752 881/495/751 306/319/294 
f 882/494/752 514/494/474 517/495/475 881/495/751 
f 524/496/478 883/496/753 884/497/754 525/497/480 
f 883/496/753 594/496/531 592/497/529 884/497/754 
f 588/494/527 879/494/749 884/497/754 592/497/529 
f 879/494/749 518/494/476 525/497/480 884/497/754 
f 514/494/474 882/494/752 885/497/755 523/497/479 
f 882/494/752 305/318/293 310/323/298 885/497/755 
f 309/322/297 886/496/756 885/497/755 310/323/298 
f 886/496/756 520/496/477 523/497/479 885/497/755 
f 463/478/448 843/478/713 887/498/757 528/498/481 
f 843/478/713 529/478/483 598/498/533 887/498/757 
f 594/496/531 883/496/753 887/498/757 598/498/533 
f 883/496/753 524/496/478 528/498/481 887/498/757 
f 520/496/477 886/496/756 888/498/758 527/498/482 
f 886/496/756 309/322/297 312/325/300 888/498/758 
f 269/280/257 844/478/714 888/498/758 312/325/300 
f 844/478/714 465/478/449 527/498/482 888/498/758 
f 889/499/759 890/500/760 891/501/761 892/502/762 
f 890/500/760 893/503/763 894/504/764 891/501/761 
f 895/504/490 896/501/490 891/501/761 894/504/764 
f 896/501/490 897/502/489 892/502/762 891/501/761 
f 898/505/765 899/506/766 900/507/767 901/505/768 
f 899/506/766 889/499/759 892/502/762 900/507/767 
f 897/502/489 902/507/489 900/507/767 892/502/762 
f 902/507/489 903/505/489 901/505/768 900/507/767 
f 904/508/769 905/509/770 906/510/771 907/511/772 
f 905/509/770 898/512/765 901/512/768 906/510/771 
f 903/512/489 908/510/503 906/510/771 901/512/768 
f 908/510/503 909/511/503 907/511/772 906/510/771 
f 910/513/773 911/514/774 912/515/775 913/516/776 
f 911/514/774 904/508/769 907/511/772 912/515/775 
f 909/511/503 914/515/489 912/515/775 907/511/772 
f 914/515/489 915/516/503 913/516/776 912/515/775 
f 916/517/777 917/518/778 918/519/779 919/520/780 
f 917/518/778 910/513/773 913/516/776 918/519/779 
f 915/516/503 920/519/503 918/519/779 913/516/776 
f 920/519/503 921/520/503 919/520/780 918/519/779 
f 922/521/781 923/522/782 924/523/783 925/524/784 
f 923/522/782 916/517/777 919/520/780 924/523/783 
f 921/520/503 926/523/504 924/523/783 919/520/780 
f 926/523/504 927/524/504 925/524/784 924/523/783 
f 928/525/785 929/526/786 930/527/787 931/528/788 
f 929/526/786 922/521/781 925/524/784 930/527/787 
f 927/524/504 932/527/504 930/527/787 925/524/784 
f 932/527/504 933/528/504 931/528/788 930/527/787 
f 934/529/789 935/530/790 936/531/791 937/532/792 
f 935/530/790 928/525/785 931/528/788 936/531/791 
f 933/528/504 938/531/504 936/531/791 931/528/788 
f 938/531/504 939/532/504 937/532/792 936/531/791 
f 940/533/793 941/534/794 942/535/795 943/536/796 
f 941/534/794 934/529/789 937/532/792 942/535/795 
f 939/532/504 944/535/504 942/535/795 937/532/792 
f 944/535/504 945/536/504 943/536/796 942/535/795 
f 946/537/797 947/538/798 948/539/799 949/540/800 
f 947/538/798 940/533/793 943/536/796 948/539/799 
f 945/536/504 950/539/490 948/539/799 943/536/796 
f 950/539/490 951/540/490 949/540/800 948/539/799 
f 952/541/801 953/542/802 954/543/803 955/544/804 
f 953/542/802 946/537/797 949/540/800 954/543/803 
f 951/540/490 956/543/490 954/543/803 949/540/800 
f 956/543/490 957/544/490 955/544/804 954/543/803 
f 893/503/763 958/545/805 959/546/806 894/504/764 
f 958/545/805 952/541/801 955/544/804 959/546/806 
f 957/544/490 960/546/490 959/546/806 955/544/804 
f 960/546/490 895/504/490 894/504/764 959/546/806 
f 897/502/489 896/501/490 961/501/490 962/502/489 
f 896/501/490 895/504/490 963/504/490 961/501/490 
f 964/546/490 965/547/490 961/501/490 963/504/490 
f 965/547/490 966/548/489 962/502/489 961/501/490 
f 903/505/489 902/507/489 967/507/489 968/505/489 
f 902/507/489 897/502/489 962/502/489 967/507/489 
f 966/548/489 969/507/489 967/507/489 962/502/489 
f 969/507/489 970/505/489 968/505/489 967/507/489 
f 909/511/503 908/510/503 971/510/489 972/511/489 
f 908/510/503 903/512/489 968/512/489 971/510/489 
f 970/512/489 973/549/489 971/510/489 968/512/489 
f 973/549/489 974/515/503 972/511/489 971/510/489 
f 915/516/503 914/515/489 975/515/503 976/516/503 
f 914/515/489 909/511/503 972/511/489 975/515/503 
f 974/515/503 977/519/503 975/515/503 972/511/489 
f 977/519/503 978/550/503 976/516/503 975/515/503 
f 921/520/503 920/519/503 979/519/503 980/520/503 
f 920/519/503 915/516/503 976/516/503 979/519/503 
f 978/550/503 981/551/503 979/519/503 976/516/503 
f 981/551/503 982/552/503 980/520/503 979/519/503 
f 927/524/504 926/523/504 983/523/504 984/524/504 
f 926/523/504 921/520/503 980/520/503 983/523/504 
f 982/552/503 985/524/503 983/523/504 980/520/503 
f 985/524/503 986/553/504 984/524/504 983/523/504 
f 933/528/504 932/527/504 987/527/504 988/528/504 
f 932/527/504 927/524/504 984/524/504 987/527/504 
f 986/553/504 989/554/504 987/527/504 984/524/504 
f 989/554/504 990/555/504 988/528/504 987/527/504 
f 939/532/504 938/531/504 991/531/504 992/532/504 
f 938/531/504 933/528/504 988/528/504 991/531/504 
f 990/555/504 993/531/504 991/531/504 988/528/504 
f 993/531/504 994/556/503 992/532/504 991/531/504 
f 945/536/504 944/535/504 995/535/504 996/536/504 
f 944/535/504 939/532/504 992/532/504 995/535/504 
f 994/556/503 997/557/504 995/535/504 992/532/504 
f 997/557/504 998/558/504 996/536/504 995/535/504 
f 951/540/490 950/539/490 999/539/490 1000/540/490 
f 950/539/490 945/536/504 996/536/504 999/539/490 
f 998/558/504 1001/536/490 999/539/490 996/536/504 
f 1001/536/490 1002/559/489 1000/540/490 999/539/490 
f 957/544/490 956/543/490 1003/543/490 1004/544/490 
f 956/543/490 951/540/490 1000/540/490 1003/543/490 
f 1002/559/489 1005/560/490 1003/543/490 1000/540/490 
f 1005/560/490 1006/561/490 1004/544/490 1003/543/490 
f 895/504/490 960/546/490 1007/546/490 963/504/490 
f 960/546/490 957/544/490 1004/544/490 1007/546/490 
f 1006/561/490 1008/543/490 1007/546/490 1004/544/490 
f 1008/543/490 964/546/490 963/504/490 1007/546/490 
f 964/546/490 1008/543/490 1009/531/504 965/547/490 
f 1008/543/490 1006/561/490 1005/560/490 1009/531/504 
f 1002/559/489 1001/536/490 1009/531/504 1005/560/490 
f 1001/536/490 998/558/504 997/557/504 1009/531/504 
f 994/556/503 993/531/504 1009/531/504 997/557/504 
f 993/531/504 990/555/504 989/554/504 1009/531/504 
f 986/553/504 985/524/503 1009/531/504 989/554/504 
f 985/524/503 982/552/503 981/551/503 1009/531/504 
f 978/550/503 977/519/503 1009/531/504 981/551/503 
f 977/519/503 974/515/503 973/549/489 1009/531/504 
f 970/512/489 969/531/489 1009/531/504 973/549/489 
f 969/531/489 966/548/489 965/547/490 1009/531/504 
f 5/5/5 1010/562/807 1011/563/808 6/6/4 
f 1010/562/807 313/326/301 316/329/304 1011/563/808 
f 321/334/309 1012/564/809 1011/563/808 316/329/304 
f 1012/564/809 7/7/6 6/6/4 1011/563/808 
f 9/9/8 1013/565/810 1014/566/811 4/4/4 
f 1013/565/810 893/503/763 890/500/760 1014/566/811 
f 889/499/759 1015/567/812 1014/566/811 890/500/760 
f 1015/567/812 1/1/1 4/4/4 1014/566/811 
f 14/14/13 1016/568/813 1017/569/814 15/15/12 
f 1016/568/813 322/335/310 325/338/313 1017/569/814 
f 313/326/301 1010/562/807 1017/569/814 325/338/313 
f 1010/562/807 5/5/5 15/15/12 1017/569/814 
f 1/1/1 1015/567/812 1018/570/815 13/13/12 
f 1015/567/812 889/499/759 899/506/766 1018/570/815 
f 898/505/765 1019/571/816 1018/570/815 899/506/766 
f 1019/571/816 10/10/9 13/13/12 1018/570/815 
f 20/20/18 1020/572/817 1021/573/818 21/21/17 
f 1020/572/817 328/341/316 331/344/319 1021/573/818 
f 322/349/310 1016/574/813 1021/573/818 331/344/319 
f 1016/574/813 14/22/13 21/21/17 1021/573/818 
f 10/24/9 1019/575/816 1022/576/819 19/19/17 
f 1019/575/816 898/512/765 905/509/770 1022/576/819 
f 904/508/769 1023/577/820 1022/576/819 905/509/770 
f 1023/577/820 16/16/14 19/19/17 1022/576/819 
f 26/29/23 1024/578/821 1025/579/822 27/30/22 
f 1024/578/821 334/350/322 337/353/325 1025/579/822 
f 328/341/316 1020/572/817 1025/579/822 337/353/325 
f 1020/572/817 20/20/18 27/30/22 1025/579/822 
f 16/16/14 1023/577/820 1026/580/823 25/28/22 
f 1023/577/820 904/508/769 911/514/774 1026/580/823 
f 910/513/773 1027/581/824 1026/580/823 911/514/774 
f 1027/581/824 22/25/19 25/28/22 1026/580/823 
f 32/35/28 1028/582/825 1029/583/826 33/36/27 
f 1028/582/825 340/356/328 343/359/331 1029/583/826 
f 334/350/322 1024/578/821 1029/583/826 343/359/331 
f 1024/578/821 26/29/23 33/36/27 1029/583/826 
f 22/25/19 1027/581/824 1030/584/827 31/34/27 
f 1027/581/824 910/513/773 917/518/778 1030/584/827 
f 916/517/777 1031/585/828 1030/584/827 917/518/778 
f 1031/585/828 28/31/24 31/34/27 1030/584/827 
f 38/41/33 1032/586/829 1033/587/830 39/42/32 
f 1032/586/829 346/362/334 349/365/337 1033/587/830 
f 340/356/328 1028/582/825 1033/587/830 349/365/337 
f 1028/582/825 32/35/28 39/42/32 1033/587/830 
f 28/31/24 1031/585/828 1034/588/831 37/40/32 
f 1031/585/828 916/517/777 923/522/782 1034/588/831 
f 922/521/781 1035/589/832 1034/588/831 923/522/782 
f 1035/589/832 34/37/29 37/40/32 1034/588/831 
f 44/47/38 1036/590/833 1037/591/834 45/48/37 
f 1036/590/833 352/368/340 355/371/343 1037/591/834 
f 346/362/334 1032/586/829 1037/591/834 355/371/343 
f 1032/586/829 38/41/33 45/48/37 1037/591/834 
f 34/37/29 1035/589/832 1038/592/835 43/46/37 
f 1035/589/832 922/521/781 929/526/786 1038/592/835 
f 928/525/785 1039/593/836 1038/592/835 929/526/786 
f 1039/593/836 40/43/34 43/46/37 1038/592/835 
f 50/53/43 1040/594/837 1041/595/838 51/54/42 
f 1040/594/837 358/374/346 361/377/349 1041/595/838 
f 352/368/340 1036/590/833 1041/595/838 361/377/349 
f 1036/590/833 44/47/38 51/54/42 1041/595/838 
f 40/43/34 1039/593/836 1042/596/839 49/52/42 
f 1039/593/836 928/525/785 935/530/790 1042/596/839 
f 934/529/789 1043/597/840 1042/596/839 935/530/790 
f 1043/597/840 46/49/39 49/52/42 1042/596/839 
f 56/59/48 1044/598/841 1045/599/842 57/60/47 
f 1044/598/841 364/380/352 367/383/355 1045/599/842 
f 358/374/346 1040/594/837 1045/599/842 367/383/355 
f 1040/594/837 50/53/43 57/60/47 1045/599/842 
f 46/49/39 1043/597/840 1046/600/843 55/58/47 
f 1043/597/840 934/529/789 941/534/794 1046/600/843 
f 940/533/793 1047/601/844 1046/600/843 941/534/794 
f 1047/601/844 52/55/44 55/58/47 1046/600/843 
f 62/65/53 1048/602/845 1049/603/846 63/66/52 
f 1048/602/845 370/386/358 373/389/361 1049/603/846 
f 364/380/352 1044/598/841 1049/603/846 373/389/361 
f 1044/598/841 56/59/48 63/66/52 1049/603/846 
f 52/55/44 1047/601/844 1050/604/847 61/64/52 
f 1047/601/844 940/533/793 947/538/798 1050/604/847 
f 946/537/797 1051/605/848 1050/604/847 947/538/798 
f 1051/605/848 58/61/49 61/64/52 1050/604/847 
f 68/71/58 1052/606/849 1053/607/850 69/72/57 
f 1052/606/849 376/392/364 379/395/367 1053/607/850 
f 370/386/358 1048/602/845 1053/607/850 379/395/367 
f 1048/602/845 62/65/53 69/72/57 1053/607/850 
f 58/61/49 1051/605/848 1054/608/851 67/70/57 
f 1051/605/848 946/537/797 953/542/802 1054/608/851 
f 952/541/801 1055/609/852 1054/608/851 953/542/802 
f 1055/609/852 64/67/54 67/70/57 1054/608/851 
f 7/7/6 1012/564/809 1056/610/853 72/75/60 
f 1012/564/809 321/334/309 383/399/371 1056/610/853 
f 376/392/364 1052/606/849 1056/610/853 383/399/371 
f 1052/606/849 68/71/58 72/75/60 1056/610/853 
f 64/67/54 1055/609/852 1057/611/854 71/74/60 
f 1055/609/852 952/541/801 958/545/805 1057/611/854 
f 893/503/763 1013/565/810 1057/611/854 958/545/805 
f 1013/565/810 9/9/8 71/74/60 1057/611/854 
f 387/403/375 1058/612/855 1059/613/856 388/404/376 
f 1058/612/855 145/151/133 148/154/136 1059/613/856 
f 150/156/138 1060/614/857 1059/613/856 148/154/136 
f 1060/614/857 389/405/377 388/404/376 1059/613/856 
f 393/409/381 1061/615/858 1062/616/859 394/410/382 
f 1061/615/858 151/157/139 154/160/142 1062/616/859 
f 145/151/133 1058/612/855 1062/616/859 154/160/142 
f 1058/612/855 387/403/375 394/410/382 1062/616/859 
f 397/413/385 1063/617/860 1064/618/861 398/414/386 
f 1063/617/860 155/161/143 158/164/146 1064/618/861 
f 151/166/139 1061/619/858 1064/618/861 158/164/146 
f 1061/619/858 393/415/381 398/414/386 1064/618/861 
f 401/419/389 1065/620/862 1066/621/863 402/420/390 
f 1065/620/862 159/167/147 162/170/150 1066/621/863 
f 155/161/143 1063/617/860 1066/621/863 162/170/150 
f 1063/617/860 397/413/385 402/420/390 1066/621/863 
f 405/423/393 1067/622/864 1068/623/865 406/424/394 
f 1067/622/864 163/171/151 166/174/154 1068/623/865 
f 159/167/147 1065/620/862 1068/623/865 166/174/154 
f 1065/620/862 401/419/389 406/424/394 1068/623/865 
f 409/427/397 1069/624/866 1070/625/867 410/428/398 
f 1069/624/866 167/175/155 170/178/158 1070/625/867 
f 163/171/151 1067/622/864 1070/625/867 170/178/158 
f 1067/622/864 405/423/393 410/428/398 1070/625/867 
f 413/431/401 1071/626/868 1072/627/869 414/432/402 
f 1071/626/868 171/179/159 174/182/162 1072/627/869 
f 167/175/155 1069/624/866 1072/627/869 174/182/162 
f 1069/624/866 409/427/397 414/432/402 1072/627/869 
f 417/435/405 1073/628/870 1074/629/871 418/436/406 
f 1073/628/870 175/183/163 178/186/166 1074/629/871 
f 171/179/159 1071/626/868 1074/629/871 178/186/166 
f 1071/626/868 413/431/401 418/436/406 1074/629/871 
f 421/439/409 1075/630/872 1076/631/873 422/440/410 
f 1075/630/872 179/187/167 182/190/170 1076/631/873 
f 175/183/163 1073/628/870 1076/631/873 182/190/170 
f 1073/628/870 417/435/405 422/440/410 1076/631/873 
f 425/443/413 1077/632/874 1078/633/875 426/444/414 
f 1077/632/874 183/191/171 186/194/174 1078/633/875 
f 179/187/167 1075/630/872 1078/633/875 186/194/174 
f 1075/630/872 421/439/409 426/444/414 1078/633/875 
f 429/447/417 1079/634/876 1080/635/877 430/448/418 
f 1079/634/876 187/195/175 190/198/178 1080/635/877 
f 183/191/171 1077/632/874 1080/635/877 190/198/178 
f 1077/632/874 425/443/413 430/448/418 1080/635/877 
f 389/405/377 1060/614/857 1081/636/878 432/450/420 
f 1060/614/857 150/156/138 192/200/180 1081/636/878 
f 187/195/175 1079/634/876 1081/636/878 192/200/180 
f 1079/634/876 429/447/417 432/450/420 1081/636/878 
f 681/478/551 680/477/550 1082/477/879 1083/478/880 
f 680/477/550 679/476/549 1084/476/881 1082/477/879 
f 1085/476/882 1086/477/883 1082/477/879 1084/476/881 
f 1086/477/883 1087/478/884 1083/478/880 1082/477/879 
f 679/476/549 687/479/557 1088/479/885 1084/476/881 
f 687/479/557 686/284/556 1089/284/886 1088/479/885 
f 1090/284/887 1091/479/888 1088/479/885 1089/284/886 
f 1091/479/888 1085/476/882 1084/476/881 1088/479/885 
f 686/290/556 693/481/563 1092/481/889 1089/290/886 
f 693/481/563 692/480/562 1093/480/890 1092/481/889 
f 1094/480/891 1095/481/892 1092/481/889 1093/480/890 
f 1095/481/892 1090/290/887 1089/290/886 1092/481/889 
f 692/480/562 699/483/569 1096/483/893 1093/480/890 
f 699/483/569 698/482/568 1097/482/894 1096/483/893 
f 1098/482/895 1099/483/896 1096/483/893 1097/482/894 
f 1099/483/896 1094/480/891 1093/480/890 1096/483/893 
f 698/482/568 705/485/575 1100/485/897 1097/482/894 
f 705/485/575 704/484/574 1101/484/898 1100/485/897 
f 1102/484/899 1103/485/900 1100/485/897 1101/484/898 
f 1103/485/900 1098/482/895 1097/482/894 1100/485/897 
f 704/484/574 711/487/581 1104/487/901 1101/484/898 
f 711/487/581 710/486/580 1105/486/902 1104/487/901 
f 1106/486/903 1107/487/904 1104/487/901 1105/486/902 
f 1107/487/904 1102/484/899 1101/484/898 1104/487/901 
f 710/486/580 717/489/587 1108/489/905 1105/486/902 
f 717/489/587 716/488/586 1109/488/906 1108/489/905 
f 1110/488/907 1111/489/908 1108/489/905 1109/488/906 
f 1111/489/908 1106/486/903 1105/486/902 1108/489/905 
f 716/488/586 723/491/593 1112/491/909 1109/488/906 
f 723/491/593 722/490/592 1113/490/910 1112/491/909 
f 1114/490/911 1115/491/912 1112/491/909 1113/490/910 
f 1115/491/912 1110/488/907 1109/488/906 1112/491/909 
f 722/490/592 729/493/599 1116/493/913 1113/490/910 
f 729/493/599 728/492/598 1117/492/914 1116/493/913 
f 1118/492/915 1119/493/916 1116/493/913 1117/492/914 
f 1119/493/916 1114/490/911 1113/490/910 1116/493/913 
f 728/492/598 735/495/605 1120/495/917 1117/492/914 
f 735/495/605 734/494/604 1121/494/918 1120/495/917 
f 1122/494/919 1123/495/920 1120/495/917 1121/494/918 
f 1123/495/920 1118/492/915 1117/492/914 1120/495/917 
f 734/494/604 741/497/611 1124/497/921 1121/494/918 
f 741/497/611 740/496/610 1125/496/922 1124/497/921 
f 1126/496/923 1127/497/924 1124/497/921 1125/496/922 
f 1127/497/924 1122/494/919 1121/494/918 1124/497/921 
f 740/496/610 744/498/614 1128/498/925 1125/496/922 
f 744/498/614 681/478/551 1083/478/880 1128/498/925 
f 1087/478/884 1129/498/926 1128/498/925 1083/478/880 
f 1129/498/926 1126/496/923 1125/496/922 1128/498/925 
f 1087/478/884 1086/477/883 1130/477/927 1131/478/928 
f 1086/477/883 1085/476/882 1132/476/929 1130/477/927 
f 1133/476/930 1134/477/931 1130/477/927 1132/476/929 
f 1134/477/931 1135/478/930 1131/478/928 1130/477/927 
f 1085/476/882 1091/479/888 1136/479/932 1132/476/929 
f 1091/479/888 1090/284/887 1137/284/933 1136/479/932 
f 1138/284/934 1139/479/931 1136/479/932 1137/284/933 
f 1139/479/931 1133/476/930 1132/476/929 1136/479/932 
f 1090/290/887 1095/481/892 1140/481/935 1137/290/933 
f 1095/481/892 1094/480/891 1141/480/936 1140/481/935 
f 1142/480/934 1143/481/937 1140/481/935 1141/480/936 
f 1143/481/937 1138/290/934 1137/290/933 1140/481/935 
f 1094/480/891 1099/483/896 1144/483/938 1141/480/936 
f 1099/483/896 1098/482/895 1145/482/939 1144/483/938 
f 1146/482/930 1147/483/930 1144/483/938 1145/482/939 
f 1147/483/930 1142/480/934 1141/480/936 1144/483/938 
f 1098/482/895 1103/485/900 1148/485/940 1145/482/939 
f 1103/485/900 1102/484/899 1149/484/941 1148/485/940 
f 1150/484/931 1151/485/930 1148/485/940 1149/484/941 
f 1151/485/930 1146/482/930 1145/482/939 1148/485/940 
f 1102/484/899 1107/487/904 1152/487/942 1149/484/941 
f 1107/487/904 1106/486/903 1153/486/943 1152/487/942 
f 1154/486/931 1155/487/930 1152/487/942 1153/486/943 
f 1155/487/930 1150/484/931 1149/484/941 1152/487/942 
f 1106/486/903 1111/489/908 1156/489/944 1153/486/943 
f 1111/489/908 1110/488/907 1157/488/945 1156/489/944 
f 1158/488/946 1159/489/931 1156/489/944 1157/488/945 
f 1159/489/931 1154/486/931 1153/486/943 1156/489/944 
f 1110/488/907 1115/491/912 1160/491/947 1157/488/945 
f 1115/491/912 1114/490/911 1161/490/948 1160/491/947 
f 1162/490/949 1163/491/937 1160/491/947 1161/490/948 
f 1163/491/937 1158/488/946 1157/488/945 1160/491/947 
f 1114/490/911 1119/493/916 1164/493/950 1161/490/948 
f 1119/493/916 1118/492/915 1165/492/951 1164/493/950 
f 1166/492/949 1167/493/937 1164/493/950 1165/492/951 
f 1167/493/937 1162/490/949 1161/490/948 1164/493/950 
f 1118/492/915 1123/495/920 1168/495/952 1165/492/951 
f 1123/495/920 1122/494/919 1169/494/953 1168/495/952 
f 1170/494/954 1171/495/934 1168/495/952 1169/494/953 
f 1171/495/934 1166/492/949 1165/492/951 1168/495/952 
f 1122/494/919 1127/497/924 1172/497/955 1169/494/953 
f 1127/497/924 1126/496/923 1173/496/956 1172/497/955 
f 1174/496/957 1175/497/934 1172/497/955 1173/496/956 
f 1175/497/934 1170/494/954 1169/494/953 1172/497/955 
f 1126/496/923 1129/498/926 1176/498/958 1173/496/956 
f 1129/498/926 1087/478/884 1131/478/928 1176/498/958 
f 1135/478/930 1177/498/930 1176/498/958 1131/478/928 
f 1177/498/930 1174/496/957 1173/496/956 1176/498/958 
f 1135/478/930 1134/477/931 1178/477/959 1179/478/960 
f 1134/477/931 1133/476/930 1180/476/961 1178/477/959 
f 1181/476/962 1182/477/963 1178/477/959 1180/476/961 
f 1182/477/963 1183/478/964 1179/478/960 1178/477/959 
f 1133/476/930 1139/479/931 1184/479/965 1180/476/961 
f 1139/479/931 1138/284/934 1185/284/966 1184/479/965 
f 1186/284/967 1187/479/968 1184/479/965 1185/284/966 
f 1187/479/968 1181/476/962 1180/476/961 1184/479/965 
f 1138/290/934 1143/481/937 1188/481/969 1185/290/966 
f 1143/481/937 1142/480/934 1189/480/970 1188/481/969 
f 1190/480/971 1191/481/972 1188/481/969 1189/480/970 
f 1191/481/972 1186/290/967 1185/290/966 1188/481/969 
f 1142/480/934 1147/483/930 1192/483/973 1189/480/970 
f 1147/483/930 1146/482/930 1193/482/974 1192/483/973 
f 1194/482/975 1195/483/976 1192/483/973 1193/482/974 
f 1195/483/976 1190/480/971 1189/480/970 1192/483/973 
f 1146/482/930 1151/485/930 1196/485/977 1193/482/974 
f 1151/485/930 1150/484/931 1197/484/978 1196/485/977 
f 1198/484/979 1199/485/980 1196/485/977 1197/484/978 
f 1199/485/980 1194/482/975 1193/482/974 1196/485/977 
f 1150/484/931 1155/487/930 1200/487/981 1197/484/978 
f 1155/487/930 1154/486/931 1201/486/982 1200/487/981 
f 1202/486/983 1203/487/984 1200/487/981 1201/486/982 
f 1203/487/984 1198/484/979 1197/484/978 1200/487/981 
f 1154/486/931 1159/489/931 1204/489/985 1201/486/982 
f 1159/489/931 1158/488/946 1205/488/986 1204/489/985 
f 1206/488/987 1207/489/988 1204/489/985 1205/488/986 
f 1207/489/988 1202/486/983 1201/486/982 1204/489/985 
f 1158/488/946 1163/491/937 1208/491/989 1205/488/986 
f 1163/491/937 1162/490/949 1209/490/990 1208/491/989 
f 1210/490/991 1211/491/992 1208/491/989 1209/490/990 
f 1211/491/992 1206/488/987 1205/488/986 1208/491/989 
f 1162/490/949 1167/493/937 1212/493/993 1209/490/990 
f 1167/493/937 1166/492/949 1213/492/994 1212/493/993 
f 1214/492/995 1215/493/996 1212/493/993 1213/492/994 
f 1215/493/996 1210/490/991 1209/490/990 1212/493/993 
f 1166/492/949 1171/495/934 1216/495/997 1213/492/994 
f 1171/495/934 1170/494/954 1217/494/998 1216/495/997 
f 1218/494/999 1219/495/1000 1216/495/997 1217/494/998 
f 1219/495/1000 1214/492/995 1213/492/994 1216/495/997 
f 1170/494/954 1175/497/934 1220/497/1001 1217/494/998 
f 1175/497/934 1174/496/957 1221/496/1002 1220/497/1001 
f 1222/496/1003 1223/497/1004 1220/497/1001 1221/496/1002 
f 1223/497/1004 1218/494/999 1217/494/998 1220/497/1001 
f 1174/496/957 1177/498/930 1224/498/1005 1221/496/1002 
f 1177/498/930 1135/478/930 1179/478/960 1224/498/1005 
f 1183/478/964 1225/498/1006 1224/498/1005 1179/478/960 
f 1225/498/1006 1222/496/1003 1221/496/1002 1224/498/1005 
f 1183/478/964 1182/477/963 1226/477/1007 1227/478/1008 
f 1182/477/963 1181/476/962 1228/476/1009 1226/477/1007 
f 1229/476/464 1230/477/465 1226/477/1007 1228/476/1009 
f 1230/477/465 1231/478/461 1227/478/1008 1226/477/1007 
f 1181/476/962 1187/479/968 1232/479/1010 1228/476/1009 
f 1187/479/968 1186/284/967 1233/284/1011 1232/479/1010 
f 1234/284/470 1235/479/469 1232/479/1010 1233/284/1011 
f 1235/479/469 1229/476/464 1228/476/1009 1232/479/1010 
f 1186/290/967 1191/481/972 1236/481/1012 1233/290/1011 
f 1191/481/972 1190/480/971 1237/480/1013 1236/481/1012 
f 1238/480/471 1239/481/472 1236/481/1012 1237/480/1013 
f 1239/481/472 1234/290/470 1233/290/1011 1236/481/1012 
f 1190/480/971 1195/483/976 1240/483/1014 1237/480/1013 
f 1195/483/976 1194/482/975 1241/482/1015 1240/483/1014 
f 1242/482/474 1243/483/475 1240/483/1014 1241/482/1015 
f 1243/483/475 1238/480/471 1237/480/1013 1240/483/1014 
f 1194/482/975 1199/485/980 1244/485/1016 1241/482/1015 
f 1199/485/980 1198/484/979 1245/484/1017 1244/485/1016 
f 1246/484/477 1247/485/479 1244/485/1016 1245/484/1017 
f 1247/485/479 1242/482/474 1241/482/1015 1244/485/1016 
f 1198/484/979 1203/487/984 1248/487/1018 1245/484/1017 
f 1203/487/984 1202/486/983 1249/486/1019 1248/487/1018 
f 1250/486/448 1251/487/481 1248/487/1018 1249/486/1019 
f 1251/487/481 1246/484/477 1245/484/1017 1248/487/1018 
f 1202/486/983 1207/489/988 1252/489/1020 1249/486/1019 
f 1207/489/988 1206/488/987 1253/488/1021 1252/489/1020 
f 1254/488/447 1255/489/446 1252/489/1020 1253/488/1021 
f 1255/489/446 1250/486/448 1249/486/1019 1252/489/1020 
f 1206/488/987 1211/491/992 1256/491/1022 1253/488/1021 
f 1211/491/992 1210/490/991 1257/490/1023 1256/491/1022 
f 1258/490/452 1259/491/451 1256/491/1022 1257/490/1023 
f 1259/491/451 1254/488/447 1253/488/1021 1256/491/1022 
f 1210/490/991 1215/493/996 1260/493/1024 1257/490/1023 
f 1215/493/996 1214/492/995 1261/492/1025 1260/493/1024 
f 1262/492/453 1263/493/454 1260/493/1024 1261/492/1025 
f 1263/493/454 1258/490/452 1257/490/1023 1260/493/1024 
f 1214/492/995 1219/495/1000 1264/495/1026 1261/492/1025 
f 1219/495/1000 1218/494/999 1265/494/1027 1264/495/1026 
f 1266/494/456 1267/495/458 1264/495/1026 1265/494/1027 
f 1267/495/458 1262/492/453 1261/492/1025 1264/495/1026 
f 1218/494/999 1223/497/1004 1268/497/1028 1265/494/1027 
f 1223/497/1004 1222/496/1003 1269/496/1029 1268/497/1028 
f 1270/496/459 1271/497/460 1268/497/1028 1269/496/1029 
f 1271/497/460 1266/494/456 1265/494/1027 1268/497/1028 
f 1222/496/1003 1225/498/1006 1272/498/1030 1269/496/1029 
f 1225/498/1006 1183/478/964 1227/478/1008 1272/498/1030 
f 1231/478/461 1273/498/462 1272/498/1030 1227/478/1008 
f 1273/498/462 1270/496/459 1269/496/1029 1272/498/1030 
f 1231/478/461 1230/477/465 1274/477/1031 1275/478/1032 
f 1230/477/465 1229/476/464 1276/476/1033 1274/477/1031 
f 1277/476/1034 1278/477/1035 1274/477/1031 1276/476/1033 
f 1278/477/1035 1279/478/1036 1275/478/1032 1274/477/1031 
f 1229/476/464 1235/479/469 1280/479/1037 1276/476/1033 
f 1235/479/469 1234/284/470 1281/284/1038 1280/479/1037 
f 1282/284/1039 1283/479/1040 1280/479/1037 1281/284/1038 
f 1283/479/1040 1277/476/1034 1276/476/1033 1280/479/1037 
f 1234/290/470 1239/481/472 1284/481/1041 1281/290/1038 
f 1239/481/472 1238/480/471 1285/480/1042 1284/481/1041 
f 1286/480/1043 1287/481/1044 1284/481/1041 1285/480/1042 
f 1287/481/1044 1282/290/1039 1281/290/1038 1284/481/1041 
f 1238/480/471 1243/483/475 1288/483/1045 1285/480/1042 
f 1243/483/475 1242/482/474 1289/482/1046 1288/483/1045 
f 1290/482/1047 1291/483/1048 1288/483/1045 1289/482/1046 
f 1291/483/1048 1286/480/1043 1285/480/1042 1288/483/1045 
f 1242/482/474 1247/485/479 1292/485/1049 1289/482/1046 
f 1247/485/479 1246/484/477 1293/484/1050 1292/485/1049 
f 1294/484/1051 1295/485/1052 1292/485/1049 1293/484/1050 
f 1295/485/1052 1290/482/1047 1289/482/1046 1292/485/1049 
f 1246/484/477 1251/487/481 1296/487/1053 1293/484/1050 
f 1251/487/481 1250/486/448 1297/486/1054 1296/487/1053 
f 1298/486/1055 1299/487/1056 1296/487/1053 1297/486/1054 
f 1299/487/1056 1294/484/1051 1293/484/1050 1296/487/1053 
f 1250/486/448 1255/489/446 1300/489/1057 1297/486/1054 
f 1255/489/446 1254/488/447 1301/488/1058 1300/489/1057 
f 1302/488/1059 1303/489/1060 1300/489/1057 1301/488/1058 
f 1303/489/1060 1298/486/1055 1297/486/1054 1300/489/1057 
f 1254/488/447 1259/491/451 1304/491/1061 1301/488/1058 
f 1259/491/451 1258/490/452 1305/490/1062 1304/491/1061 
f 1306/490/1063 1307/491/1064 1304/491/1061 1305/490/1062 
f 1307/491/1064 1302/488/1059 1301/488/1058 1304/491/1061 
f 1258/490/452 1263/493/454 1308/493/1065 1305/490/1062 
f 1263/493/454 1262/492/453 1309/492/1066 1308/493/1065 
f 1310/492/1067 1311/493/1068 1308/493/1065 1309/492/1066 
f 1311/493/1068 1306/490/1063 1305/490/1062 1308/493/1065 
f 1262/492/453 1267/495/458 1312/495/1069 1309/492/1066 
f 1267/495/458 1266/494/456 1313/494/1070 1312/495/1069 
f 1314/494/1071 1315/495/1072 1312/495/1069 1313/494/1070 
f 1315/495/1072 1310/492/1067 1309/492/1066 1312/495/1069 
f 1266/494/456 1271/497/460 1316/497/1073 1313/494/1070 
f 1271/497/460 1270/496/459 1317/496/1074 1316/497/1073 
f 1318/496/1075 1319/497/1076 1316/497/1073 1317/496/1074 
f 1319/497/1076 1314/494/1071 1313/494/1070 1316/497/1073 
f 1270/496/459 1273/498/462 1320/498/1077 1317/496/1074 
f 1273/498/462 1231/478/461 1275/478/1032 1320/498/1077 
f 1279/478/1036 1321/498/1078 1320/498/1077 1275/478/1032 
f 1321/498/1078 1318/496/1075 1317/496/1074 1320/498/1077 
f 1279/478/1036 1278/477/1035 1322/477/1079 1323/478/1080 
f 1278/477/1035 1277/476/1034 1324/476/1081 1322/477/1079 
f 1325/476/1082 1326/477/1083 1322/477/1079 1324/476/1081 
f 1326/477/1083 1327/478/1084 1323/478/1080 1322/477/1079 
f 1277/476/1034 1283/479/1040 1328/479/1085 1324/476/1081 
f 1283/479/1040 1282/284/1039 1329/284/1086 1328/479/1085 
f 1330/284/1087 1331/479/1088 1328/479/1085 1329/284/1086 
f 1331/479/1088 1325/476/1082 1324/476/1081 1328/479/1085 
f 1282/290/1039 1287/481/1044 1332/481/1089 1329/290/1086 
f 1287/481/1044 1286/480/1043 1333/480/1090 1332/481/1089 
f 1334/480/1091 1335/481/1092 1332/481/1089 1333/480/1090 
f 1335/481/1092 1330/290/1087 1329/290/1086 1332/481/1089 
f 1286/480/1043 1291/483/1048 1336/483/1093 1333/480/1090 
f 1291/483/1048 1290/482/1047 1337/482/1094 1336/483/1093 
f 1338/482/1095 1339/483/1096 1336/483/1093 1337/482/1094 
f 1339/483/1096 1334/480/1091 1333/480/1090 1336/483/1093 
f 1290/482/1047 1295/485/1052 1340/485/1097 1337/482/1094 
f 1295/485/1052 1294/484/1051 1341/484/1098 1340/485/1097 
f 1342/484/1099 1343/485/1100 1340/485/1097 1341/484/1098 
f 1343/485/1100 1338/482/1095 1337/482/1094 1340/485/1097 
f 1294/484/1051 1299/487/1056 1344/487/1101 1341/484/1098 
f 1299/487/1056 1298/486/1055 1345/486/1102 1344/487/1101 
f 1346/486/1103 1347/487/1104 1344/487/1101 1345/486/1102 
f 1347/487/1104 1342/484/1099 1341/484/1098 1344/487/1101 
f 1298/486/1055 1303/489/1060 1348/489/1105 1345/486/1102 
f 1303/489/1060 1302/488/1059 1349/488/1106 1348/489/1105 
f 1350/488/1107 1351/489/1108 1348/489/1105 1349/488/1106 
f 1351/489/1108 1346/486/1103 1345/486/1102 1348/489/1105 
f 1302/488/1059 1307/491/1064 1352/491/1109 1349/488/1106 
f 1307/491/1064 1306/490/1063 1353/490/1110 1352/491/1109 
f 1354/490/1111 1355/491/1112 1352/491/1109 1353/490/1110 
f 1355/491/1112 1350/488/1107 1349/488/1106 1352/491/1109 
f 1306/490/1063 1311/493/1068 1356/493/1113 1353/490/1110 
f 1311/493/1068 1310/492/1067 1357/492/1114 1356/493/1113 
f 1358/492/1115 1359/493/1116 1356/493/1113 1357/492/1114 
f 1359/493/1116 1354/490/1111 1353/490/1110 1356/493/1113 
f 1310/492/1067 1315/495/1072 1360/495/1117 1357/492/1114 
f 1315/495/1072 1314/494/1071 1361/494/1118 1360/495/1117 
f 1362/494/1119 1363/495/1120 1360/495/1117 1361/494/1118 
f 1363/495/1120 1358/492/1115 1357/492/1114 1360/495/1117 
f 1314/494/1071 1319/497/1076 1364/497/1121 1361/494/1118 
f 1319/497/1076 1318/496/1075 1365/496/1122 1364/497/1121 
f 1366/496/1123 1367/497/1124 1364/497/1121 1365/496/1122 
f 1367/497/1124 1362/494/1119 1361/494/1118 1364/497/1121 
f 1318/496/1075 1321/498/1078 1368/498/1125 1365/496/1122 
f 1321/498/1078 1279/478/1036 1323/478/1080 1368/498/1125 
f 1327/478/1084 1369/498/1126 1368/498/1125 1323/478/1080 
f 1369/498/1126 1366/496/1123 1365/496/1122 1368/498/1125 
f 1327/478/1084 1326/477/1083 1370/477/1127 1371/478/1128 
f 1326/477/1083 1325/476/1082 1372/476/1129 1370/477/1127 
f 1373/476/1130 1374/477/1131 1370/477/1127 1372/476/1129 
f 1374/477/1131 1375/478/1132 1371/478/1128 1370/477/1127 
f 1325/476/1082 1331/479/1088 1376/479/1133 1372/476/1129 
f 1331/479/1088 1330/284/1087 1377/284/1134 1376/479/1133 
f 1378/284/1135 1379/479/1136 1376/479/1133 1377/284/1134 
f 1379/479/1136 1373/476/1130 1372/476/1129 1376/479/1133 
f 1330/290/1087 1335/481/1092 1380/481/1137 1377/290/1134 
f 1335/481/1092 1334/480/1091 1381/480/1138 1380/481/1137 
f 1382/480/1139 1383/481/1140 1380/481/1137 1381/480/1138 
f 1383/481/1140 1378/290/1135 1377/290/1134 1380/481/1137 
f 1334/480/1091 1339/483/1096 1384/483/1141 1381/480/1138 
f 1339/483/1096 1338/482/1095 1385/482/1142 1384/483/1141 
f 1386/482/1143 1387/483/1144 1384/483/1141 1385/482/1142 
f 1387/483/1144 1382/480/1139 1381/480/1138 1384/483/1141 
f 1338/482/1095 1343/485/1100 1388/485/1145 1385/482/1142 
f 1343/485/1100 1342/484/1099 1389/484/1146 1388/485/1145 
f 1390/484/1147 1391/485/1148 1388/485/1145 1389/484/1146 
f 1391/485/1148 1386/482/1143 1385/482/1142 1388/485/1145 
f 1342/484/1099 1347/487/1104 1392/487/1149 1389/484/1146 
f 1347/487/1104 1346/486/1103 1393/486/1150 1392/487/1149 
f 1394/486/1151 1395/487/1152 1392/487/1149 1393/486/1150 
f 1395/487/1152 1390/484/1147 1389/484/1146 1392/487/1149 
f 1346/486/1103 1351/489/1108 1396/489/1153 1393/486/1150 
f 1351/489/1108 1350/488/1107 1397/488/1154 1396/489/1153 
f 1398/488/1155 1399/489/1156 1396/489/1153 1397/488/1154 
f 1399/489/1156 1394/486/1151 1393/486/1150 1396/489/1153 
f 1350/488/1107 1355/491/1112 1400/491/1157 1397/488/1154 
f 1355/491/1112 1354/490/1111 1401/490/1158 1400/491/1157 
f 1402/490/1159 1403/491/1160 1400/491/1157 1401/490/1158 
f 1403/491/1160 1398/488/1155 1397/488/1154 1400/491/1157 
f 1354/490/1111 1359/493/1116 1404/493/1161 1401/490/1158 
f 1359/493/1116 1358/492/1115 1405/492/1162 1404/493/1161 
f 1406/492/1163 1407/493/1164 1404/493/1161 1405/492/1162 
f 1407/493/1164 1402/490/1159 1401/490/1158 1404/493/1161 
f 1358/492/1115 1363/495/1120 1408/495/1165 1405/492/1162 
f 1363/495/1120 1362/494/1119 1409/494/1166 1408/495/1165 
f 1410/494/1167 1411/495/1168 1408/495/1165 1409/494/1166 
f 1411/495/1168 1406/492/1163 1405/492/1162 1408/495/1165 
f 1362/494/1119 1367/497/1124 1412/497/1169 1409/494/1166 
f 1367/497/1124 1366/496/1123 1413/496/1170 1412/497/1169 
f 1414/496/1171 1415/497/1172 1412/497/1169 1413/496/1170 
f 1415/497/1172 1410/494/1167 1409/494/1166 1412/497/1169 
f 1366/496/1123 1369/498/1126 1416/498/1173 1413/496/1170 
f 1369/498/1126 1327/478/1084 1371/478/1128 1416/498/1173 
f 1375/478/1132 1417/498/1174 1416/498/1173 1371/478/1128 
f 1417/498/1174 1414/496/1171 1413/496/1170 1416/498/1173 
f 1375/478/1132 1374/477/1131 1418/477/1175 1419/478/1176 
f 1374/477/1131 1373/476/1130 1420/476/1177 1418/477/1175 
f 1421/476/445 1422/477/931 1418/477/1175 1420/476/1177 
f 1422/477/931 1423/478/1178 1419/478/1176 1418/477/1175 
f 1373/476/1130 1379/479/1136 1424/479/1179 1420/476/1177 
f 1379/479/1136 1378/284/1135 1425/284/1180 1424/479/1179 
f 1426/284/1181 1427/479/1182 1424/479/1179 1425/284/1180 
f 1427/479/1182 1421/476/445 1420/476/1177 1424/479/1179 
f 1378/290/1135 1383/481/1140 1428/481/1183 1425/290/1180 
f 1383/481/1140 1382/480/1139 1429/480/1184 1428/481/1183 
f 1430/480/1185 1431/481/931 1428/481/1183 1429/480/1184 
f 1431/481/931 1426/290/1181 1425/290/1180 1428/481/1183 
f 1382/480/1139 1387/483/1144 1432/483/1186 1429/480/1184 
f 1387/483/1144 1386/482/1143 1433/482/1187 1432/483/1186 
f 1434/482/1188 1435/483/930 1432/483/1186 1433/482/1187 
f 1435/483/930 1430/480/1185 1429/480/1184 1432/483/1186 
f 1386/482/1143 1391/485/1148 1436/485/1189 1433/482/1187 
f 1391/485/1148 1390/484/1147 1437/484/1190 1436/485/1189 
f 1438/484/459 1439/485/1191 1436/485/1189 1437/484/1190 
f 1439/485/1191 1434/482/1188 1433/482/1187 1436/485/1189 
f 1390/484/1147 1395/487/1152 1440/487/1192 1437/484/1190 
f 1395/487/1152 1394/486/1151 1441/486/1193 1440/487/1192 
f 1442/486/461 1443/487/489 1440/487/1192 1441/486/1193 
f 1443/487/489 1438/484/459 1437/484/1190 1440/487/1192 
f 1394/486/1151 1399/489/1156 1444/489/1194 1441/486/1193 
f 1399/489/1156 1398/488/1155 1445/488/1195 1444/489/1194 
f 1446/488/1196 1447/489/937 1444/489/1194 1445/488/1195 
f 1447/489/937 1442/486/461 1441/486/1193 1444/489/1194 
f 1398/488/1155 1403/491/1160 1448/491/1197 1445/488/1195 
f 1403/491/1160 1402/490/1159 1449/490/1198 1448/491/1197 
f 1450/490/1199 1451/491/1178 1448/491/1197 1449/490/1198 
f 1451/491/1178 1446/488/1196 1445/488/1195 1448/491/1197 
f 1402/490/1159 1407/493/1164 1452/493/1200 1449/490/1198 
f 1407/493/1164 1406/492/1163 1453/492/1201 1452/493/1200 
f 1454/492/1202 1455/493/1203 1452/493/1200 1453/492/1201 
f 1455/493/1203 1450/490/1199 1449/490/1198 1452/493/1200 
f 1406/492/1163 1411/495/1168 1456/495/1204 1453/492/1201 
f 1411/495/1168 1410/494/1167 1457/494/1205 1456/495/1204 
f 1458/494/1206 1459/495/1207 1456/495/1204 1457/494/1205 
f 1459/495/1207 1454/492/1202 1453/492/1201 1456/495/1204 
f 1410/494/1167 1415/497/1172 1460/497/1208 1457/494/1205 
f 1415/497/1172 1414/496/1171 1461/496/1209 1460/497/1208 
f 1462/496/478 1463/497/504 1460/497/1208 1461/496/1209 
f 1463/497/504 1458/494/1206 1457/494/1205 1460/497/1208 
f 1414/496/1171 1417/498/1174 1464/498/1210 1461/496/1209 
f 1417/498/1174 1375/478/1132 1419/478/1176 1464/498/1210 
f 1423/478/1178 1465/498/934 1464/498/1210 1419/478/1176 
f 1465/498/934 1462/496/478 1461/496/1209 1464/498/1210 
f 1423/478/1178 1422/477/931 1466/477/504 1467/478/1211 
f 1422/477/931 1421/476/445 1468/476/464 1466/477/504 
f 1469/476/1212 1470/477/931 1466/477/504 1468/476/464 
f 1470/477/931 1471/478/1213 1467/478/1211 1466/477/504 
f 1421/476/445 1427/479/1182 1472/479/1214 1468/476/464 
f 1427/479/1182 1426/284/1181 1473/284/1215 1472/479/1214 
f 1474/284/934 1475/479/930 1472/479/1214 1473/284/1215 
f 1475/479/930 1469/476/1212 1468/476/464 1472/479/1214 
f 1426/290/1181 1431/481/931 1476/481/1216 1473/290/1215 
f 1431/481/931 1430/480/1185 1477/480/1217 1476/481/1216 
f 1478/480/937 1479/481/1218 1476/481/1216 1477/480/1217 
f 1479/481/1218 1474/290/934 1473/290/1215 1476/481/1216 
f 1430/480/1185 1435/483/930 1480/483/1219 1477/480/1217 
f 1435/483/930 1434/482/1188 1481/482/1220 1480/483/1219 
f 1482/482/1221 1483/483/1222 1480/483/1219 1481/482/1220 
f 1483/483/1222 1478/480/937 1477/480/1217 1480/483/1219 
f 1434/482/1188 1439/485/1191 1484/485/1223 1481/482/1220 
f 1439/485/1191 1438/484/459 1485/484/1224 1484/485/1223 
f 1486/484/1225 1487/485/931 1484/485/1223 1485/484/1224 
f 1487/485/931 1482/482/1221 1481/482/1220 1484/485/1223 
f 1438/484/459 1443/487/489 1488/487/481 1485/484/1224 
f 1443/487/489 1442/486/461 1489/486/449 1488/487/481 
f 1490/486/1226 1491/487/1226 1488/487/481 1489/486/449 
f 1491/487/1226 1486/484/1225 1485/484/1224 1488/487/481 
f 1442/486/461 1447/489/937 1492/489/1178 1489/486/449 
f 1447/489/937 1446/488/1196 1493/488/1227 1492/489/1178 
f 1494/488/934 1495/489/931 1492/489/1178 1493/488/1227 
f 1495/489/931 1490/486/1226 1489/486/449 1492/489/1178 
f 1446/488/1196 1451/491/1178 1496/491/1178 1493/488/1227 
f 1451/491/1178 1450/490/1199 1497/490/1228 1496/491/1178 
f 1498/490/934 1499/491/931 1496/491/1178 1497/490/1228 
f 1499/491/931 1494/488/934 1493/488/1227 1496/491/1178 
f 1450/490/1199 1455/493/1203 1500/493/1178 1497/490/1228 
f 1455/493/1203 1454/492/1202 1501/492/1229 1500/493/1178 
f 1502/492/949 1503/493/934 1500/493/1178 1501/492/1229 
f 1503/493/934 1498/490/934 1497/490/1228 1500/493/1178 
f 1454/492/1202 1459/495/1207 1504/495/934 1501/492/1229 
f 1459/495/1207 1458/494/1206 1505/494/1230 1504/495/934 
f 1506/494/937 1507/495/937 1504/495/934 1505/494/1230 
f 1507/495/937 1502/492/949 1501/492/1229 1504/495/934 
f 1458/494/1206 1463/497/504 1508/497/504 1505/494/1230 
f 1463/497/504 1462/496/478 1509/496/1231 1508/497/504 
f 1510/496/937 1511/497/930 1508/497/504 1509/496/1231 
f 1511/497/930 1506/494/937 1505/494/1230 1508/497/504 
f 1462/496/478 1465/498/934 1512/498/504 1509/496/1231 
f 1465/498/934 1423/478/1178 1467/478/1211 1512/498/504 
f 1471/478/1213 1513/498/934 1512/498/504 1467/478/1211 
f 1513/498/934 1510/496/937 1509/496/1231 1512/498/504 
f 1471/478/1213 1470/477/931 1514/477/930 1515/478/930 
f 1470/477/931 1469/476/1212 1516/476/934 1514/477/930 
f 1517/476/930 1518/477/930 1514/477/930 1516/476/934 
f 1518/477/930 1519/478/930 1515/478/930 1514/477/930 
f 1469/476/1212 1475/479/930 1520/479/930 1516/476/934 
f 1475/479/930 1474/284/934 1521/284/930 1520/479/930 
f 1522/284/931 1523/479/931 1520/479/930 1521/284/930 
f 1523/479/931 1517/476/930 1516/476/934 1520/479/930 
f 1474/290/934 1479/481/1218 1524/481/931 1521/290/930 
f 1479/481/1218 1478/480/937 1525/480/931 1524/481/931 
f 1526/480/934 1527/481/931 1524/481/931 1525/480/931 
f 1527/481/931 1522/290/931 1521/290/930 1524/481/931 
f 1478/480/937 1483/483/1222 1528/483/934 1525/480/931 
f 1483/483/1222 1482/482/1221 1529/482/931 1528/483/934 
f 1530/482/931 1531/483/930 1528/483/934 1529/482/931 
f 1531/483/930 1526/480/934 1525/480/931 1528/483/934 
f 1482/482/1221 1487/485/931 1532/485/931 1529/482/931 
f 1487/485/931 1486/484/1225 1533/484/930 1532/485/931 
f 1534/484/931 1535/485/931 1532/485/931 1533/484/930 
f 1535/485/931 1530/482/931 1529/482/931 1532/485/931 
f 1486/484/1225 1491/487/1226 1536/487/931 1533/484/930 
f 1491/487/1226 1490/486/1226 1537/486/934 1536/487/931 
f 1538/486/931 1539/487/930 1536/487/931 1537/486/934 
f 1539/487/930 1534/484/931 1533/484/930 1536/487/931 
f 1490/486/1226 1495/489/931 1540/489/934 1537/486/934 
f 1495/489/931 1494/488/934 1541/488/934 1540/489/934 
f 1542/488/934 1543/489/934 1540/489/934 1541/488/934 
f 1543/489/934 1538/486/931 1537/486/934 1540/489/934 
f 1494/488/934 1499/491/931 1544/491/934 1541/488/934 
f 1499/491/931 1498/490/934 1545/490/934 1544/491/934 
f 1546/490/934 1547/491/934 1544/491/934 1545/490/934 
f 1547/491/934 1542/488/934 1541/488/934 1544/491/934 
f 1498/490/934 1503/493/934 1548/493/934 1545/490/934 
f 1503/493/934 1502/492/949 1549/492/934 1548/493/934 
f 1550/492/934 1551/493/934 1548/493/934 1549/492/934 
f 1551/493/934 1546/490/934 1545/490/934 1548/493/934 
f 1502/492/949 1507/495/937 1552/495/937 1549/492/934 
f 1507/495/937 1506/494/937 1553/494/937 1552/495/937 
f 1554/494/937 1555/495/937 1552/495/937 1553/494/937 
f 1555/495/937 1550/492/934 1549/492/934 1552/495/937 
f 1506/494/937 1511/497/930 1556/497/934 1553/494/937 
f 1511/497/930 1510/496/937 1557/496/937 1556/497/934 
f 1558/496/937 1559/497/937 1556/497/934 1557/496/937 
f 1559/497/937 1554/494/937 1553/494/937 1556/497/934 
f 1510/496/937 1513/498/934 1560/498/934 1557/496/937 
f 1513/498/934 1471/478/1213 1515/478/930 1560/498/934 
f 1519/478/930 1561/498/937 1560/498/934 1515/478/930 
f 1561/498/937 1558/496/937 1557/496/937 1560/498/934 
f 1519/478/930 1518/477/930 1562/477/1232 1563/478/1233 
f 1518/477/930 1517/476/930 1564/476/1234 1562/477/1232 
f 1565/476/1235 1566/477/1236 1562/477/1232 1564/476/1234 
f 1566/477/1236 1567/478/1237 1563/478/1233 1562/477/1232 
f 1517/476/930 1523/479/931 1568/479/1238 1564/476/1234 
f 1523/479/931 1522/284/931 1569/284/1239 1568/479/1238 
f 1570/284/1240 1571/479/1241 1568/479/1238 1569/284/1239 
f 1571/479/1241 1565/476/1235 1564/476/1234 1568/479/1238 
f 1522/290/931 1527/481/931 1572/481/1242 1569/290/1239 
f 1527/481/931 1526/480/934 1573/480/1243 1572/481/1242 
f 1574/480/1244 1575/481/1245 1572/481/1242 1573/480/1243 
f 1575/481/1245 1570/290/1240 1569/290/1239 1572/481/1242 
f 1526/480/934 1531/483/930 1576/483/1246 1573/480/1243 
f 1531/483/930 1530/482/931 1577/482/1247 1576/483/1246 
f 1578/482/1248 1579/483/1249 1576/483/1246 1577/482/1247 
f 1579/483/1249 1574/480/1244 1573/480/1243 1576/483/1246 
f 1530/482/931 1535/485/931 1580/485/1250 1577/482/1247 
f 1535/485/931 1534/484/931 1581/484/1251 1580/485/1250 
f 1582/484/1252 1583/485/1253 1580/485/1250 1581/484/1251 
f 1583/485/1253 1578/482/1248 1577/482/1247 1580/485/1250 
f 1534/484/931 1539/487/930 1584/487/1254 1581/484/1251 
f 1539/487/930 1538/486/931 1585/486/1255 1584/487/1254 
f 1586/486/1256 1587/487/1257 1584/487/1254 1585/486/1255 
f 1587/487/1257 1582/484/1252 1581/484/1251 1584/487/1254 
f 1538/486/931 1543/489/934 1588/489/1258 1585/486/1255 
f 1543/489/934 1542/488/934 1589/488/1259 1588/489/1258 
f 1590/488/1260 1591/489/1261 1588/489/1258 1589/488/1259 
f 1591/489/1261 1586/486/1256 1585/486/1255 1588/489/1258 
f 1542/488/934 1547/491/934 1592/491/1262 1589/488/1259 
f 1547/491/934 1546/490/934 1593/490/1263 1592/491/1262 
f 1594/490/1264 1595/491/1265 1592/491/1262 1593/490/1263 
f 1595/491/1265 1590/488/1260 1589/488/1259 1592/491/1262 
f 1546/490/934 1551/493/934 1596/493/1266 1593/490/1263 
f 1551/493/934 1550/492/934 1597/492/1267 1596/493/1266 
f 1598/492/1268 1599/493/1269 1596/493/1266 1597/492/1267 
f 1599/493/1269 1594/490/1264 1593/490/1263 1596/493/1266 
f 1550/492/934 1555/495/937 1600/495/1270 1597/492/1267 
f 1555/495/937 1554/494/937 1601/494/1271 1600/495/1270 
f 1602/494/1272 1603/495/1273 1600/495/1270 1601/494/1271 
f 1603/495/1273 1598/492/1268 1597/492/1267 1600/495/1270 
f 1554/494/937 1559/497/937 1604/497/1274 1601/494/1271 
f 1559/497/937 1558/496/937 1605/496/1275 1604/497/1274 
f 1606/496/1276 1607/497/1277 1604/497/1274 1605/496/1275 
f 1607/497/1277 1602/494/1272 1601/494/1271 1604/497/1274 
f 1558/496/937 1561/498/937 1608/498/1278 1605/496/1275 
f 1561/498/937 1519/478/930 1563/478/1233 1608/498/1278 
f 1567/478/1237 1609/498/1279 1608/498/1278 1563/478/1233 
f 1609/498/1279 1606/496/1276 1605/496/1275 1608/498/1278 
f 1567/478/1237 1566/477/1236 1610/477/1280 1611/478/1281 
f 1566/477/1236 1565/476/1235 1612/476/1282 1610/477/1280 
f 1613/476/464 1614/477/466 1610/477/1280 1612/476/1282 
f 1614/477/466 1615/478/463 1611/478/1281 1610/477/1280 
f 1565/476/1235 1571/479/1241 1616/479/1283 1612/476/1282 
f 1571/479/1241 1570/284/1240 1617/284/1284 1616/479/1283 
f 1618/284/468 1619/479/469 1616/479/1283 1617/284/1284 
f 1619/479/469 1613/476/464 1612/476/1282 1616/479/1283 
f 1570/290/1240 1575/481/1245 1620/481/1285 1617/290/1284 
f 1575/481/1245 1574/480/1244 1621/480/1286 1620/481/1285 
f 1622/480/471 1623/481/472 1620/481/1285 1621/480/1286 
f 1623/481/472 1618/290/468 1617/290/1284 1620/481/1285 
f 1574/480/1244 1579/483/1249 1624/483/1287 1621/480/1286 
f 1579/483/1249 1578/482/1248 1625/482/1288 1624/483/1287 
f 1626/482/474 1627/483/475 1624/483/1287 1625/482/1288 
f 1627/483/475 1622/480/471 1621/480/1286 1624/483/1287 
f 1578/482/1248 1583/485/1253 1628/485/1289 1625/482/1288 
f 1583/485/1253 1582/484/1252 1629/484/1290 1628/485/1289 
f 1630/484/478 1631/485/479 1628/485/1289 1629/484/1290 
f 1631/485/479 1626/482/474 1625/482/1288 1628/485/1289 
f 1582/484/1252 1587/487/1257 1632/487/1291 1629/484/1290 
f 1587/487/1257 1586/486/1256 1633/486/1292 1632/487/1291 
f 1634/486/449 1635/487/481 1632/487/1291 1633/486/1292 
f 1635/487/481 1630/484/478 1629/484/1290 1632/487/1291 
f 1586/486/1256 1591/489/1261 1636/489/1293 1633/486/1292 
f 1591/489/1261 1590/488/1260 1637/488/1294 1636/489/1293 
f 1638/488/445 1639/489/446 1636/489/1293 1637/488/1294 
f 1639/489/446 1634/486/449 1633/486/1292 1636/489/1293 
f 1590/488/1260 1595/491/1265 1640/491/1295 1637/488/1294 
f 1595/491/1265 1594/490/1264 1641/490/1296 1640/491/1295 
f 1642/490/450 1643/491/451 1640/491/1295 1641/490/1296 
f 1643/491/451 1638/488/445 1637/488/1294 1640/491/1295 
f 1594/490/1264 1599/493/1269 1644/493/1297 1641/490/1296 
f 1599/493/1269 1598/492/1268 1645/492/1298 1644/493/1297 
f 1646/492/453 1647/493/454 1644/493/1297 1645/492/1298 
f 1647/493/454 1642/490/450 1641/490/1296 1644/493/1297 
f 1598/492/1268 1603/495/1273 1648/495/1299 1645/492/1298 
f 1603/495/1273 1602/494/1272 1649/494/1300 1648/495/1299 
f 1650/494/457 1651/495/458 1648/495/1299 1649/494/1300 
f 1651/495/458 1646/492/453 1645/492/1298 1648/495/1299 
f 1602/494/1272 1607/497/1277 1652/497/1301 1649/494/1300 
f 1607/497/1277 1606/496/1276 1653/496/1302 1652/497/1301 
f 1654/496/459 1655/497/460 1652/497/1301 1653/496/1302 
f 1655/497/460 1650/494/457 1649/494/1300 1652/497/1301 
f 1606/496/1276 1609/498/1279 1656/498/1303 1653/496/1302 
f 1609/498/1279 1567/478/1237 1611/478/1281 1656/498/1303 
f 1615/478/463 1657/498/462 1656/498/1303 1611/478/1281 
f 1657/498/462 1654/496/459 1653/496/1302 1656/498/1303 
f 1615/478/463 1614/477/466 1658/477/465 1659/478/461 
f 1614/477/466 1613/476/464 1660/476/467 1658/477/465 
f 1661/476/467 1662/477/466 1658/477/465 1660/476/467 
f 1662/477/466 1663/478/461 1659/478/461 1658/477/465 
f 1613/476/464 1619/479/469 1664/479/469 1660/476/467 
f 1619/479/469 1618/284/468 1665/284/470 1664/479/469 
f 1666/284/470 1667/479/469 1664/479/469 1665/284/470 
f 1667/479/469 1661/476/467 1660/476/467 1664/479/469 
f 1618/290/468 1623/481/472 1668/481/472 1665/290/470 
f 1623/481/472 1622/480/471 1669/480/471 1668/481/472 
f 1670/480/473 1671/481/472 1668/481/472 1669/480/471 
f 1671/481/472 1666/290/470 1665/290/470 1668/481/472 
f 1622/480/471 1627/483/475 1672/483/475 1669/480/471 
f 1627/483/475 1626/482/474 1673/482/476 1672/483/475 
f 1674/482/476 1675/483/475 1672/483/475 1673/482/476 
f 1675/483/475 1670/480/473 1669/480/471 1672/483/475 
f 1626/482/474 1631/485/479 1676/485/479 1673/482/476 
f 1631/485/479 1630/484/478 1677/484/477 1676/485/479 
f 1678/484/477 1679/485/479 1676/485/479 1677/484/477 
f 1679/485/479 1674/482/476 1673/482/476 1676/485/479 
f 1630/484/478 1635/487/481 1680/487/481 1677/484/477 
f 1635/487/481 1634/486/449 1681/486/448 1680/487/481 
f 1682/486/448 1683/487/482 1680/487/481 1681/486/448 
f 1683/487/482 1678/484/477 1677/484/477 1680/487/481 
f 1634/486/449 1639/489/446 1684/489/446 1681/486/448 
f 1639/489/446 1638/488/445 1685/488/447 1684/489/446 
f 1686/488/445 1687/489/446 1684/489/446 1685/488/447 
f 1687/489/446 1682/486/448 1681/486/448 1684/489/446 
f 1638/488/445 1643/491/451 1688/491/451 1685/488/447 
f 1643/491/451 1642/490/450 1689/490/452 1688/491/451 
f 1690/490/452 1691/491/451 1688/491/451 1689/490/452 
f 1691/491/451 1686/488/445 1685/488/447 1688/491/451 
f 1642/490/450 1647/493/454 1692/493/454 1689/490/452 
f 1647/493/454 1646/492/453 1693/492/536 1692/493/454 
f 1694/492/536 1695/493/454 1692/493/454 1693/492/536 
f 1695/493/454 1690/490/452 1689/490/452 1692/493/454 
f 1646/492/453 1651/495/458 1696/495/458 1693/492/536 
f 1651/495/458 1650/494/457 1697/494/456 1696/495/458 
f 1698/494/456 1699/495/458 1696/495/458 1697/494/456 
f 1699/495/458 1694/492/536 1693/492/536 1696/495/458 
f 1650/494/457 1655/497/460 1700/497/460 1697/494/456 
f 1655/497/460 1654/496/459 1701/496/459 1700/497/460 
f 1702/496/459 1703/497/460 1700/497/460 1701/496/459 
f 1703/497/460 1698/494/456 1697/494/456 1700/497/460 
f 1654/496/459 1657/498/462 1704/498/462 1701/496/459 
f 1657/498/462 1615/478/463 1659/478/461 1704/498/462 
f 1663/478/461 1705/498/462 1704/498/462 1659/478/461 
f 1705/498/462 1702/496/459 1701/496/459 1704/498/462 
f 1663/478/461 1662/477/466 1706/477/1304 1707/478/1305 
f 1662/477/466 1661/476/467 1708/476/1306 1706/477/1304 
f 1709/476/1307 1710/477/1308 1706/477/1304 1708/476/1306 
f 1710/477/1308 1711/478/1309 1707/478/1305 1706/477/1304 
f 1661/476/467 1667/479/469 1712/479/1310 1708/476/1306 
f 1667/479/469 1666/284/470 1713/284/1311 1712/479/1310 
f 1714/284/1312 1715/479/1313 1712/479/1310 1713/284/1311 
f 1715/479/1313 1709/476/1307 1708/476/1306 1712/479/1310 
f 1666/290/470 1671/481/472 1716/481/1314 1713/290/1311 
f 1671/481/472 1670/480/473 1717/480/1315 1716/481/1314 
f 1718/480/1316 1719/481/1317 1716/481/1314 1717/480/1315 
f 1719/481/1317 1714/290/1312 1713/290/1311 1716/481/1314 
f 1670/480/473 1675/483/475 1720/483/1318 1717/480/1315 
f 1675/483/475 1674/482/476 1721/482/1319 1720/483/1318 
f 1722/482/1320 1723/483/1321 1720/483/1318 1721/482/1319 
f 1723/483/1321 1718/480/1316 1717/480/1315 1720/483/1318 
f 1674/482/476 1679/485/479 1724/485/1322 1721/482/1319 
f 1679/485/479 1678/484/477 1725/484/1323 1724/485/1322 
f 1726/484/1324 1727/485/1325 1724/485/1322 1725/484/1323 
f 1727/485/1325 1722/482/1320 1721/482/1319 1724/485/1322 
f 1678/484/477 1683/487/482 1728/487/1326 1725/484/1323 
f 1683/487/482 1682/486/448 1729/486/1327 1728/487/1326 
f 1730/486/1328 1731/487/1329 1728/487/1326 1729/486/1327 
f 1731/487/1329 1726/484/1324 1725/484/1323 1728/487/1326 
f 1682/486/448 1687/489/446 1732/489/1330 1729/486/1327 
f 1687/489/446 1686/488/445 1733/488/1331 1732/489/1330 
f 1734/488/1332 1735/489/1333 1732/489/1330 1733/488/1331 
f 1735/489/1333 1730/486/1328 1729/486/1327 1732/489/1330 
f 1686/488/445 1691/491/451 1736/491/1334 1733/488/1331 
f 1691/491/451 1690/490/452 1737/490/1335 1736/491/1334 
f 1738/490/1336 1739/491/1337 1736/491/1334 1737/490/1335 
f 1739/491/1337 1734/488/1332 1733/488/1331 1736/491/1334 
f 1690/490/452 1695/493/454 1740/493/1338 1737/490/1335 
f 1695/493/454 1694/492/536 1741/492/1339 1740/493/1338 
f 1742/492/1340 1743/493/1341 1740/493/1338 1741/492/1339 
f 1743/493/1341 1738/490/1336 1737/490/1335 1740/493/1338 
f 1694/492/536 1699/495/458 1744/495/1342 1741/492/1339 
f 1699/495/458 1698/494/456 1745/494/1343 1744/495/1342 
f 1746/494/1344 1747/495/1345 1744/495/1342 1745/494/1343 
f 1747/495/1345 1742/492/1340 1741/492/1339 1744/495/1342 
f 1698/494/456 1703/497/460 1748/497/1346 1745/494/1343 
f 1703/497/460 1702/496/459 1749/496/1347 1748/497/1346 
f 1750/496/1348 1751/497/1349 1748/497/1346 1749/496/1347 
f 1751/497/1349 1746/494/1344 1745/494/1343 1748/497/1346 
f 1702/496/459 1705/498/462 1752/498/1350 1749/496/1347 
f 1705/498/462 1663/478/461 1707/478/1305 1752/498/1350 
f 1711/478/1309 1753/498/1351 1752/498/1350 1707/478/1305 
f 1753/498/1351 1750/496/1348 1749/496/1347 1752/498/1350 
f 1711/478/1309 1710/477/1308 1754/477/1352 1755/478/1353 
f 1710/477/1308 1709/476/1307 1756/476/1354 1754/477/1352 
f 1757/476/1355 1758/477/1356 1754/477/1352 1756/476/1354 
f 1758/477/1356 1759/478/1357 1755/478/1353 1754/477/1352 
f 1709/476/1307 1715/479/1313 1760/479/1358 1756/476/1354 
f 1715/479/1313 1714/284/1312 1761/284/1359 1760/479/1358 
f 1762/284/1360 1763/479/1361 1760/479/1358 1761/284/1359 
f 1763/479/1361 1757/476/1355 1756/476/1354 1760/479/1358 
f 1714/290/1312 1719/481/1317 1764/481/1362 1761/290/1359 
f 1719/481/1317 1718/480/1316 1765/480/1363 1764/481/1362 
f 1766/480/1364 1767/481/1365 1764/481/1362 1765/480/1363 
f 1767/481/1365 1762/290/1360 1761/290/1359 1764/481/1362 
f 1718/480/1316 1723/483/1321 1768/483/1366 1765/480/1363 
f 1723/483/1321 1722/482/1320 1769/482/1367 1768/483/1366 
f 1770/482/1368 1771/483/1369 1768/483/1366 1769/482/1367 
f 1771/483/1369 1766/480/1364 1765/480/1363 1768/483/1366 
f 1722/482/1320 1727/485/1325 1772/485/1370 1769/482/1367 
f 1727/485/1325 1726/484/1324 1773/484/1371 1772/485/1370 
f 1774/484/1372 1775/485/1373 1772/485/1370 1773/484/1371 
f 1775/485/1373 1770/482/1368 1769/482/1367 1772/485/1370 
f 1726/484/1324 1731/487/1329 1776/487/1374 1773/484/1371 
f 1731/487/1329 1730/486/1328 1777/486/1375 1776/487/1374 
f 1778/486/1376 1779/487/1377 1776/487/1374 1777/486/1375 
f 1779/487/1377 1774/484/1372 1773/484/1371 1776/487/1374 
f 1730/486/1328 1735/489/1333 1780/489/1378 1777/486/1375 
f 1735/489/1333 1734/488/1332 1781/488/1379 1780/489/1378 
f 1782/488/1380 1783/489/1381 1780/489/1378 1781/488/1379 
f 1783/489/1381 1778/486/1376 1777/486/1375 1780/489/1378 
f 1734/488/1332 1739/491/1337 1784/491/1382 1781/488/1379 
f 1739/491/1337 1738/490/1336 1785/490/1383 1784/491/1382 
f 1786/490/1384 1787/491/1385 1784/491/1382 1785/490/1383 
f 1787/491/1385 1782/488/1380 1781/488/1379 1784/491/1382 
f 1738/490/1336 1743/493/1341 1788/493/1386 1785/490/1383 
f 1743/493/1341 1742/492/1340 1789/492/1387 1788/493/1386 
f 1790/492/1388 1791/493/1389 1788/493/1386 1789/492/1387 
f 1791/493/1389 1786/490/1384 1785/490/1383 1788/493/1386 
f 1742/492/1340 1747/495/1345 1792/495/1390 1789/492/1387 
f 1747/495/1345 1746/494/1344 1793/494/1391 1792/495/1390 
f 1794/494/1392 1795/495/1393 1792/495/1390 1793/494/1391 
f 1795/495/1393 1790/492/1388 1789/492/1387 1792/495/1390 
f 1746/494/1344 1751/497/1349 1796/497/1394 1793/494/1391 
f 1751/497/1349 1750/496/1348 1797/496/1395 1796/497/1394 
f 1798/496/1396 1799/497/1397 1796/497/1394 1797/496/1395 
f 1799/497/1397 1794/494/1392 1793/494/1391 1796/497/1394 
f 1750/496/1348 1753/498/1351 1800/498/1398 1797/496/1395 
f 1753/498/1351 1711/478/1309 1755/478/1353 1800/498/1398 
f 1759/478/1357 1801/498/1399 1800/498/1398 1755/478/1353 
f 1801/498/1399 1798/496/1396 1797/496/1395 1800/498/1398 
f 1759/478/1357 1758/477/1356 1802/477/1400 1803/478/1401 
f 1758/477/1356 1757/476/1355 1804/476/1402 1802/477/1400 
f 1805/476/1403 1806/477/1404 1802/477/1400 1804/476/1402 
f 1806/477/1404 1807/478/1405 1803/478/1401 1802/477/1400 
f 1757/476/1355 1763/479/1361 1808/479/1406 1804/476/1402 
f 1763/479/1361 1762/284/1360 1809/284/1407 1808/479/1406 
f 1810/284/1408 1811/479/1409 1808/479/1406 1809/284/1407 
f 1811/479/1409 1805/476/1403 1804/476/1402 1808/479/1406 
f 1762/290/1360 1767/481/1365 1812/481/1410 1809/290/1407 
f 1767/481/1365 1766/480/1364 1813/480/1411 1812/481/1410 
f 1814/480/1412 1815/481/1413 1812/481/1410 1813/480/1411 
f 1815/481/1413 1810/290/1408 1809/290/1407 1812/481/1410 
f 1766/480/1364 1771/483/1369 1816/483/1414 1813/480/1411 
f 1771/483/1369 1770/482/1368 1817/482/1415 1816/483/1414 
f 1818/482/1416 1819/483/1417 1816/483/1414 1817/482/1415 
f 1819/483/1417 1814/480/1412 1813/480/1411 1816/483/1414 
f 1770/482/1368 1775/485/1373 1820/485/1418 1817/482/1415 
f 1775/485/1373 1774/484/1372 1821/484/1419 1820/485/1418 
f 1822/484/1420 1823/485/1421 1820/485/1418 1821/484/1419 
f 1823/485/1421 1818/482/1416 1817/482/1415 1820/485/1418 
f 1774/484/1372 1779/487/1377 1824/487/1422 1821/484/1419 
f 1779/487/1377 1778/486/1376 1825/486/1423 1824/487/1422 
f 1826/486/1424 1827/487/1425 1824/487/1422 1825/486/1423 
f 1827/487/1425 1822/484/1420 1821/484/1419 1824/487/1422 
f 1778/486/1376 1783/489/1381 1828/489/1426 1825/486/1423 
f 1783/489/1381 1782/488/1380 1829/488/1427 1828/489/1426 
f 1830/488/1428 1831/489/1429 1828/489/1426 1829/488/1427 
f 1831/489/1429 1826/486/1424 1825/486/1423 1828/489/1426 
f 1782/488/1380 1787/491/1385 1832/491/1430 1829/488/1427 
f 1787/491/1385 1786/490/1384 1833/490/1431 1832/491/1430 
f 1834/490/1432 1835/491/1433 1832/491/1430 1833/490/1431 
f 1835/491/1433 1830/488/1428 1829/488/1427 1832/491/1430 
f 1786/490/1384 1791/493/1389 1836/493/1434 1833/490/1431 
f 1791/493/1389 1790/492/1388 1837/492/1435 1836/493/1434 
f 1838/492/1436 1839/493/1437 1836/493/1434 1837/492/1435 
f 1839/493/1437 1834/490/1432 1833/490/1431 1836/493/1434 
f 1790/492/1388 1795/495/1393 1840/495/1438 1837/492/1435 
f 1795/495/1393 1794/494/1392 1841/494/1439 1840/495/1438 
f 1842/494/1440 1843/495/1441 1840/495/1438 1841/494/1439 
f 1843/495/1441 1838/492/1436 1837/492/1435 1840/495/1438 
f 1794/494/1392 1799/497/1397 1844/497/1442 1841/494/1439 
f 1799/497/1397 1798/496/1396 1845/496/1443 1844/497/1442 
f 1846/496/1444 1847/497/1445 1844/497/1442 1845/496/1443 
f 1847/497/1445 1842/494/1440 1841/494/1439 1844/497/1442 
f 1798/496/1396 1801/498/1399 1848/498/1446 1845/496/1443 
f 1801/498/1399 1759/478/1357 1803/478/1401 1848/498/1446 
f 1807/478/1405 1849/498/1447 1848/498/1446 1803/478/1401 
f 1849/498/1447 1846/496/1444 1845/496/1443 1848/498/1446 
f 1807/478/1405 1806/477/1404 1850/477/1448 1851/478/1449 
f 1806/477/1404 1805/476/1403 1852/476/1450 1850/477/1448 
f 1853/476/1451 1854/477/1452 1850/477/1448 1852/476/1450 
f 1854/477/1452 1855/478/1453 1851/478/1449 1850/477/1448 
f 1805/476/1403 1811/479/1409 1856/479/1454 1852/476/1450 
f 1811/479/1409 1810/284/1408 1857/284/1455 1856/479/1454 
f 1858/284/1456 1859/479/1457 1856/479/1454 1857/284/1455 
f 1859/479/1457 1853/476/1451 1852/476/1450 1856/479/1454 
f 1810/290/1408 1815/481/1413 1860/481/1458 1857/290/1455 
f 1815/481/1413 1814/480/1412 1861/480/1459 1860/481/1458 
f 1862/480/1460 1863/481/1461 1860/481/1458 1861/480/1459 
f 1863/481/1461 1858/290/1456 1857/290/1455 1860/481/1458 
f 1814/480/1412 1819/483/1417 1864/483/1462 1861/480/1459 
f 1819/483/1417 1818/482/1416 1865/482/1463 1864/483/1462 
f 1866/482/1464 1867/483/1465 1864/483/1462 1865/482/1463 
f 1867/483/1465 1862/480/1460 1861/480/1459 1864/483/1462 
f 1818/482/1416 1823/485/1421 1868/485/1466 1865/482/1463 
f 1823/485/1421 1822/484/1420 1869/484/1467 1868/485/1466 
f 1870/484/1468 1871/485/1469 1868/485/1466 1869/484/1467 
f 1871/485/1469 1866/482/1464 1865/482/1463 1868/485/1466 
f 1822/484/1420 1827/487/1425 1872/487/1470 1869/484/1467 
f 1827/487/1425 1826/486/1424 1873/486/1471 1872/487/1470 
f 1874/486/1472 1875/487/1473 1872/487/1470 1873/486/1471 
f 1875/487/1473 1870/484/1468 1869/484/1467 1872/487/1470 
f 1826/486/1424 1831/489/1429 1876/489/1474 1873/486/1471 
f 1831/489/1429 1830/488/1428 1877/488/1475 1876/489/1474 
f 1878/488/1476 1879/489/1477 1876/489/1474 1877/488/1475 
f 1879/489/1477 1874/486/1472 1873/486/1471 1876/489/1474 
f 1830/488/1428 1835/491/1433 1880/491/1478 1877/488/1475 
f 1835/491/1433 1834/490/1432 1881/490/1479 1880/491/1478 
f 1882/490/1480 1883/491/1481 1880/491/1478 1881/490/1479 
f 1883/491/1481 1878/488/1476 1877/488/1475 1880/491/1478 
f 1834/490/1432 1839/493/1437 1884/493/1482 1881/490/1479 
f 1839/493/1437 1838/492/1436 1885/492/1483 1884/493/1482 
f 1886/492/1484 1887/493/1485 1884/493/1482 1885/492/1483 
f 1887/493/1485 1882/490/1480 1881/490/1479 1884/493/1482 
f 1838/492/1436 1843/495/1441 1888/495/1486 1885/492/1483 
f 1843/495/1441 1842/494/1440 1889/494/1487 1888/495/1486 
f 1890/494/1488 1891/495/1489 1888/495/1486 1889/494/1487 
f 1891/495/1489 1886/492/1484 1885/492/1483 1888/495/1486 
f 1842/494/1440 1847/497/1445 1892/497/1490 1889/494/1487 
f 1847/497/1445 1846/496/1444 1893/496/1491 1892/497/1490 
f 1894/496/1492 1895/497/1493 1892/497/1490 1893/496/1491 
f 1895/497/1493 1890/494/1488 1889/494/1487 1892/497/1490 
f 1846/496/1444 1849/498/1447 1896/498/1494 1893/496/1491 
f 1849/498/1447 1807/478/1405 1851/478/1449 1896/498/1494 
f 1855/478/1453 1897/498/1495 1896/498/1494 1851/478/1449 
f 1897/498/1495 1894/496/1492 1893/496/1491 1896/498/1494 
f 1855/478/1453 1854/477/1452 1898/477/1496 1899/478/1497 
f 1854/477/1452 1853/476/1451 1900/476/1498 1898/477/1496 
f 1901/476/1499 1902/477/1500 1898/477/1496 1900/476/1498 
f 1902/477/1500 1903/478/1501 1899/478/1497 1898/477/1496 
f 1853/476/1451 1859/479/1457 1904/479/1502 1900/476/1498 
f 1859/479/1457 1858/284/1456 1905/284/1503 1904/479/1502 
f 1906/284/1504 1907/479/1505 1904/479/1502 1905/284/1503 
f 1907/479/1505 1901/476/1499 1900/476/1498 1904/479/1502 
f 1858/290/1456 1863/481/1461 1908/481/1506 1905/290/1503 
f 1863/481/1461 1862/480/1460 1909/480/1507 1908/481/1506 
f 1910/480/1508 1911/481/1509 1908/481/1506 1909/480/1507 
f 1911/481/1509 1906/290/1504 1905/290/1503 1908/481/1506 
f 1862/480/1460 1867/483/1465 1912/483/1510 1909/480/1507 
f 1867/483/1465 1866/482/1464 1913/482/1511 1912/483/1510 
f 1914/482/1512 1915/483/1513 1912/483/1510 1913/482/1511 
f 1915/483/1513 1910/480/1508 1909/480/1507 1912/483/1510 
f 1866/482/1464 1871/485/1469 1916/485/1514 1913/482/1511 
f 1871/485/1469 1870/484/1468 1917/484/1515 1916/485/1514 
f 1918/484/1516 1919/485/1517 1916/485/1514 1917/484/1515 
f 1919/485/1517 1914/482/1512 1913/482/1511 1916/485/1514 
f 1870/484/1468 1875/487/1473 1920/487/1518 1917/484/1515 
f 1875/487/1473 1874/486/1472 1921/486/1519 1920/487/1518 
f 1922/486/1520 1923/487/1521 1920/487/1518 1921/486/1519 
f 1923/487/1521 1918/484/1516 1917/484/1515 1920/487/1518 
f 1874/486/1472 1879/489/1477 1924/489/1522 1921/486/1519 
f 1879/489/1477 1878/488/1476 1925/488/1523 1924/489/1522 
f 1926/488/1524 1927/489/1525 1924/489/1522 1925/488/1523 
f 1927/489/1525 1922/486/1520 1921/486/1519 1924/489/1522 
f 1878/488/1476 1883/491/1481 1928/491/1526 1925/488/1523 
f 1883/491/1481 1882/490/1480 1929/490/1527 1928/491/1526 
f 1930/490/1528 1931/491/1529 1928/491/1526 1929/490/1527 
f 1931/491/1529 1926/488/1524 1925/488/1523 1928/491/1526 
f 1882/490/1480 1887/493/1485 1932/493/1530 1929/490/1527 
f 1887/493/1485 1886/492/1484 1933/492/1531 1932/493/1530 
f 1934/492/1532 1935/493/1533 1932/493/1530 1933/492/1531 
f 1935/493/1533 1930/490/1528 1929/490/1527 1932/493/1530 
f 1886/492/1484 1891/495/1489 1936/495/1534 1933/492/1531 
f 1891/495/1489 1890/494/1488 1937/494/1535 1936/495/1534 
f 1938/494/1536 1939/495/1537 1936/495/1534 1937/494/1535 
f 1939/495/1537 1934/492/1532 1933/492/1531 1936/495/1534 
f 1890/494/1488 1895/497/1493 1940/497/1538 1937/494/1535 
f 1895/497/1493 1894/496/1492 1941/496/1539 1940/497/1538 
f 1942/496/1540 1943/497/1541 1940/497/1538 1941/496/1539 
f 1943/497/1541 1938/494/1536 1937/494/1535 1940/497/1538 
f 1894/496/1492 1897/498/1495 1944/498/1542 1941/496/1539 
f 1897/498/1495 1855/478/1453 1899/478/1497 1944/498/1542 
f 1903/478/1501 1945/498/1543 1944/498/1542 1899/478/1497 
f 1945/498/1543 1942/496/1540 1941/496/1539 1944/498/1542 
f 1903/478/1501 1902/477/1500 1946/477/1544 1947/478/1545 
f 1902/477/1500 1901/476/1499 1948/476/1546 1946/477/1544 
f 1949/476/1547 1950/477/1548 1946/477/1544 1948/476/1546 
f 1950/477/1548 1951/478/1549 1947/478/1545 1946/477/1544 
f 1901/476/1499 1907/479/1505 1952/479/1550 1948/476/1546 
f 1907/479/1505 1906/284/1504 1953/284/1551 1952/479/1550 
f 1954/284/1552 1955/479/1553 1952/479/1550 1953/284/1551 
f 1955/479/1553 1949/476/1547 1948/476/1546 1952/479/1550 
f 1906/290/1504 1911/481/1509 1956/481/1554 1953/290/1551 
f 1911/481/1509 1910/480/1508 1957/480/1555 1956/481/1554 
f 1958/480/1556 1959/481/1557 1956/481/1554 1957/480/1555 
f 1959/481/1557 1954/290/1552 1953/290/1551 1956/481/1554 
f 1910/480/1508 1915/483/1513 1960/483/1558 1957/480/1555 
f 1915/483/1513 1914/482/1512 1961/482/1559 1960/483/1558 
f 1962/482/1560 1963/483/1561 1960/483/1558 1961/482/1559 
f 1963/483/1561 1958/480/1556 1957/480/1555 1960/483/1558 
f 1914/482/1512 1919/485/1517 1964/485/1562 1961/482/1559 
f 1919/485/1517 1918/484/1516 1965/484/1563 1964/485/1562 
f 1966/484/1564 1967/485/1565 1964/485/1562 1965/484/1563 
f 1967/485/1565 1962/482/1560 1961/482/1559 1964/485/1562 
f 1918/484/1516 1923/487/1521 1968/487/1566 1965/484/1563 
f 1923/487/1521 1922/486/1520 1969/486/1567 1968/487/1566 
f 1970/486/1568 1971/487/1569 1968/487/1566 1969/486/1567 
f 1971/487/1569 1966/484/1564 1965/484/1563 1968/487/1566 
f 1922/486/1520 1927/489/1525 1972/489/1570 1969/486/1567 
f 1927/489/1525 1926/488/1524 1973/488/1571 1972/489/1570 
f 1974/488/1572 1975/489/1573 1972/489/1570 1973/488/1571 
f 1975/489/1573 1970/486/1568 1969/486/1567 1972/489/1570 
f 1926/488/1524 1931/491/1529 1976/491/1574 1973/488/1571 
f 1931/491/1529 1930/490/1528 1977/490/1575 1976/491/1574 
f 1978/490/1576 1979/491/1577 1976/491/1574 1977/490/1575 
f 1979/491/1577 1974/488/1572 1973/488/1571 1976/491/1574 
f 1930/490/1528 1935/493/1533 1980/493/1578 1977/490/1575 
f 1935/493/1533 1934/492/1532 1981/492/1579 1980/493/1578 
f 1982/492/1580 1983/493/1581 1980/493/1578 1981/492/1579 
f 1983/493/1581 1978/490/1576 1977/490/1575 1980/493/1578 
f 1934/492/1532 1939/495/1537 1984/495/1582 1981/492/1579 
f 1939/495/1537 1938/494/1536 1985/494/1583 1984/495/1582 
f 1986/494/1584 1987/495/1585 1984/495/1582 1985/494/1583 
f 1987/495/1585 1982/492/1580 1981/492/1579 1984/495/1582 
f 1938/494/1536 1943/497/1541 1988/497/1586 1985/494/1583 
f 1943/497/1541 1942/496/1540 1989/496/1587 1988/497/1586 
f 1990/496/1588 1991/497/1589 1988/497/1586 1989/496/1587 
f 1991/497/1589 1986/494/1584 1985/494/1583 1988/497/1586 
f 1942/496/1540 1945/498/1543 1992/498/1590 1989/496/1587 
f 1945/498/1543 1903/478/1501 1947/478/1545 1992/498/1590 
f 1951/478/1549 1993/498/1591 1992/498/1590 1947/478/1545 
f 1993/498/1591 1990/496/1588 1989/496/1587 1992/498/1590 
f 1951/478/1549 1950/477/1548 1994/477/1592 1995/478/1593 
f 1950/477/1548 1949/476/1547 1996/476/1594 1994/477/1592 
f 1997/476/1595 1998/477/1596 1994/477/1592 1996/476/1594 
f 1998/477/1596 1999/478/1597 1995/478/1593 1994/477/1592 
f 1949/476/1547 1955/479/1553 2000/479/1598 1996/476/1594 
f 1955/479/1553 1954/284/1552 2001/284/1599 2000/479/1598 
f 2002/284/1600 2003/479/1601 2000/479/1598 2001/284/1599 
f 2003/479/1601 1997/476/1595 1996/476/1594 2000/479/1598 
f 1954/290/1552 1959/481/1557 2004/481/1602 2001/290/1599 
f 1959/481/1557 1958/480/1556 2005/480/1603 2004/481/1602 
f 2006/480/1604 2007/481/1605 2004/481/1602 2005/480/1603 
f 2007/481/1605 2002/290/1600 2001/290/1599 2004/481/1602 
f 1958/480/1556 1963/483/1561 2008/483/1606 2005/480/1603 
f 1963/483/1561 1962/482/1560 2009/482/1607 2008/483/1606 
f 2010/482/1608 2011/483/1609 2008/483/1606 2009/482/1607 
f 2011/483/1609 2006/480/1604 2005/480/1603 2008/483/1606 
f 1962/482/1560 1967/485/1565 2012/485/1610 2009/482/1607 
f 1967/485/1565 1966/484/1564 2013/484/1611 2012/485/1610 
f 2014/484/1612 2015/485/1613 2012/485/1610 2013/484/1611 
f 2015/485/1613 2010/482/1608 2009/482/1607 2012/485/1610 
f 1966/484/1564 1971/487/1569 2016/487/1614 2013/484/1611 
f 1971/487/1569 1970/486/1568 2017/486/1615 2016/487/1614 
f 2018/486/1616 2019/487/1617 2016/487/1614 2017/486/1615 
f 2019/487/1617 2014/484/1612 2013/484/1611 2016/487/1614 
f 1970/486/1568 1975/489/1573 2020/489/1618 2017/486/1615 
f 1975/489/1573 1974/488/1572 2021/488/1619 2020/489/1618 
f 2022/488/1620 2023/489/1621 2020/489/1618 2021/488/1619 
f 2023/489/1621 2018/486/1616 2017/486/1615 2020/489/1618 
f 1974/488/1572 1979/491/1577 2024/491/1622 2021/488/1619 
f 1979/491/1577 1978/490/1576 2025/490/1623 2024/491/1622 
f 2026/490/1624 2027/491/1625 2024/491/1622 2025/490/1623 
f 2027/491/1625 2022/488/1620 2021/488/1619 2024/491/1622 
f 1978/490/1576 1983/493/1581 2028/493/1626 2025/490/1623 
f 1983/493/1581 1982/492/1580 2029/492/1627 2028/493/1626 
f 2030/492/1628 2031/493/1629 2028/493/1626 2029/492/1627 
f 2031/493/1629 2026/490/1624 2025/490/1623 2028/493/1626 
f 1982/492/1580 1987/495/1585 2032/495/1630 2029/492/1627 
f 1987/495/1585 1986/494/1584 2033/494/1631 2032/495/1630 
f 2034/494/1632 2035/495/1633 2032/495/1630 2033/494/1631 
f 2035/495/1633 2030/492/1628 2029/492/1627 2032/495/1630 
f 1986/494/1584 1991/497/1589 2036/497/1634 2033/494/1631 
f 1991/497/1589 1990/496/1588 2037/496/1635 2036/497/1634 
f 2038/496/1636 2039/497/1637 2036/497/1634 2037/496/1635 
f 2039/497/1637 2034/494/1632 2033/494/1631 2036/497/1634 
f 1990/496/1588 1993/498/1591 2040/498/1638 2037/496/1635 
f 1993/498/1591 1951/478/1549 1995/478/1593 2040/498/1638 
f 1999/478/1597 2041/498/1639 2040/498/1638 1995/478/1593 
f 2041/498/1639 2038/496/1636 2037/496/1635 2040/498/1638 
f 1999/478/1597 1998/477/1596 2042/477/1640 2043/478/1641 
f 1998/477/1596 1997/476/1595 2044/476/1642 2042/477/1640 
f 2045/476/1643 2046/477/1644 2042/477/1640 2044/476/1642 
f 2046/477/1644 2047/478/1645 2043/478/1641 2042/477/1640 
f 1997/476/1595 2003/479/1601 2048/479/1646 2044/476/1642 
f 2003/479/1601 2002/284/1600 2049/284/1647 2048/479/1646 
f 2050/284/1648 2051/479/1649 2048/479/1646 2049/284/1647 
f 2051/479/1649 2045/476/1643 2044/476/1642 2048/479/1646 
f 2002/290/1600 2007/481/1605 2052/481/1650 2049/290/1647 
f 2007/481/1605 2006/480/1604 2053/480/1651 2052/481/1650 
f 2054/480/1652 2055/481/1653 2052/481/1650 2053/480/1651 
f 2055/481/1653 2050/290/1648 2049/290/1647 2052/481/1650 
f 2006/480/1604 2011/483/1609 2056/483/1654 2053/480/1651 
f 2011/483/1609 2010/482/1608 2057/482/1655 2056/483/1654 
f 2058/482/1656 2059/483/1657 2056/483/1654 2057/482/1655 
f 2059/483/1657 2054/480/1652 2053/480/1651 2056/483/1654 
f 2010/482/1608 2015/485/1613 2060/485/1658 2057/482/1655 
f 2015/485/1613 2014/484/1612 2061/484/1659 2060/485/1658 
f 2062/484/1660 2063/485/1661 2060/485/1658 2061/484/1659 
f 2063/485/1661 2058/482/1656 2057/482/1655 2060/485/1658 
f 2014/484/1612 2019/487/1617 2064/487/1662 2061/484/1659 
f 2019/487/1617 2018/486/1616 2065/486/1663 2064/487/1662 
f 2066/486/1664 2067/487/1665 2064/487/1662 2065/486/1663 
f 2067/487/1665 2062/484/1660 2061/484/1659 2064/487/1662 
f 2018/486/1616 2023/489/1621 2068/489/1666 2065/486/1663 
f 2023/489/1621 2022/488/1620 2069/488/1667 2068/489/1666 
f 2070/488/1668 2071/489/1669 2068/489/1666 2069/488/1667 
f 2071/489/1669 2066/486/1664 2065/486/1663 2068/489/1666 
f 2022/488/1620 2027/491/1625 2072/491/1670 2069/488/1667 
f 2027/491/1625 2026/490/1624 2073/490/1671 2072/491/1670 
f 2074/490/1672 2075/491/1673 2072/491/1670 2073/490/1671 
f 2075/491/1673 2070/488/1668 2069/488/1667 2072/491/1670 
f 2026/490/1624 2031/493/1629 2076/493/1674 2073/490/1671 
f 2031/493/1629 2030/492/1628 2077/492/1675 2076/493/1674 
f 2078/492/1676 2079/493/1677 2076/493/1674 2077/492/1675 
f 2079/493/1677 2074/490/1672 2073/490/1671 2076/493/1674 
f 2030/492/1628 2035/495/1633 2080/495/1678 2077/492/1675 
f 2035/495/1633 2034/494/1632 2081/494/1679 2080/495/1678 
f 2082/494/1680 2083/495/1681 2080/495/1678 2081/494/1679 
f 2083/495/1681 2078/492/1676 2077/492/1675 2080/495/1678 
f 2034/494/1632 2039/497/1637 2084/497/1682 2081/494/1679 
f 2039/497/1637 2038/496/1636 2085/496/1683 2084/497/1682 
f 2086/496/1684 2087/497/1685 2084/497/1682 2085/496/1683 
f 2087/497/1685 2082/494/1680 2081/494/1679 2084/497/1682 
f 2038/496/1636 2041/498/1639 2088/498/1686 2085/496/1683 
f 2041/498/1639 1999/478/1597 2043/478/1641 2088/498/1686 
f 2047/478/1645 2089/498/1687 2088/498/1686 2043/478/1641 
f 2089/498/1687 2086/496/1684 2085/496/1683 2088/498/1686 
f 2047/478/1645 2046/477/1644 2090/477/1688 2091/478/1689 
f 2046/477/1644 2045/476/1643 2092/476/1690 2090/477/1688 
f 2093/476/1691 2094/477/1692 2090/477/1688 2092/476/1690 
f 2094/477/1692 2095/478/1693 2091/478/1689 2090/477/1688 
f 2045/476/1643 2051/479/1649 2096/479/1694 2092/476/1690 
f 2051/479/1649 2050/284/1648 2097/284/1695 2096/479/1694 
f 2098/284/1696 2099/479/1697 2096/479/1694 2097/284/1695 
f 2099/479/1697 2093/476/1691 2092/476/1690 2096/479/1694 
f 2050/290/1648 2055/481/1653 2100/481/1698 2097/290/1695 
f 2055/481/1653 2054/480/1652 2101/480/1699 2100/481/1698 
f 2102/480/1700 2103/481/1701 2100/481/1698 2101/480/1699 
f 2103/481/1701 2098/290/1696 2097/290/1695 2100/481/1698 
f 2054/480/1652 2059/483/1657 2104/483/1702 2101/480/1699 
f 2059/483/1657 2058/482/1656 2105/482/1703 2104/483/1702 
f 2106/482/1704 2107/483/1705 2104/483/1702 2105/482/1703 
f 2107/483/1705 2102/480/1700 2101/480/1699 2104/483/1702 
f 2058/482/1656 2063/485/1661 2108/485/1706 2105/482/1703 
f 2063/485/1661 2062/484/1660 2109/484/1707 2108/485/1706 
f 2110/484/1708 2111/485/1709 2108/485/1706 2109/484/1707 
f 2111/485/1709 2106/482/1704 2105/482/1703 2108/485/1706 
f 2062/484/1660 2067/487/1665 2112/487/1710 2109/484/1707 
f 2067/487/1665 2066/486/1664 2113/486/1711 2112/487/1710 
f 2114/486/1712 2115/487/1713 2112/487/1710 2113/486/1711 
f 2115/487/1713 2110/484/1708 2109/484/1707 2112/487/1710 
f 2066/486/1664 2071/489/1669 2116/489/1714 2113/486/1711 
f 2071/489/1669 2070/488/1668 2117/488/1715 2116/489/1714 
f 2118/488/1716 2119/489/1717 2116/489/1714 2117/488/1715 
f 2119/489/1717 2114/486/1712 2113/486/1711 2116/489/1714 
f 2070/488/1668 2075/491/1673 2120/491/1718 2117/488/1715 
f 2075/491/1673 2074/490/1672 2121/490/1719 2120/491/1718 
f 2122/490/1720 2123/491/1721 2120/491/1718 2121/490/1719 
f 2123/491/1721 2118/488/1716 2117/488/1715 2120/491/1718 
f 2074/490/1672 2079/493/1677 2124/493/1722 2121/490/1719 
f 2079/493/1677 2078/492/1676 2125/492/1723 2124/493/1722 
f 2126/492/1724 2127/493/1725 2124/493/1722 2125/492/1723 
f 2127/493/1725 2122/490/1720 2121/490/1719 2124/493/1722 
f 2078/492/1676 2083/495/1681 2128/495/1726 2125/492/1723 
f 2083/495/1681 2082/494/1680 2129/494/1727 2128/495/1726 
f 2130/494/1728 2131/495/1729 2128/495/1726 2129/494/1727 
f 2131/495/1729 2126/492/1724 2125/492/1723 2128/495/1726 
f 2082/494/1680 2087/497/1685 2132/497/1730 2129/494/1727 
f 2087/497/1685 2086/496/1684 2133/496/1731 2132/497/1730 
f 2134/496/1732 2135/497/1733 2132/497/1730 2133/496/1731 
f 2135/497/1733 2130/494/1728 2129/494/1727 2132/497/1730 
f 2086/496/1684 2089/498/1687 2136/498/1734 2133/496/1731 
f 2089/498/1687 2047/478/1645 2091/478/1689 2136/498/1734 
f 2095/478/1693 2137/498/1735 2136/498/1734 2091/478/1689 
f 2137/498/1735 2134/496/1732 2133/496/1731 2136/498/1734 
f 2095/478/1693 2094/477/1692 2138/477/1736 2139/478/1737 
f 2094/477/1692 2093/476/1691 2140/476/1738 2138/477/1736 
f 2141/476/1739 2142/477/1740 2138/477/1736 2140/476/1738 
f 2142/477/1740 2143/478/1741 2139/478/1737 2138/477/1736 
f 2093/476/1691 2099/479/1697 2144/479/1742 2140/476/1738 
f 2099/479/1697 2098/284/1696 2145/284/1743 2144/479/1742 
f 2146/284/1744 2147/479/1745 2144/479/1742 2145/284/1743 
f 2147/479/1745 2141/476/1739 2140/476/1738 2144/479/1742 
f 2098/290/1696 2103/481/1701 2148/481/1746 2145/290/1743 
f 2103/481/1701 2102/480/1700 2149/480/1747 2148/481/1746 
f 2150/480/1748 2151/481/1749 2148/481/1746 2149/480/1747 
f 2151/481/1749 2146/290/1744 2145/290/1743 2148/481/1746 
f 2102/480/1700 2107/483/1705 2152/483/1750 2149/480/1747 
f 2107/483/1705 2106/482/1704 2153/482/1751 2152/483/1750 
f 2154/482/1752 2155/483/1753 2152/483/1750 2153/482/1751 
f 2155/483/1753 2150/480/1748 2149/480/1747 2152/483/1750 
f 2106/482/1704 2111/485/1709 2156/485/1754 2153/482/1751 
f 2111/485/1709 2110/484/1708 2157/484/1755 2156/485/1754 
f 2158/484/1756 2159/485/1757 2156/485/1754 2157/484/1755 
f 2159/485/1757 2154/482/1752 2153/482/1751 2156/485/1754 
f 2110/484/1708 2115/487/1713 2160/487/1758 2157/484/1755 
f 2115/487/1713 2114/486/1712 2161/486/1759 2160/487/1758 
f 2162/486/1760 2163/487/1761 2160/487/1758 2161/486/1759 
f 2163/487/1761 2158/484/1756 2157/484/1755 2160/487/1758 
f 2114/486/1712 2119/489/1717 2164/489/1762 2161/486/1759 
f 2119/489/1717 2118/488/1716 2165/488/1763 2164/489/1762 
f 2166/488/1764 2167/489/1765 2164/489/1762 2165/488/1763 
f 2167/489/1765 2162/486/1760 2161/486/1759 2164/489/1762 
f 2118/488/1716 2123/491/1721 2168/491/1766 2165/488/1763 
f 2123/491/1721 2122/490/1720 2169/490/1767 2168/491/1766 
f 2170/490/1768 2171/491/1769 2168/491/1766 2169/490/1767 
f 2171/491/1769 2166/488/1764 2165/488/1763 2168/491/1766 
f 2122/490/1720 2127/493/1725 2172/493/1770 2169/490/1767 
f 2127/493/1725 2126/492/1724 2173/492/1771 2172/493/1770 
f 2174/492/1772 2175/493/1773 2172/493/1770 2173/492/1771 
f 2175/493/1773 2170/490/1768 2169/490/1767 2172/493/1770 
f 2126/492/1724 2131/495/1729 2176/495/1774 2173/492/1771 
f 2131/495/1729 2130/494/1728 2177/494/1775 2176/495/1774 
f 2178/494/1776 2179/495/1777 2176/495/1774 2177/494/1775 
f 2179/495/1777 2174/492/1772 2173/492/1771 2176/495/1774 
f 2130/494/1728 2135/497/1733 2180/497/1778 2177/494/1775 
f 2135/497/1733 2134/496/1732 2181/496/1779 2180/497/1778 
f 2182/496/1780 2183/497/1781 2180/497/1778 2181/496/1779 
f 2183/497/1781 2178/494/1776 2177/494/1775 2180/497/1778 
f 2134/496/1732 2137/498/1735 2184/498/1782 2181/496/1779 
f 2137/498/1735 2095/478/1693 2139/478/1737 2184/498/1782 
f 2143/478/1741 2185/498/1783 2184/498/1782 2139/478/1737 
f 2185/498/1783 2182/496/1780 2181/496/1779 2184/498/1782 
f 2143/478/1741 2142/477/1740 2186/477/1784 2187/478/1785 
f 2142/477/1740 2141/476/1739 2188/476/1786 2186/477/1784 
f 2189/476/1787 2190/477/1788 2186/477/1784 2188/476/1786 
f 2190/477/1788 2191/478/1789 2187/478/1785 2186/477/1784 
f 2141/476/1739 2147/479/1745 2192/479/1790 2188/476/1786 
f 2147/479/1745 2146/284/1744 2193/284/1791 2192/479/1790 
f 2194/284/1792 2195/479/1793 2192/479/1790 2193/284/1791 
f 2195/479/1793 2189/476/1787 2188/476/1786 2192/479/1790 
f 2146/290/1744 2151/481/1749 2196/481/1794 2193/290/1791 
f 2151/481/1749 2150/480/1748 2197/480/1795 2196/481/1794 
f 2198/480/1796 2199/481/1797 2196/481/1794 2197/480/1795 
f 2199/481/1797 2194/290/1792 2193/290/1791 2196/481/1794 
f 2150/480/1748 2155/483/1753 2200/483/1798 2197/480/1795 
f 2155/483/1753 2154/482/1752 2201/482/1799 2200/483/1798 
f 2202/482/1800 2203/483/1801 2200/483/1798 2201/482/1799 
f 2203/483/1801 2198/480/1796 2197/480/1795 2200/483/1798 
f 2154/482/1752 2159/485/1757 2204/485/1802 2201/482/1799 
f 2159/485/1757 2158/484/1756 2205/484/1803 2204/485/1802 
f 2206/484/1804 2207/485/1805 2204/485/1802 2205/484/1803 
f 2207/485/1805 2202/482/1800 2201/482/1799 2204/485/1802 
f 2158/484/1756 2163/487/1761 2208/487/1806 2205/484/1803 
f 2163/487/1761 2162/486/1760 2209/486/1807 2208/487/1806 
f 2210/486/1808 2211/487/1809 2208/487/1806 2209/486/1807 
f 2211/487/1809 2206/484/1804 2205/484/1803 2208/487/1806 
f 2162/486/1760 2167/489/1765 2212/489/1810 2209/486/1807 
f 2167/489/1765 2166/488/1764 2213/488/1811 2212/489/1810 
f 2214/488/1812 2215/489/1813 2212/489/1810 2213/488/1811 
f 2215/489/1813 2210/486/1808 2209/486/1807 2212/489/1810 
f 2166/488/1764 2171/491/1769 2216/491/1814 2213/488/1811 
f 2171/491/1769 2170/490/1768 2217/490/1815 2216/491/1814 
f 2218/490/1816 2219/491/1817 2216/491/1814 2217/490/1815 
f 2219/491/1817 2214/488/1812 2213/488/1811 2216/491/1814 
f 2170/490/1768 2175/493/1773 2220/493/1818 2217/490/1815 
f 2175/493/1773 2174/492/1772 2221/492/1819 2220/493/1818 
f 2222/492/1820 2223/493/1821 2220/493/1818 2221/492/1819 
f 2223/493/1821 2218/490/1816 2217/490/1815 2220/493/1818 
f 2174/492/1772 2179/495/1777 2224/495/1822 2221/492/1819 
f 2179/495/1777 2178/494/1776 2225/494/1823 2224/495/1822 
f 2226/494/1824 2227/495/1825 2224/495/1822 2225/494/1823 
f 2227/495/1825 2222/492/1820 2221/492/1819 2224/495/1822 
f 2178/494/1776 2183/497/1781 2228/497/1826 2225/494/1823 
f 2183/497/1781 2182/496/1780 2229/496/1827 2228/497/1826 
f 2230/496/1828 2231/497/1829 2228/497/1826 2229/496/1827 
f 2231/497/1829 2226/494/1824 2225/494/1823 2228/497/1826 
f 2182/496/1780 2185/498/1783 2232/498/1830 2229/496/1827 
f 2185/498/1783 2143/478/1741 2187/478/1785 2232/498/1830 
f 2191/478/1789 2233/498/1831 2232/498/1830 2187/478/1785 
f 2233/498/1831 2230/496/1828 2229/496/1827 2232/498/1830 
f 2191/478/1789 2190/477/1788 2234/477/1832 2235/478/1833 
f 2190/477/1788 2189/476/1787 2236/476/1834 2234/477/1832 
f 2237/476/931 2238/477/931 2234/477/1832 2236/476/1834 
f 2238/477/931 2239/478/931 2235/478/1833 2234/477/1832 
f 2189/476/1787 2195/479/1793 2240/479/1835 2236/476/1834 
f 2195/479/1793 2194/284/1792 2241/284/1836 2240/479/1835 
f 2242/284/931 2243/479/931 2240/479/1835 2241/284/1836 
f 2243/479/931 2237/476/931 2236/476/1834 2240/479/1835 
f 2194/290/1792 2199/481/1797 2244/481/1837 2241/290/1836 
f 2199/481/1797 2198/480/1796 2245/480/1838 2244/481/1837 
f 2246/480/931 2247/481/930 2244/481/1837 2245/480/1838 
f 2247/481/930 2242/290/931 2241/290/1836 2244/481/1837 
f 2198/480/1796 2203/483/1801 2248/483/1839 2245/480/1838 
f 2203/483/1801 2202/482/1800 2249/482/1840 2248/483/1839 
f 2250/482/930 2251/483/931 2248/483/1839 2249/482/1840 
f 2251/483/931 2246/480/931 2245/480/1838 2248/483/1839 
f 2202/482/1800 2207/485/1805 2252/485/1841 2249/482/1840 
f 2207/485/1805 2206/484/1804 2253/484/1842 2252/485/1841 
f 2254/484/930 2255/485/930 2252/485/1841 2253/484/1842 
f 2255/485/930 2250/482/930 2249/482/1840 2252/485/1841 
f 2206/484/1804 2211/487/1809 2256/487/1843 2253/484/1842 
f 2211/487/1809 2210/486/1808 2257/486/1844 2256/487/1843 
f 2258/486/930 2259/487/930 2256/487/1843 2257/486/1844 
f 2259/487/930 2254/484/930 2253/484/1842 2256/487/1843 
f 2210/486/1808 2215/489/1813 2260/489/1845 2257/486/1844 
f 2215/489/1813 2214/488/1812 2261/488/1846 2260/489/1845 
f 2262/488/930 2263/489/930 2260/489/1845 2261/488/1846 
f 2263/489/930 2258/486/930 2257/486/1844 2260/489/1845 
f 2214/488/1812 2219/491/1817 2264/491/1847 2261/488/1846 
f 2219/491/1817 2218/490/1816 2265/490/1848 2264/491/1847 
f 2266/490/931 2267/491/931 2264/491/1847 2265/490/1848 
f 2267/491/931 2262/488/930 2261/488/1846 2264/491/1847 
f 2218/490/1816 2223/493/1821 2268/493/1849 2265/490/1848 
f 2223/493/1821 2222/492/1820 2269/492/1850 2268/493/1849 
f 2270/492/930 2271/493/931 2268/493/1849 2269/492/1850 
f 2271/493/931 2266/490/931 2265/490/1848 2268/493/1849 
f 2222/492/1820 2227/495/1825 2272/495/1851 2269/492/1850 
f 2227/495/1825 2226/494/1824 2273/494/1852 2272/495/1851 
f 2274/494/930 2275/495/930 2272/495/1851 2273/494/1852 
f 2275/495/930 2270/492/930 2269/492/1850 2272/495/1851 
f 2226/494/1824 2231/497/1829 2276/497/1853 2273/494/1852 
f 2231/497/1829 2230/496/1828 2277/496/1854 2276/497/1853 
f 2278/496/931 2279/497/930 2276/497/1853 2277/496/1854 
f 2279/497/930 2274/494/930 2273/494/1852 2276/497/1853 
f 2230/496/1828 2233/498/1831 2280/498/1855 2277/496/1854 
f 2233/498/1831 2191/478/1789 2235/478/1833 2280/498/1855 
f 2239/478/931 2281/498/931 2280/498/1855 2235/478/1833 
f 2281/498/931 2278/496/931 2277/496/1854 2280/498/1855 
f 2239/478/931 2238/477/931 2282/477/931 2283/478/931 
f 2238/477/931 2237/476/931 2284/476/931 2282/477/931 
f 2285/477/931 2286/498/931 2282/477/931 2284/476/931 
f 2286/498/931 2287/637/931 2283/478/931 2282/477/931 
f 2237/476/931 2243/479/931 2288/479/931 2284/476/931 
f 2243/479/931 2242/284/931 2289/284/931 2288/479/931 
f 2290/284/931 2291/638/931 2288/479/931 2289/284/931 
f 2291/638/931 2285/477/931 2284/476/931 2288/479/931 
f 2242/290/931 2247/481/930 2292/481/930 2289/290/931 
f 2247/481/930 2246/480/931 2293/480/931 2292/481/930 
f 2294/639/930 2295/481/931 2292/481/930 2293/480/931 
f 2295/481/931 2290/290/931 2289/290/931 2292/481/930 
f 2246/480/931 2251/483/931 2296/483/931 2293/480/931 
f 2251/483/931 2250/482/930 2297/482/930 2296/483/931 
f 2298/485/930 2299/640/930 2296/483/931 2297/482/930 
f 2299/640/930 2294/639/930 2293/480/931 2296/483/931 
f 2250/482/930 2255/485/930 2300/485/930 2297/482/930 
f 2255/485/930 2254/484/930 2301/484/930 2300/485/930 
f 2302/641/930 2303/487/930 2300/485/930 2301/484/930 
f 2303/487/930 2298/485/930 2297/482/930 2300/485/930 
f 2254/484/930 2259/487/930 2304/487/930 2301/484/930 
f 2259/487/930 2258/486/930 2305/486/930 2304/487/930 
f 2306/642/937 2307/643/930 2304/487/930 2305/486/930 
f 2307/643/930 2302/641/930 2301/484/930 2304/487/930 
f 2258/486/930 2263/489/930 2308/489/930 2305/486/930 
f 2263/489/930 2262/488/930 2309/488/930 2308/489/930 
f 2310/644/930 2311/488/930 2308/489/930 2309/488/930 
f 2311/488/930 2306/642/937 2305/486/930 2308/489/930 
f 2262/488/930 2267/491/931 2312/491/931 2309/488/930 
f 2267/491/931 2266/490/931 2313/490/931 2312/491/931 
f 2314/645/931 2315/646/931 2312/491/931 2313/490/931 
f 2315/646/931 2310/644/930 2309/488/930 2312/491/931 
f 2266/490/931 2271/493/931 2316/493/931 2313/490/931 
f 2271/493/931 2270/492/930 2317/492/930 2316/493/931 
f 2318/647/930 2319/493/931 2316/493/931 2317/492/930 
f 2319/493/931 2314/645/931 2313/490/931 2316/493/931 
f 2270/492/930 2275/495/930 2320/495/930 2317/492/930 
f 2275/495/930 2274/494/930 2321/494/930 2320/495/930 
f 2322/648/930 2323/649/930 2320/495/930 2321/494/930 
f 2323/649/930 2318/647/930 2317/492/930 2320/495/930 
f 2274/494/930 2279/497/930 2324/497/930 2321/494/930 
f 2279/497/930 2278/496/931 2325/496/931 2324/497/930 
f 2326/650/931 2327/494/930 2324/497/930 2325/496/931 
f 2327/494/930 2322/648/930 2321/494/930 2324/497/930 
f 2278/496/931 2281/498/931 2328/498/931 2325/496/931 
f 2281/498/931 2239/478/931 2283/478/931 2328/498/931 
f 2287/637/931 2329/651/931 2328/498/931 2283/478/931 
f 2329/651/931 2326/650/931 2325/496/931 2328/498/931 
f 2285/477/931 2291/638/931 2330/493/930 2286/498/931 
f 2291/638/931 2290/284/931 2295/493/931 2330/493/930 
f 2294/639/930 2299/640/930 2330/493/930 2295/493/931 
f 2299/640/930 2298/485/930 2303/487/930 2330/493/930 
f 2302/641/930 2307/643/930 2330/493/930 2303/487/930 
f 2307/643/930 2306/642/937 2311/488/930 2330/493/930 
f 2310/644/930 2315/646/931 2330/493/930 2311/488/930 
f 2315/646/931 2314/645/931 2319/493/931 2330/493/930 
f 2318/647/930 2323/649/930 2330/493/930 2319/493/931 
f 2323/649/930 2322/648/930 2327/494/930 2330/493/930 
f 2326/650/931 2329/651/931 2330/493/930 2327/494/930 
f 2329/651/931 2287/637/931 2286/498/931 2330/493/930 
# 2328 polygons

#
# object Brush
#

v  2.8928 11.1409 -0.0000
v  2.7925 11.1409 -0.7483
v  2.8198 11.1788 -0.7556
v  2.9210 11.1788 -0.0000
v  2.5052 11.1409 -1.4464
v  2.5297 11.1788 -1.4605
v  2.5036 11.8859 -1.4455
v  2.7907 11.8859 -0.7478
v  2.8909 11.8859 -0.0000
v  2.0443 11.1409 -2.0443
v  2.0642 11.1788 -2.0642
v  1.4464 11.1409 -2.5052
v  1.4605 11.1788 -2.5297
v  1.4455 11.8859 -2.5036
v  2.0430 11.8859 -2.0430
v  0.7483 11.1409 -2.7925
v  0.7556 11.1788 -2.8198
v  -0.0000 11.1409 -2.8928
v  -0.0000 11.1788 -2.9210
v  -0.0000 11.8859 -2.8909
v  0.7478 11.8859 -2.7907
v  -0.7483 11.1409 -2.7925
v  -0.7556 11.1788 -2.8198
v  -1.4464 11.1409 -2.5052
v  -1.4605 11.1788 -2.5297
v  -1.4455 11.8859 -2.5036
v  -0.7478 11.8859 -2.7907
v  -2.0443 11.1409 -2.0443
v  -2.0642 11.1788 -2.0642
v  -2.5052 11.1409 -1.4464
v  -2.5297 11.1788 -1.4605
v  -2.5036 11.8859 -1.4455
v  -2.0430 11.8859 -2.0430
v  -2.7925 11.1409 -0.7483
v  -2.8198 11.1788 -0.7556
v  -2.8928 11.1409 -0.0000
v  -2.9210 11.1788 -0.0000
v  -2.8909 11.8859 -0.0000
v  -2.7907 11.8859 -0.7478
v  -2.7925 11.1409 0.7483
v  -2.8198 11.1788 0.7556
v  -2.5052 11.1409 1.4464
v  -2.5297 11.1788 1.4605
v  -2.5036 11.8859 1.4455
v  -2.7907 11.8859 0.7478
v  -2.0443 11.1409 2.0443
v  -2.0642 11.1788 2.0642
v  -1.4464 11.1409 2.5052
v  -1.4605 11.1788 2.5297
v  -1.4455 11.8859 2.5036
v  -2.0430 11.8859 2.0430
v  -0.7483 11.1409 2.7925
v  -0.7556 11.1788 2.8198
v  -0.0000 11.1409 2.8928
v  -0.0000 11.1788 2.9210
v  -0.0000 11.8859 2.8909
v  -0.7478 11.8859 2.7907
v  0.7483 11.1409 2.7925
v  0.7556 11.1788 2.8198
v  1.4464 11.1409 2.5052
v  1.4605 11.1788 2.5297
v  1.4455 11.8859 2.5036
v  0.7478 11.8859 2.7907
v  2.0443 11.1409 2.0443
v  2.0642 11.1788 2.0642
v  2.5052 11.1409 1.4464
v  2.5297 11.1788 1.4605
v  2.5036 11.8859 1.4455
v  2.0430 11.8859 2.0430
v  2.7925 11.1409 0.7483
v  2.8198 11.1788 0.7556
v  2.7907 11.8859 0.7478
v  2.6561 16.5516 0.0000
v  2.5641 16.5516 -0.6870
v  2.3620 19.1341 -0.6329
v  2.4468 19.1341 0.0000
v  2.3003 16.5516 -1.3281
v  2.1190 19.1341 -1.2234
v  1.9438 21.0474 -1.1223
v  2.1667 21.0474 -0.5806
v  2.2445 21.0474 0.0000
v  1.8770 16.5516 -1.8770
v  1.7291 19.1341 -1.7291
v  1.3281 16.5516 -2.3003
v  1.2234 19.1341 -2.1190
v  1.1223 21.0474 -1.9438
v  1.5861 21.0474 -1.5861
v  0.6870 16.5516 -2.5641
v  0.6329 19.1341 -2.3620
v  -0.0000 16.5516 -2.6561
v  -0.0000 19.1341 -2.4468
v  -0.0000 21.0474 -2.2445
v  0.5806 21.0474 -2.1667
v  -0.6870 16.5516 -2.5641
v  -0.6329 19.1341 -2.3620
v  -1.3281 16.5516 -2.3003
v  -1.2234 19.1341 -2.1190
v  -1.1223 21.0474 -1.9438
v  -0.5806 21.0474 -2.1667
v  -1.8770 16.5516 -1.8770
v  -1.7291 19.1341 -1.7291
v  -2.3003 16.5516 -1.3281
v  -2.1190 19.1341 -1.2234
v  -1.9438 21.0474 -1.1223
v  -1.5861 21.0474 -1.5861
v  -2.5641 16.5516 -0.6870
v  -2.3620 19.1341 -0.6329
v  -2.6561 16.5516 -0.0000
v  -2.4468 19.1341 -0.0000
v  -2.2445 21.0474 -0.0000
v  -2.1667 21.0474 -0.5806
v  -2.5641 16.5516 0.6870
v  -2.3620 19.1341 0.6329
v  -2.3003 16.5516 1.3281
v  -2.1190 19.1341 1.2234
v  -1.9438 21.0474 1.1222
v  -2.1667 21.0474 0.5806
v  -1.8770 16.5516 1.8770
v  -1.7291 19.1341 1.7291
v  -1.3281 16.5516 2.3003
v  -1.2234 19.1341 2.1190
v  -1.1223 21.0474 1.9438
v  -1.5861 21.0474 1.5861
v  -0.6870 16.5516 2.5641
v  -0.6329 19.1341 2.3620
v  -0.0000 16.5516 2.6561
v  -0.0000 19.1341 2.4468
v  -0.0000 21.0474 2.2445
v  -0.5806 21.0474 2.1667
v  0.6870 16.5516 2.5641
v  0.6329 19.1341 2.3620
v  1.3281 16.5516 2.3003
v  1.2234 19.1341 2.1190
v  1.1222 21.0474 1.9438
v  0.5806 21.0474 2.1667
v  1.8770 16.5516 1.8771
v  1.7291 19.1341 1.7291
v  2.3003 16.5516 1.3281
v  2.1190 19.1341 1.2234
v  1.9438 21.0474 1.1223
v  1.5861 21.0474 1.5861
v  2.5641 16.5516 0.6870
v  2.3620 19.1341 0.6329
v  2.1667 21.0474 0.5806
v  2.4278 13.9062 -1.4017
v  2.7063 13.9062 -0.7251
v  2.8034 13.9062 -0.0000
v  1.4017 13.9062 -2.4278
v  1.9811 13.9062 -1.9811
v  -0.0000 13.9062 -2.8034
v  0.7251 13.9062 -2.7063
v  -1.4017 13.9062 -2.4278
v  -0.7251 13.9062 -2.7063
v  -2.4278 13.9062 -1.4017
v  -1.9811 13.9062 -1.9811
v  -2.8034 13.9062 -0.0000
v  -2.7063 13.9062 -0.7251
v  -2.4278 13.9062 1.4017
v  -2.7063 13.9062 0.7251
v  -1.4017 13.9062 2.4278
v  -1.9811 13.9062 1.9811
v  -0.0000 13.9062 2.8034
v  -0.7251 13.9062 2.7063
v  1.4017 13.9062 2.4278
v  0.7251 13.9062 2.7063
v  2.4278 13.9062 1.4017
v  1.9811 13.9062 1.9811
v  2.7063 13.9062 0.7251
v  2.7081 11.1283 -0.7256
v  2.4295 11.1283 -1.4027
v  2.8053 11.1283 -0.0000
v  2.4323 11.1283 -0.0000
v  2.3480 11.1283 -0.6292
v  2.1065 11.1283 -1.2162
v  1.9825 11.1283 -1.9825
v  1.4027 11.1283 -2.4295
v  1.7189 11.1283 -1.7189
v  1.2162 11.1283 -2.1065
v  0.7256 11.1283 -2.7081
v  -0.0000 11.1283 -2.8053
v  0.6292 11.1283 -2.3480
v  -0.0000 11.1283 -2.4323
v  -0.7256 11.1283 -2.7081
v  -1.4027 11.1283 -2.4295
v  -0.6292 11.1283 -2.3480
v  -1.2162 11.1283 -2.1065
v  -1.9825 11.1283 -1.9825
v  -2.4295 11.1283 -1.4027
v  -1.7189 11.1283 -1.7189
v  -2.1065 11.1283 -1.2162
v  -2.7081 11.1283 -0.7256
v  -2.8053 11.1283 -0.0000
v  -2.3480 11.1283 -0.6292
v  -2.4323 11.1283 -0.0000
v  -2.7081 11.1283 0.7256
v  -2.4295 11.1283 1.4027
v  -2.3480 11.1283 0.6292
v  -2.1065 11.1283 1.2162
v  -1.9825 11.1283 1.9825
v  -1.4027 11.1283 2.4295
v  -1.7189 11.1283 1.7189
v  -1.2162 11.1283 2.1065
v  -0.7256 11.1283 2.7081
v  -0.0000 11.1283 2.8053
v  -0.6292 11.1283 2.3480
v  -0.0000 11.1283 2.4323
v  0.7256 11.1283 2.7081
v  1.4027 11.1283 2.4295
v  0.6292 11.1283 2.3480
v  1.2162 11.1283 2.1065
v  1.9825 11.1283 1.9825
v  2.4295 11.1283 1.4027
v  1.7189 11.1283 1.7189
v  2.1065 11.1283 1.2162
v  2.7081 11.1283 0.7256
v  2.3480 11.1283 0.6292
v  1.4938 11.1283 -0.4003
v  1.3401 11.1283 -0.7737
v  1.5474 11.1283 -0.0000
v  0.6829 11.1283 -0.0000
v  0.6593 11.1283 -0.1766
v  0.5914 11.1283 -0.3415
v  1.0935 11.1283 -1.0935
v  0.7737 11.1283 -1.3401
v  0.4826 11.1283 -0.4826
v  0.3415 11.1283 -0.5914
v  0.4003 11.1283 -1.4938
v  -0.0000 11.1283 -1.5474
v  0.1766 11.1283 -0.6593
v  -0.0000 11.1283 -0.6829
v  -0.4003 11.1283 -1.4938
v  -0.7737 11.1283 -1.3401
v  -0.1766 11.1283 -0.6593
v  -0.3415 11.1283 -0.5914
v  -1.0935 11.1283 -1.0935
v  -1.3401 11.1283 -0.7737
v  -0.4826 11.1283 -0.4826
v  -0.5914 11.1283 -0.3415
v  -1.4938 11.1283 -0.4003
v  -1.5474 11.1283 -0.0000
v  -0.6593 11.1283 -0.1766
v  -0.6829 11.1283 -0.0000
v  -1.4938 11.1283 0.4003
v  -1.3401 11.1283 0.7737
v  -0.6593 11.1283 0.1766
v  -0.5914 11.1283 0.3415
v  -1.0935 11.1283 1.0935
v  -0.7737 11.1283 1.3401
v  -0.4826 11.1283 0.4826
v  -0.3415 11.1283 0.5914
v  -0.4003 11.1283 1.4938
v  -0.0000 11.1283 1.5474
v  -0.1766 11.1283 0.6593
v  -0.0000 11.1283 0.6829
v  0.4003 11.1283 1.4938
v  0.7737 11.1283 1.3401
v  0.1766 11.1283 0.6593
v  0.3415 11.1283 0.5914
v  1.0935 11.1283 1.0935
v  1.3401 11.1283 0.7737
v  0.4826 11.1283 0.4826
v  0.5914 11.1283 0.3415
v  1.4938 11.1283 0.4003
v  0.6593 11.1283 0.1766
v  0.1848 2.4144 -0.0000
v  0.1189 2.3428 0.0319
v  -0.0000 2.2508 -0.0000
v  0.1189 2.3428 -0.0319
v  0.1600 2.4144 0.0924
v  0.0871 2.3428 0.0871
v  0.0924 2.4144 0.1600
v  0.0319 2.3428 0.1189
v  -0.0000 2.4144 0.1847
v  -0.0319 2.3428 0.1189
v  -0.0924 2.4144 0.1600
v  -0.0871 2.3428 0.0871
v  -0.1600 2.4144 0.0924
v  -0.1189 2.3428 0.0319
v  -0.1848 2.4144 -0.0000
v  -0.1189 2.3428 -0.0319
v  -0.1600 2.4144 -0.0924
v  -0.0871 2.3428 -0.0871
v  -0.0924 2.4144 -0.1600
v  -0.0319 2.3428 -0.1189
v  -0.0000 2.4144 -0.1848
v  0.0319 2.3428 -0.1189
v  0.0924 2.4144 -0.1600
v  0.0871 2.3428 -0.0871
v  0.1600 2.4144 -0.0924
v  2.0447 21.6852 -0.5479
v  2.1181 21.6852 0.0000
v  1.8344 21.6852 -1.0591
v  1.6150 21.6852 -0.9324
v  1.8002 21.6852 -0.4824
v  1.8648 21.6852 0.0000
v  1.4969 21.6852 -1.4969
v  1.0591 21.6852 -1.8344
v  0.9324 21.6852 -1.6150
v  1.3178 21.6852 -1.3178
v  0.5479 21.6852 -2.0447
v  -0.0000 21.6852 -2.1181
v  -0.0000 21.6852 -1.8648
v  0.4824 21.6852 -1.8002
v  -0.5479 21.6852 -2.0447
v  -1.0591 21.6852 -1.8344
v  -0.9324 21.6852 -1.6150
v  -0.4824 21.6852 -1.8002
v  -1.4969 21.6852 -1.4969
v  -1.8344 21.6852 -1.0591
v  -1.6150 21.6852 -0.9324
v  -1.3178 21.6852 -1.3178
v  -2.0447 21.6852 -0.5479
v  -2.1181 21.6852 -0.0000
v  -1.8648 21.6852 -0.0000
v  -1.8002 21.6852 -0.4824
v  -2.0447 21.6852 0.5479
v  -1.8344 21.6852 1.0591
v  -1.6150 21.6852 0.9324
v  -1.8002 21.6852 0.4824
v  -1.4969 21.6852 1.4969
v  -1.0591 21.6852 1.8344
v  -0.9324 21.6852 1.6150
v  -1.3178 21.6852 1.3178
v  -0.5479 21.6852 2.0447
v  -0.0000 21.6852 2.1181
v  -0.0000 21.6852 1.8648
v  -0.4824 21.6852 1.8002
v  0.5479 21.6852 2.0447
v  1.0591 21.6852 1.8344
v  0.9324 21.6852 1.6150
v  0.4824 21.6852 1.8002
v  1.4969 21.6852 1.4969
v  1.8344 21.6852 1.0591
v  1.6150 21.6852 0.9324
v  1.3178 21.6852 1.3178
v  2.0447 21.6852 0.5479
v  1.8002 21.6852 0.4824
v  1.2371 21.6852 -0.3315
v  1.2816 21.6852 0.0000
v  1.1099 21.6852 -0.6408
v  0.6914 21.6852 -0.3992
v  0.5667 21.6852 -0.1519
v  0.7984 21.6852 0.0000
v  0.9057 21.6852 -0.9057
v  0.6408 21.6852 -1.1099
v  0.3992 21.6852 -0.6914
v  0.4149 21.6852 -0.4149
v  0.3315 21.6852 -1.2371
v  -0.0000 21.6852 -1.2816
v  -0.0000 21.6852 -0.7984
v  0.1519 21.6852 -0.5667
v  -0.3315 21.6852 -1.2371
v  -0.6408 21.6852 -1.1099
v  -0.3992 21.6852 -0.6914
v  -0.1519 21.6852 -0.5667
v  -0.9057 21.6852 -0.9057
v  -1.1099 21.6852 -0.6408
v  -0.6914 21.6852 -0.3992
v  -0.4149 21.6852 -0.4149
v  -1.2371 21.6852 -0.3315
v  -1.2816 21.6852 -0.0000
v  -0.7984 21.6852 -0.0000
v  -0.5667 21.6852 -0.1519
v  -1.2371 21.6852 0.3315
v  -1.1099 21.6852 0.6408
v  -0.6914 21.6852 0.3992
v  -0.5667 21.6852 0.1519
v  -0.9057 21.6852 0.9057
v  -0.6408 21.6852 1.1099
v  -0.3992 21.6852 0.6914
v  -0.4149 21.6852 0.4149
v  -0.3315 21.6852 1.2371
v  -0.0000 21.6852 1.2816
v  -0.0000 21.6852 0.7984
v  -0.1519 21.6852 0.5667
v  0.3315 21.6852 1.2371
v  0.6408 21.6852 1.1099
v  0.3992 21.6852 0.6914
v  0.1519 21.6852 0.5667
v  0.9057 21.6852 0.9057
v  1.1099 21.6852 0.6408
v  0.6914 21.6852 0.3992
v  0.4149 21.6852 0.4149
v  1.2371 21.6852 0.3315
v  0.5667 21.6852 0.1519
v  -0.0000 21.6852 -0.0000
v  0.2986 11.1242 -0.1724
v  0.3328 11.1242 -0.0892
v  0.3243 11.1120 -0.0869
v  0.2909 11.1120 -0.1680
v  0.3448 11.1242 -0.0000
v  0.3360 11.1120 -0.0000
v  0.3360 10.3572 -0.0000
v  0.3243 10.3572 -0.0869
v  0.2909 10.3572 -0.1680
v  0.3328 11.1242 0.0892
v  0.3243 11.1120 0.0869
v  0.2986 11.1242 0.1724
v  0.2909 11.1120 0.1680
v  0.2909 10.3572 0.1680
v  0.3243 10.3572 0.0869
v  0.2436 11.1242 0.2436
v  0.2374 11.1120 0.2374
v  0.1724 11.1242 0.2986
v  0.1680 11.1120 0.2909
v  0.1680 10.3572 0.2909
v  0.2374 10.3572 0.2374
v  0.0892 11.1242 0.3328
v  0.0869 11.1120 0.3243
v  -0.0000 11.1242 0.3448
v  -0.0000 11.1120 0.3360
v  -0.0000 10.3572 0.3360
v  0.0869 10.3572 0.3243
v  -0.0892 11.1242 0.3328
v  -0.0869 11.1120 0.3243
v  -0.1724 11.1242 0.2986
v  -0.1680 11.1120 0.2909
v  -0.1680 10.3572 0.2909
v  -0.0869 10.3572 0.3243
v  -0.2436 11.1242 0.2436
v  -0.2374 11.1120 0.2374
v  -0.2986 11.1242 0.1724
v  -0.2909 11.1120 0.1680
v  -0.2909 10.3572 0.1680
v  -0.2374 10.3572 0.2374
v  -0.3328 11.1242 0.0892
v  -0.3243 11.1120 0.0869
v  -0.3448 11.1242 -0.0000
v  -0.3360 11.1120 -0.0000
v  -0.3360 10.3572 -0.0000
v  -0.3243 10.3572 0.0869
v  -0.3328 11.1242 -0.0892
v  -0.3243 11.1120 -0.0869
v  -0.2986 11.1242 -0.1724
v  -0.2909 11.1120 -0.1680
v  -0.2909 10.3572 -0.1680
v  -0.3243 10.3572 -0.0869
v  -0.2436 11.1242 -0.2436
v  -0.2374 11.1120 -0.2374
v  -0.1724 11.1242 -0.2986
v  -0.1680 11.1120 -0.2909
v  -0.1680 10.3572 -0.2909
v  -0.2374 10.3572 -0.2374
v  -0.0892 11.1242 -0.3328
v  -0.0869 11.1120 -0.3243
v  -0.0000 11.1242 -0.3448
v  -0.0000 11.1120 -0.3360
v  -0.0000 10.3572 -0.3360
v  -0.0869 10.3572 -0.3243
v  0.0892 11.1242 -0.3328
v  0.0869 11.1120 -0.3243
v  0.1724 11.1242 -0.2986
v  0.1680 11.1120 -0.2909
v  0.1680 10.3572 -0.2909
v  0.0869 10.3572 -0.3243
v  0.2436 11.1242 -0.2436
v  0.2374 11.1120 -0.2374
v  0.2374 10.3572 -0.2374
v  0.3206 4.9957 -0.1851
v  0.3574 4.9957 -0.0958
v  0.4565 4.7107 -0.1223
v  0.4096 4.7107 -0.2365
v  0.3702 4.9957 -0.0000
v  0.4729 4.7107 -0.0000
v  0.5928 4.3506 -0.0000
v  0.5723 4.3506 -0.1534
v  0.5134 4.3506 -0.2964
v  0.3574 4.9957 0.0958
v  0.4565 4.7107 0.1223
v  0.3206 4.9957 0.1851
v  0.4096 4.7107 0.2365
v  0.5134 4.3506 0.2964
v  0.5723 4.3506 0.1533
v  0.2616 4.9957 0.2616
v  0.3342 4.7107 0.3342
v  0.1851 4.9957 0.3206
v  0.2365 4.7107 0.4096
v  0.2964 4.3506 0.5134
v  0.4190 4.3506 0.4190
v  0.0958 4.9957 0.3574
v  0.1223 4.7107 0.4565
v  -0.0000 4.9957 0.3702
v  -0.0000 4.7107 0.4729
v  -0.0000 4.3506 0.5928
v  0.1533 4.3506 0.5723
v  -0.0958 4.9957 0.3574
v  -0.1223 4.7107 0.4565
v  -0.1851 4.9957 0.3206
v  -0.2365 4.7107 0.4096
v  -0.2964 4.3506 0.5134
v  -0.1533 4.3506 0.5723
v  -0.2616 4.9957 0.2616
v  -0.3342 4.7107 0.3342
v  -0.3206 4.9957 0.1851
v  -0.4096 4.7107 0.2365
v  -0.5134 4.3506 0.2964
v  -0.4190 4.3506 0.4190
v  -0.3574 4.9957 0.0958
v  -0.4565 4.7107 0.1223
v  -0.3702 4.9957 -0.0000
v  -0.4729 4.7107 -0.0000
v  -0.5928 4.3506 -0.0000
v  -0.5723 4.3506 0.1533
v  -0.3574 4.9957 -0.0958
v  -0.4565 4.7107 -0.1223
v  -0.3206 4.9957 -0.1851
v  -0.4096 4.7107 -0.2365
v  -0.5134 4.3506 -0.2964
v  -0.5723 4.3506 -0.1534
v  -0.2616 4.9957 -0.2616
v  -0.3342 4.7107 -0.3342
v  -0.1851 4.9957 -0.3206
v  -0.2365 4.7107 -0.4096
v  -0.2964 4.3506 -0.5134
v  -0.4190 4.3506 -0.4190
v  -0.0958 4.9957 -0.3574
v  -0.1223 4.7107 -0.4565
v  -0.0000 4.9957 -0.3702
v  -0.0000 4.7107 -0.4729
v  -0.0000 4.3506 -0.5929
v  -0.1533 4.3506 -0.5723
v  0.0958 4.9957 -0.3574
v  0.1223 4.7107 -0.4565
v  0.1851 4.9957 -0.3206
v  0.2365 4.7107 -0.4096
v  0.2964 4.3506 -0.5134
v  0.1533 4.3506 -0.5723
v  0.2616 4.9957 -0.2616
v  0.3342 4.7107 -0.3342
v  0.4190 4.3506 -0.4190
v  0.6787 4.0045 -0.0000
v  0.6552 4.0045 -0.1756
v  0.7135 3.6653 -0.0000
v  0.6888 3.6653 -0.1846
v  0.6179 3.6653 -0.3567
v  0.5878 4.0045 -0.3393
v  0.5878 4.0045 0.3393
v  0.6552 4.0045 0.1755
v  0.6179 3.6653 0.3567
v  0.6888 3.6653 0.1845
v  0.3393 4.0045 0.5878
v  0.4796 4.0045 0.4796
v  0.3567 3.6653 0.6179
v  0.5042 3.6653 0.5042
v  -0.0000 4.0045 0.6787
v  0.1755 4.0045 0.6552
v  -0.0000 3.6653 0.7135
v  0.1845 3.6653 0.6887
v  -0.3393 4.0045 0.5878
v  -0.1756 4.0045 0.6552
v  -0.3567 3.6653 0.6179
v  -0.1846 3.6653 0.6887
v  -0.5878 4.0045 0.3393
v  -0.4796 4.0045 0.4796
v  -0.6179 3.6653 0.3567
v  -0.5042 3.6653 0.5042
v  -0.6787 4.0045 -0.0000
v  -0.6552 4.0045 0.1755
v  -0.7135 3.6653 -0.0000
v  -0.6887 3.6653 0.1845
v  -0.5878 4.0045 -0.3393
v  -0.6552 4.0045 -0.1756
v  -0.6179 3.6653 -0.3567
v  -0.6887 3.6653 -0.1846
v  -0.3393 4.0045 -0.5878
v  -0.4796 4.0045 -0.4796
v  -0.3567 3.6653 -0.6179
v  -0.5042 3.6653 -0.5042
v  -0.0000 4.0045 -0.6787
v  -0.1755 4.0045 -0.6552
v  -0.0000 3.6653 -0.7135
v  -0.1846 3.6653 -0.6888
v  0.3393 4.0045 -0.5878
v  0.1755 4.0045 -0.6552
v  0.3567 3.6653 -0.6179
v  0.1845 3.6653 -0.6888
v  0.4796 4.0045 -0.4796
v  0.5042 3.6653 -0.5042
v  0.6567 3.3262 -0.1760
v  0.5891 3.3262 -0.3401
v  0.6803 3.3262 -0.0000
v  0.5626 2.9798 -0.0000
v  0.5431 2.9798 -0.1455
v  0.4872 2.9798 -0.2813
v  0.6567 3.3262 0.1760
v  0.5891 3.3262 0.3401
v  0.4872 2.9798 0.2813
v  0.5431 2.9798 0.1455
v  0.4807 3.3262 0.4807
v  0.3401 3.3262 0.5891
v  0.2813 2.9798 0.4872
v  0.3976 2.9798 0.3976
v  0.1760 3.3262 0.6567
v  -0.0000 3.3262 0.6803
v  -0.0000 2.9798 0.5626
v  0.1455 2.9798 0.5431
v  -0.1760 3.3262 0.6567
v  -0.3401 3.3262 0.5891
v  -0.2813 2.9798 0.4872
v  -0.1455 2.9798 0.5431
v  -0.4807 3.3262 0.4807
v  -0.5891 3.3262 0.3401
v  -0.4872 2.9798 0.2813
v  -0.3976 2.9798 0.3976
v  -0.6567 3.3262 0.1760
v  -0.6803 3.3262 -0.0000
v  -0.5626 2.9798 -0.0000
v  -0.5431 2.9798 0.1455
v  -0.6567 3.3262 -0.1760
v  -0.5891 3.3262 -0.3401
v  -0.4872 2.9798 -0.2813
v  -0.5431 2.9798 -0.1455
v  -0.4807 3.3262 -0.4807
v  -0.3401 3.3262 -0.5891
v  -0.2813 2.9798 -0.4872
v  -0.3976 2.9798 -0.3976
v  -0.1760 3.3262 -0.6567
v  -0.0000 3.3262 -0.6803
v  -0.0000 2.9798 -0.5626
v  -0.1455 2.9798 -0.5431
v  0.1760 3.3262 -0.6567
v  0.3401 3.3262 -0.5891
v  0.2813 2.9798 -0.4872
v  0.1455 2.9798 -0.5431
v  0.4807 3.3262 -0.4807
v  0.3976 2.9798 -0.3976
v  0.3319 2.6189 -0.0889
v  0.2977 2.6189 -0.1719
v  0.3438 2.6189 -0.0000
v  0.3319 2.6189 0.0889
v  0.2977 2.6189 0.1719
v  0.2430 2.6189 0.2429
v  0.1719 2.6189 0.2977
v  0.0889 2.6189 0.3319
v  -0.0000 2.6189 0.3438
v  -0.0889 2.6189 0.3319
v  -0.1719 2.6189 0.2977
v  -0.2430 2.6189 0.2429
v  -0.2977 2.6189 0.1719
v  -0.3319 2.6189 0.0889
v  -0.3438 2.6189 -0.0000
v  -0.3319 2.6189 -0.0889
v  -0.2977 2.6189 -0.1719
v  -0.2430 2.6189 -0.2430
v  -0.1719 2.6189 -0.2977
v  -0.0889 2.6189 -0.3319
v  -0.0000 2.6189 -0.3438
v  0.0889 2.6189 -0.3319
v  0.1719 2.6189 -0.2977
v  0.2430 2.6189 -0.2430
v  0.3360 5.8882 -0.0000
v  0.3360 5.1166 -0.0000
v  0.3243 5.1166 -0.0869
v  0.3243 5.8882 -0.0869
v  0.2909 5.1166 -0.1680
v  0.2909 5.8882 -0.1680
v  0.2909 5.8882 0.1680
v  0.2909 5.1166 0.1680
v  0.3243 5.1166 0.0869
v  0.3243 5.8882 0.0869
v  0.1680 5.8882 0.2909
v  0.1680 5.1166 0.2909
v  0.2374 5.1166 0.2374
v  0.2374 5.8882 0.2374
v  -0.0000 5.8882 0.3360
v  -0.0000 5.1166 0.3360
v  0.0869 5.1166 0.3243
v  0.0869 5.8882 0.3243
v  -0.1680 5.8882 0.2909
v  -0.1680 5.1166 0.2909
v  -0.0869 5.1166 0.3243
v  -0.0869 5.8882 0.3243
v  -0.2909 5.8882 0.1680
v  -0.2909 5.1166 0.1680
v  -0.2374 5.1166 0.2374
v  -0.2374 5.8882 0.2374
v  -0.3360 5.8882 -0.0000
v  -0.3360 5.1166 -0.0000
v  -0.3243 5.1166 0.0869
v  -0.3243 5.8882 0.0869
v  -0.2909 5.8882 -0.1680
v  -0.2909 5.1166 -0.1680
v  -0.3243 5.1166 -0.0869
v  -0.3243 5.8882 -0.0869
v  -0.1680 5.8882 -0.2909
v  -0.1680 5.1166 -0.2910
v  -0.2374 5.1166 -0.2374
v  -0.2374 5.8882 -0.2374
v  -0.0000 5.8882 -0.3360
v  -0.0000 5.1166 -0.3360
v  -0.0869 5.1166 -0.3243
v  -0.0869 5.8882 -0.3243
v  0.1680 5.8882 -0.2909
v  0.1680 5.1166 -0.2910
v  0.0869 5.1166 -0.3243
v  0.0869 5.8882 -0.3243
v  0.2374 5.1166 -0.2374
v  0.2374 5.8882 -0.2374
v  0.3360 8.1255 -0.0000
v  0.3243 8.1255 -0.0869
v  0.2909 8.1255 -0.1680
v  0.2909 8.1255 0.1680
v  0.3243 8.1255 0.0869
v  0.1680 8.1255 0.2909
v  0.2374 8.1255 0.2374
v  -0.0000 8.1255 0.3360
v  0.0869 8.1255 0.3243
v  -0.1680 8.1255 0.2909
v  -0.0869 8.1255 0.3243
v  -0.2909 8.1255 0.1680
v  -0.2374 8.1255 0.2374
v  -0.3360 8.1255 -0.0000
v  -0.3243 8.1255 0.0869
v  -0.2909 8.1255 -0.1680
v  -0.3243 8.1255 -0.0869
v  -0.1680 8.1255 -0.2909
v  -0.2374 8.1255 -0.2374
v  -0.0000 8.1255 -0.3360
v  -0.0869 8.1255 -0.3243
v  0.1680 8.1255 -0.2909
v  0.0869 8.1255 -0.3243
v  0.2374 8.1255 -0.2374
v  0.3712 11.1283 -0.0000
v  0.3584 11.1283 -0.0960
v  0.3215 11.1283 -0.1856
v  0.2624 11.1283 -0.2624
v  0.1856 11.1283 -0.3215
v  0.0960 11.1283 -0.3584
v  -0.0000 11.1283 -0.3712
v  -0.0960 11.1283 -0.3584
v  -0.1856 11.1283 -0.3215
v  -0.2624 11.1283 -0.2624
v  -0.3215 11.1283 -0.1856
v  -0.3584 11.1283 -0.0960
v  -0.3712 11.1283 -0.0000
v  -0.3584 11.1283 0.0960
v  -0.3215 11.1283 0.1856
v  -0.2624 11.1283 0.2623
v  -0.1856 11.1283 0.3215
v  -0.0960 11.1283 0.3584
v  -0.0000 11.1283 0.3712
v  0.0960 11.1283 0.3584
v  0.1856 11.1283 0.3215
v  0.2624 11.1283 0.2623
v  0.3215 11.1283 0.1856
v  0.3584 11.1283 0.0960
# 746 vertices

vn 0.5347 -0.8450 -0.0000
vn 0.5159 -0.8454 -0.1382
vn 0.9253 -0.2870 -0.2479
vn 0.9580 -0.2868 0.0000
vn 0.4631 -0.8450 -0.2674
vn 0.8296 -0.2868 -0.4790
vn 0.8652 0.0429 -0.4995
vn 0.9650 0.0429 -0.2586
vn 0.9991 0.0429 0.0000
vn 0.3777 -0.8454 -0.3777
vn 0.6774 -0.2870 -0.6774
vn 0.2674 -0.8450 -0.4631
vn 0.4790 -0.2868 -0.8296
vn 0.4995 0.0429 -0.8652
vn 0.7065 0.0429 -0.7065
vn 0.1382 -0.8454 -0.5159
vn 0.2479 -0.2870 -0.9253
vn -0.0000 -0.8450 -0.5347
vn 0.0000 -0.2868 -0.9580
vn 0.0000 0.0429 -0.9991
vn 0.2586 0.0429 -0.9650
vn -0.1382 -0.8454 -0.5159
vn -0.2479 -0.2870 -0.9253
vn -0.2674 -0.8450 -0.4631
vn -0.4790 -0.2868 -0.8296
vn -0.4995 0.0429 -0.8652
vn -0.2586 0.0429 -0.9650
vn -0.3777 -0.8454 -0.3777
vn -0.6774 -0.2870 -0.6774
vn -0.4631 -0.8450 -0.2674
vn -0.8296 -0.2868 -0.4790
vn -0.8652 0.0429 -0.4995
vn -0.7065 0.0429 -0.7065
vn -0.5159 -0.8454 -0.1382
vn -0.9253 -0.2870 -0.2479
vn -0.5347 -0.8450 -0.0000
vn -0.9580 -0.2868 -0.0000
vn -0.9991 0.0429 0.0000
vn -0.9650 0.0429 -0.2586
vn -0.5159 -0.8454 0.1382
vn -0.9253 -0.2870 0.2479
vn -0.4631 -0.8450 0.2674
vn -0.8296 -0.2868 0.4790
vn -0.8652 0.0429 0.4995
vn -0.9650 0.0429 0.2586
vn -0.3777 -0.8454 0.3777
vn -0.6774 -0.2870 0.6774
vn -0.2674 -0.8450 0.4631
vn -0.4790 -0.2868 0.8296
vn -0.4995 0.0429 0.8652
vn -0.7065 0.0429 0.7065
vn -0.1382 -0.8454 0.5159
vn -0.2479 -0.2870 0.9253
vn -0.0000 -0.8450 0.5347
vn -0.0000 -0.2868 0.9580
vn -0.0000 0.0429 0.9991
vn -0.2586 0.0429 0.9650
vn 0.1382 -0.8454 0.5159
vn 0.2479 -0.2870 0.9253
vn 0.2674 -0.8450 0.4631
vn 0.4790 -0.2868 0.8296
vn 0.4995 0.0429 0.8652
vn 0.2586 0.0429 0.9650
vn 0.3777 -0.8454 0.3777
vn 0.6774 -0.2870 0.6774
vn 0.4631 -0.8450 0.2674
vn 0.8296 -0.2868 0.4790
vn 0.8652 0.0429 0.4995
vn 0.7065 0.0429 0.7065
vn 0.5159 -0.8454 0.1382
vn 0.9253 -0.2870 0.2479
vn 0.9650 0.0429 0.2586
vn 0.9977 0.0681 0.0000
vn 0.9637 0.0681 -0.2582
vn 0.9618 0.0928 -0.2577
vn 0.9957 0.0929 0.0000
vn 0.8640 0.0681 -0.4988
vn 0.8623 0.0929 -0.4978
vn 0.8563 0.1493 -0.4944
vn 0.9551 0.1493 -0.2559
vn 0.9888 0.1493 0.0000
vn 0.7055 0.0681 -0.7055
vn 0.7041 0.0928 -0.7041
vn 0.4988 0.0681 -0.8640
vn 0.4978 0.0929 -0.8623
vn 0.4944 0.1493 -0.8563
vn 0.6992 0.1493 -0.6992
vn 0.2582 0.0681 -0.9637
vn 0.2577 0.0928 -0.9618
vn 0.0000 0.0681 -0.9977
vn 0.0000 0.0929 -0.9957
vn 0.0000 0.1493 -0.9888
vn 0.2559 0.1493 -0.9551
vn -0.2582 0.0681 -0.9637
vn -0.2577 0.0928 -0.9618
vn -0.4988 0.0681 -0.8640
vn -0.4978 0.0929 -0.8623
vn -0.4944 0.1493 -0.8563
vn -0.2559 0.1493 -0.9551
vn -0.7055 0.0681 -0.7055
vn -0.7041 0.0928 -0.7041
vn -0.8640 0.0681 -0.4988
vn -0.8623 0.0929 -0.4978
vn -0.8563 0.1493 -0.4944
vn -0.6992 0.1493 -0.6992
vn -0.9637 0.0681 -0.2582
vn -0.9618 0.0928 -0.2577
vn -0.9977 0.0681 -0.0000
vn -0.9957 0.0929 -0.0000
vn -0.9888 0.1493 -0.0000
vn -0.9551 0.1493 -0.2559
vn -0.9637 0.0681 0.2582
vn -0.9618 0.0928 0.2577
vn -0.8640 0.0681 0.4988
vn -0.8623 0.0929 0.4978
vn -0.8563 0.1493 0.4944
vn -0.9551 0.1493 0.2559
vn -0.7055 0.0681 0.7055
vn -0.7041 0.0928 0.7041
vn -0.4988 0.0681 0.8640
vn -0.4978 0.0929 0.8623
vn -0.4944 0.1493 0.8563
vn -0.6992 0.1493 0.6992
vn -0.2582 0.0681 0.9637
vn -0.2577 0.0928 0.9618
vn -0.0000 0.0681 0.9977
vn -0.0000 0.0929 0.9957
vn -0.0000 0.1493 0.9888
vn -0.2559 0.1493 0.9551
vn 0.2582 0.0681 0.9637
vn 0.2577 0.0928 0.9618
vn 0.4988 0.0681 0.8640
vn 0.4978 0.0929 0.8623
vn 0.4944 0.1493 0.8563
vn 0.2559 0.1493 0.9551
vn 0.7055 0.0681 0.7055
vn 0.7041 0.0928 0.7041
vn 0.8640 0.0681 0.4988
vn 0.8623 0.0929 0.4978
vn 0.8563 0.1493 0.4944
vn 0.6992 0.1493 0.6992
vn 0.9637 0.0681 0.2582
vn 0.9618 0.0928 0.2577
vn 0.9551 0.1493 0.2559
vn 0.8650 0.0494 -0.4994
vn 0.9647 0.0494 -0.2585
vn 0.9988 0.0494 0.0000
vn 0.4994 0.0494 -0.8650
vn 0.7062 0.0494 -0.7062
vn 0.0000 0.0494 -0.9988
vn 0.2585 0.0494 -0.9647
vn -0.4994 0.0494 -0.8650
vn -0.2585 0.0494 -0.9647
vn -0.8650 0.0494 -0.4994
vn -0.7062 0.0494 -0.7062
vn -0.9988 0.0494 -0.0000
vn -0.9647 0.0494 -0.2585
vn -0.8650 0.0494 0.4994
vn -0.9647 0.0494 0.2585
vn -0.4994 0.0494 0.8650
vn -0.7062 0.0494 0.7062
vn -0.0000 0.0494 0.9988
vn -0.2585 0.0494 0.9647
vn 0.4994 0.0494 0.8650
vn 0.2585 0.0494 0.9647
vn 0.8650 0.0494 0.4994
vn 0.7062 0.0494 0.7062
vn 0.9647 0.0494 0.2585
vn 0.0749 -0.9970 -0.0201
vn 0.0673 -0.9970 -0.0389
vn 0.0777 -0.9970 -0.0000
vn 0.0000 -1.0000 -0.0000
vn -0.0000 -1.0000 -0.0000
vn 0.0548 -0.9970 -0.0548
vn 0.0389 -0.9970 -0.0673
vn 0.0201 -0.9970 -0.0749
vn 0.0000 -0.9970 -0.0777
vn -0.0201 -0.9970 -0.0749
vn -0.0389 -0.9970 -0.0673
vn -0.0548 -0.9970 -0.0548
vn -0.0673 -0.9970 -0.0389
vn -0.0749 -0.9970 -0.0201
vn -0.0777 -0.9970 -0.0000
vn -0.0749 -0.9970 0.0201
vn -0.0673 -0.9970 0.0389
vn -0.0548 -0.9970 0.0548
vn -0.0389 -0.9970 0.0673
vn -0.0201 -0.9970 0.0749
vn -0.0000 -0.9970 0.0777
vn 0.0201 -0.9970 0.0749
vn 0.0389 -0.9970 0.0673
vn 0.0548 -0.9970 0.0548
vn 0.0673 -0.9970 0.0389
vn 0.0749 -0.9970 0.0201
vn -0.0000 -1.0000 0.0000
vn 0.0000 -1.0000 0.0000
vn 0.7841 -0.6206 0.0000
vn 0.6119 -0.7738 0.1640
vn 0.6119 -0.7738 -0.1640
vn 0.6791 -0.6206 0.3921
vn 0.4479 -0.7738 0.4479
vn 0.3921 -0.6206 0.6791
vn 0.1640 -0.7738 0.6119
vn -0.0000 -0.6206 0.7841
vn -0.1640 -0.7738 0.6119
vn -0.3921 -0.6206 0.6791
vn -0.4479 -0.7738 0.4479
vn -0.6791 -0.6206 0.3921
vn -0.6119 -0.7738 0.1640
vn -0.7841 -0.6206 0.0000
vn -0.6119 -0.7738 -0.1640
vn -0.6791 -0.6206 -0.3921
vn -0.4479 -0.7738 -0.4479
vn -0.3921 -0.6206 -0.6791
vn -0.1640 -0.7738 -0.6119
vn 0.0000 -0.6206 -0.7841
vn 0.1640 -0.7738 -0.6119
vn 0.3921 -0.6206 -0.6791
vn 0.4479 -0.7738 -0.4479
vn 0.6791 -0.6206 -0.3921
vn 0.6412 0.7479 -0.1718
vn 0.6647 0.7471 0.0000
vn 0.5757 0.7471 -0.3324
vn 0.0000 1.0000 -0.0000
vn 0.4694 0.7479 -0.4694
vn 0.3324 0.7471 -0.5757
vn 0.1718 0.7479 -0.6412
vn -0.0000 0.7471 -0.6647
vn -0.1718 0.7479 -0.6412
vn -0.3324 0.7471 -0.5757
vn -0.4694 0.7479 -0.4694
vn -0.5757 0.7471 -0.3324
vn -0.6412 0.7479 -0.1718
vn -0.6647 0.7471 -0.0000
vn -0.6412 0.7479 0.1718
vn -0.5757 0.7471 0.3324
vn -0.4694 0.7479 0.4694
vn -0.3324 0.7471 0.5757
vn -0.1718 0.7479 0.6412
vn -0.0000 0.7471 0.6647
vn 0.1718 0.7479 0.6412
vn 0.3324 0.7471 0.5757
vn 0.4694 0.7479 0.4694
vn 0.5757 0.7471 0.3324
vn 0.6412 0.7479 0.1718
vn -0.0000 1.0000 -0.0000
vn -0.0000 1.0000 0.0000
vn 0.0000 1.0000 0.0000
vn 0.4309 -0.8675 -0.2488
vn 0.4816 -0.8669 -0.1290
vn 0.9168 -0.3149 -0.2457
vn 0.8218 -0.3153 -0.4745
vn 0.4975 -0.8675 0.0000
vn 0.9490 -0.3153 -0.0000
vn 1.0000 -0.0000 0.0000
vn 0.9659 0.0000 -0.2588
vn 0.8660 0.0000 -0.5000
vn 0.4815 -0.8669 0.1290
vn 0.9168 -0.3149 0.2457
vn 0.4309 -0.8675 0.2488
vn 0.8218 -0.3153 0.4745
vn 0.8660 -0.0000 0.5000
vn 0.9659 -0.0000 0.2588
vn 0.3525 -0.8669 0.3525
vn 0.6711 -0.3149 0.6711
vn 0.2488 -0.8675 0.4309
vn 0.4745 -0.3153 0.8219
vn 0.5000 -0.0000 0.8660
vn 0.7071 -0.0000 0.7071
vn 0.1290 -0.8669 0.4815
vn 0.2456 -0.3149 0.9168
vn -0.0000 -0.8675 0.4975
vn -0.0000 -0.3153 0.9490
vn -0.0000 -0.0000 1.0000
vn 0.2588 -0.0000 0.9659
vn -0.1290 -0.8669 0.4815
vn -0.2457 -0.3149 0.9168
vn -0.2488 -0.8675 0.4309
vn -0.4745 -0.3153 0.8218
vn -0.5000 -0.0000 0.8660
vn -0.2588 -0.0000 0.9659
vn -0.3525 -0.8669 0.3525
vn -0.6711 -0.3149 0.6711
vn -0.4309 -0.8675 0.2488
vn -0.8218 -0.3153 0.4745
vn -0.8660 -0.0000 0.5000
vn -0.7071 -0.0000 0.7071
vn -0.4815 -0.8669 0.1290
vn -0.9168 -0.3149 0.2457
vn -0.4975 -0.8675 0.0000
vn -0.9490 -0.3153 -0.0000
vn -1.0000 0.0000 -0.0000
vn -0.9659 -0.0000 0.2588
vn -0.4815 -0.8669 -0.1290
vn -0.9168 -0.3149 -0.2457
vn -0.4308 -0.8675 -0.2487
vn -0.8218 -0.3153 -0.4745
vn -0.8660 0.0000 -0.5000
vn -0.9659 0.0000 -0.2588
vn -0.3525 -0.8669 -0.3525
vn -0.6711 -0.3149 -0.6711
vn -0.2488 -0.8675 -0.4309
vn -0.4745 -0.3153 -0.8219
vn -0.5000 0.0000 -0.8660
vn -0.7071 0.0000 -0.7071
vn -0.1290 -0.8669 -0.4816
vn -0.2457 -0.3149 -0.9168
vn 0.0000 -0.8675 -0.4975
vn 0.0000 -0.3153 -0.9490
vn 0.0000 0.0000 -1.0000
vn -0.2588 0.0000 -0.9659
vn 0.1290 -0.8669 -0.4816
vn 0.2457 -0.3149 -0.9168
vn 0.2488 -0.8675 -0.4309
vn 0.4745 -0.3153 -0.8219
vn 0.5000 0.0000 -0.8660
vn 0.2588 0.0000 -0.9659
vn 0.3525 -0.8669 -0.3525
vn 0.6711 -0.3149 -0.6711
vn 0.7071 0.0000 -0.7071
vn 0.8242 0.3069 -0.4759
vn 0.9194 0.3067 -0.2463
vn 0.9128 0.3270 -0.2446
vn 0.8184 0.3272 -0.4725
vn 0.9517 0.3069 0.0000
vn 0.9450 0.3272 0.0000
vn 0.9607 0.2776 0.0000
vn 0.9280 0.2775 -0.2487
vn 0.8320 0.2776 -0.4803
vn 0.9194 0.3067 0.2463
vn 0.9128 0.3270 0.2446
vn 0.8242 0.3069 0.4759
vn 0.8184 0.3272 0.4725
vn 0.8320 0.2776 0.4803
vn 0.9280 0.2775 0.2487
vn 0.6730 0.3067 0.6730
vn 0.6682 0.3270 0.6682
vn 0.4759 0.3069 0.8242
vn 0.4725 0.3272 0.8184
vn 0.4803 0.2776 0.8320
vn 0.6793 0.2775 0.6793
vn 0.2463 0.3067 0.9194
vn 0.2446 0.3270 0.9128
vn -0.0000 0.3069 0.9517
vn -0.0000 0.3272 0.9450
vn -0.0000 0.2776 0.9607
vn 0.2487 0.2775 0.9280
vn -0.2463 0.3067 0.9194
vn -0.2446 0.3270 0.9128
vn -0.4759 0.3069 0.8242
vn -0.4725 0.3272 0.8184
vn -0.4803 0.2776 0.8320
vn -0.2487 0.2775 0.9280
vn -0.6730 0.3067 0.6730
vn -0.6682 0.3270 0.6682
vn -0.8242 0.3069 0.4759
vn -0.8184 0.3272 0.4725
vn -0.8320 0.2776 0.4803
vn -0.6793 0.2775 0.6793
vn -0.9194 0.3067 0.2463
vn -0.9128 0.3270 0.2446
vn -0.9517 0.3069 -0.0000
vn -0.9450 0.3272 -0.0000
vn -0.9607 0.2776 -0.0000
vn -0.9280 0.2775 0.2487
vn -0.9194 0.3067 -0.2463
vn -0.9128 0.3270 -0.2446
vn -0.8242 0.3069 -0.4759
vn -0.8184 0.3272 -0.4725
vn -0.8320 0.2776 -0.4803
vn -0.9280 0.2775 -0.2487
vn -0.6730 0.3067 -0.6730
vn -0.6682 0.3270 -0.6682
vn -0.4759 0.3069 -0.8242
vn -0.4725 0.3272 -0.8184
vn -0.4803 0.2776 -0.8320
vn -0.6793 0.2775 -0.6793
vn -0.2463 0.3067 -0.9194
vn -0.2446 0.3270 -0.9128
vn 0.0000 0.3069 -0.9517
vn 0.0000 0.3272 -0.9450
vn 0.0000 0.2776 -0.9607
vn -0.2487 0.2775 -0.9280
vn 0.2463 0.3067 -0.9194
vn 0.2446 0.3270 -0.9128
vn 0.4759 0.3069 -0.8242
vn 0.4725 0.3272 -0.8184
vn 0.4803 0.2776 -0.8320
vn 0.2487 0.2775 -0.9280
vn 0.6730 0.3067 -0.6730
vn 0.6682 0.3270 -0.6682
vn 0.6793 0.2775 -0.6793
vn 0.9853 0.1708 0.0000
vn 0.9517 0.1707 -0.2550
vn 1.0000 0.0023 0.0000
vn 0.9659 0.0023 -0.2588
vn 0.8660 0.0023 -0.5000
vn 0.8533 0.1708 -0.4927
vn 0.8533 0.1708 0.4927
vn 0.9517 0.1707 0.2550
vn 0.8660 0.0023 0.5000
vn 0.9659 0.0023 0.2588
vn 0.4927 0.1708 0.8533
vn 0.6967 0.1707 0.6967
vn 0.5000 0.0023 0.8660
vn 0.7071 0.0023 0.7071
vn -0.0000 0.1708 0.9853
vn 0.2550 0.1707 0.9517
vn -0.0000 0.0023 1.0000
vn 0.2588 0.0023 0.9659
vn -0.4927 0.1708 0.8533
vn -0.2550 0.1707 0.9517
vn -0.5000 0.0023 0.8660
vn -0.2588 0.0023 0.9659
vn -0.8533 0.1708 0.4927
vn -0.6967 0.1707 0.6967
vn -0.8660 0.0023 0.5000
vn -0.7071 0.0023 0.7071
vn -0.9853 0.1708 -0.0000
vn -0.9517 0.1707 0.2550
vn -1.0000 0.0023 -0.0000
vn -0.9659 0.0023 0.2588
vn -0.8533 0.1708 -0.4927
vn -0.9517 0.1707 -0.2550
vn -0.8660 0.0023 -0.5000
vn -0.9659 0.0023 -0.2588
vn -0.4927 0.1708 -0.8533
vn -0.6967 0.1707 -0.6967
vn -0.5000 0.0023 -0.8660
vn -0.7071 0.0023 -0.7071
vn 0.0000 0.1708 -0.9853
vn -0.2550 0.1707 -0.9517
vn 0.0000 0.0023 -1.0000
vn -0.2588 0.0023 -0.9659
vn 0.4927 0.1708 -0.8533
vn 0.2550 0.1707 -0.9517
vn 0.5000 0.0023 -0.8660
vn 0.2588 0.0023 -0.9659
vn 0.6967 0.1707 -0.6967
vn 0.7071 0.0023 -0.7071
vn 0.9446 -0.2090 -0.2531
vn 0.8469 -0.2090 -0.4890
vn 0.9779 -0.2090 0.0000
vn 0.9079 -0.4191 -0.0000
vn 0.8770 -0.4190 -0.2350
vn 0.7863 -0.4191 -0.4540
vn 0.9446 -0.2090 0.2531
vn 0.8469 -0.2090 0.4890
vn 0.7863 -0.4191 0.4540
vn 0.8770 -0.4190 0.2350
vn 0.6915 -0.2090 0.6915
vn 0.4890 -0.2090 0.8469
vn 0.4540 -0.4191 0.7863
vn 0.6420 -0.4190 0.6420
vn 0.2531 -0.2090 0.9446
vn -0.0000 -0.2090 0.9779
vn -0.0000 -0.4191 0.9079
vn 0.2350 -0.4190 0.8770
vn -0.2531 -0.2090 0.9446
vn -0.4890 -0.2090 0.8469
vn -0.4540 -0.4191 0.7863
vn -0.2350 -0.4190 0.8770
vn -0.6915 -0.2090 0.6915
vn -0.8469 -0.2090 0.4890
vn -0.7863 -0.4191 0.4540
vn -0.6420 -0.4190 0.6420
vn -0.9446 -0.2090 0.2531
vn -0.9779 -0.2090 0.0000
vn -0.9079 -0.4191 -0.0000
vn -0.8770 -0.4190 0.2350
vn -0.9446 -0.2090 -0.2531
vn -0.8469 -0.2090 -0.4890
vn -0.7863 -0.4191 -0.4540
vn -0.8770 -0.4190 -0.2350
vn -0.6915 -0.2090 -0.6915
vn -0.4890 -0.2090 -0.8469
vn -0.4540 -0.4191 -0.7863
vn -0.6420 -0.4190 -0.6420
vn -0.2531 -0.2090 -0.9446
vn 0.0000 -0.2090 -0.9779
vn 0.0000 -0.4191 -0.9079
vn -0.2350 -0.4190 -0.8770
vn 0.2531 -0.2090 -0.9446
vn 0.4890 -0.2090 -0.8469
vn 0.4540 -0.4191 -0.7863
vn 0.2350 -0.4190 -0.8770
vn 0.6915 -0.2090 -0.6915
vn 0.6420 -0.4190 -0.6420
vn 0.7938 -0.5698 -0.2127
vn 0.7147 -0.5648 -0.4126
vn 0.8252 -0.5648 -0.0000
vn 0.7938 -0.5698 0.2127
vn 0.7147 -0.5648 0.4126
vn 0.5811 -0.5698 0.5811
vn 0.4126 -0.5648 0.7147
vn 0.2127 -0.5698 0.7938
vn -0.0000 -0.5648 0.8252
vn -0.2127 -0.5698 0.7938
vn -0.4126 -0.5648 0.7147
vn -0.5811 -0.5698 0.5811
vn -0.7147 -0.5648 0.4126
vn -0.7938 -0.5698 0.2127
vn -0.8252 -0.5648 -0.0000
vn -0.7938 -0.5698 -0.2127
vn -0.7147 -0.5648 -0.4126
vn -0.5811 -0.5698 -0.5811
vn -0.4126 -0.5648 -0.7147
vn -0.2127 -0.5698 -0.7938
vn 0.0000 -0.5648 -0.8252
vn 0.2127 -0.5698 -0.7938
vn 0.4126 -0.5648 -0.7147
vn 0.5811 -0.5698 -0.5811
vn 0.9903 0.1392 0.0000
vn 0.9565 0.1391 -0.2563
vn 0.8576 0.1392 -0.4951
vn 0.8576 0.1392 0.4951
vn 0.9565 0.1391 0.2563
vn 0.4951 0.1392 0.8576
vn 0.7002 0.1391 0.7002
vn 0.0000 0.1392 0.9903
vn 0.2563 0.1391 0.9565
vn -0.4951 0.1392 0.8576
vn -0.2563 0.1391 0.9565
vn -0.8576 0.1393 0.4951
vn -0.7002 0.1391 0.7002
vn -1.0000 -0.0000 -0.0000
vn -0.9903 0.1392 -0.0000
vn -0.9565 0.1391 0.2563
vn -0.8576 0.1392 -0.4951
vn -0.9565 0.1391 -0.2563
vn -0.4951 0.1392 -0.8576
vn -0.7002 0.1391 -0.7002
vn -0.0000 0.1392 -0.9903
vn -0.2563 0.1391 -0.9565
vn 0.4951 0.1392 -0.8576
vn 0.2563 0.1391 -0.9565
vn 0.7002 0.1391 -0.7002
vn 0.0699 -0.9976 0.0000
vn 0.0678 -0.9975 -0.0182
vn 0.0605 -0.9976 -0.0350
vn 0.0496 -0.9975 -0.0496
vn 0.0349 -0.9976 -0.0605
vn 0.0182 -0.9975 -0.0678
vn 0.0000 -0.9976 -0.0699
vn -0.0182 -0.9975 -0.0678
vn -0.0349 -0.9976 -0.0605
vn -0.0496 -0.9975 -0.0496
vn -0.0605 -0.9976 -0.0349
vn -0.0678 -0.9975 -0.0182
vn -0.0699 -0.9976 -0.0000
vn -0.0678 -0.9975 0.0182
vn -0.0605 -0.9976 0.0350
vn -0.0496 -0.9975 0.0496
vn -0.0350 -0.9976 0.0605
vn -0.0182 -0.9975 0.0678
vn -0.0000 -0.9976 0.0699
vn 0.0182 -0.9975 0.0678
vn 0.0350 -0.9976 0.0605
vn 0.0496 -0.9975 0.0496
vn 0.0605 -0.9976 0.0350
vn 0.0678 -0.9975 0.0182
# 561 vertex normals

vt 0.7500 1.0000 1.0000
vt 0.7917 1.0000 1.0000
vt 0.8333 1.0000 1.0000
vt 0.8750 1.0000 1.0000
vt 0.9167 1.0000 1.0000
vt -0.0833 1.0000 1.0000
vt -0.0417 1.0000 1.0000
vt 0.0000 1.0000 1.0000
vt 0.0417 1.0000 1.0000
vt 0.0833 1.0000 1.0000
vt 0.1250 1.0000 1.0000
vt 0.1667 1.0000 1.0000
vt 0.2083 1.0000 1.0000
vt 0.2500 1.0000 1.0000
vt 0.2917 1.0000 1.0000
vt 0.3333 1.0000 1.0000
vt 0.3750 1.0000 1.0000
vt 0.4167 1.0000 1.0000
vt 0.4583 1.0000 1.0000
vt 0.5000 1.0000 1.0000
vt 0.5417 1.0000 1.0000
vt 0.5833 1.0000 1.0000
vt 0.6250 1.0000 1.0000
vt 0.6667 1.0000 1.0000
vt 0.7083 1.0000 1.0000
vt 0.6875 1.0000 1.0000
vt 0.6343 1.0000 1.0000
vt 0.5625 1.0000 1.0000
vt 0.5602 1.0000 1.0000
vt 0.4861 1.0000 1.0000
vt 0.4375 1.0000 1.0000
vt 0.4120 1.0000 1.0000
vt 0.3380 1.0000 1.0000
vt 0.3125 1.0000 1.0000
vt 0.2639 1.0000 1.0000
vt 0.1898 1.0000 1.0000
vt 0.1875 1.0000 1.0000
vt 0.1157 1.0000 1.0000
vt 0.0625 1.0000 1.0000
vt 0.1343 1.0000 1.0000
vt 0.6157 1.0000 1.0000
vt 0.7176 1.0000 1.0000
vt 0.7708 1.0000 1.0000
vt 0.1065 1.0000 1.0000
vt 0.1458 1.0000 1.0000
vt 0.1991 1.0000 1.0000
vt 0.2731 1.0000 1.0000
vt 0.2708 1.0000 1.0000
vt 0.3472 1.0000 1.0000
vt 0.4213 1.0000 1.0000
vt 0.3958 1.0000 1.0000
vt 0.4954 1.0000 1.0000
vt 0.5694 1.0000 1.0000
vt 0.5208 1.0000 1.0000
vt 0.6435 1.0000 1.0000
vt 0.6458 1.0000 1.0000
# 56 texture coords

o Brush
g Brush
usemtl wire_000000000
s 1
f 2331/652/1856 2332/653/1857 2333/653/1858 2334/652/1859 
f 2332/653/1857 2335/654/1860 2336/654/1861 2333/653/1858 
f 2337/654/1862 2338/653/1863 2333/653/1858 2336/654/1861 
f 2338/653/1863 2339/652/1864 2334/652/1859 2333/653/1858 
f 2335/654/1860 2340/655/1865 2341/655/1866 2336/654/1861 
f 2340/655/1865 2342/656/1867 2343/656/1868 2341/655/1866 
f 2344/656/1869 2345/655/1870 2341/655/1866 2343/656/1868 
f 2345/655/1870 2337/654/1862 2336/654/1861 2341/655/1866 
f 2342/657/1867 2346/658/1871 2347/658/1872 2343/657/1868 
f 2346/658/1871 2348/659/1873 2349/659/1874 2347/658/1872 
f 2350/659/1875 2351/658/1876 2347/658/1872 2349/659/1874 
f 2351/658/1876 2344/657/1869 2343/657/1868 2347/658/1872 
f 2348/659/1873 2352/660/1877 2353/660/1878 2349/659/1874 
f 2352/660/1877 2354/661/1879 2355/661/1880 2353/660/1878 
f 2356/661/1881 2357/660/1882 2353/660/1878 2355/661/1880 
f 2357/660/1882 2350/659/1875 2349/659/1874 2353/660/1878 
f 2354/661/1879 2358/662/1883 2359/662/1884 2355/661/1880 
f 2358/662/1883 2360/663/1885 2361/663/1886 2359/662/1884 
f 2362/663/1887 2363/662/1888 2359/662/1884 2361/663/1886 
f 2363/662/1888 2356/661/1881 2355/661/1880 2359/662/1884 
f 2360/663/1885 2364/664/1889 2365/664/1890 2361/663/1886 
f 2364/664/1889 2366/665/1891 2367/665/1892 2365/664/1890 
f 2368/665/1893 2369/664/1894 2365/664/1890 2367/665/1892 
f 2369/664/1894 2362/663/1887 2361/663/1886 2365/664/1890 
f 2366/665/1891 2370/666/1895 2371/666/1896 2367/665/1892 
f 2370/666/1895 2372/667/1897 2373/667/1898 2371/666/1896 
f 2374/667/1899 2375/666/1900 2371/666/1896 2373/667/1898 
f 2375/666/1900 2368/665/1893 2367/665/1892 2371/666/1896 
f 2372/667/1897 2376/668/1901 2377/668/1902 2373/667/1898 
f 2376/668/1901 2378/669/1903 2379/669/1904 2377/668/1902 
f 2380/669/1905 2381/668/1906 2377/668/1902 2379/669/1904 
f 2381/668/1906 2374/667/1899 2373/667/1898 2377/668/1902 
f 2378/669/1903 2382/670/1907 2383/670/1908 2379/669/1904 
f 2382/670/1907 2384/671/1909 2385/671/1910 2383/670/1908 
f 2386/671/1911 2387/670/1912 2383/670/1908 2385/671/1910 
f 2387/670/1912 2380/669/1905 2379/669/1904 2383/670/1908 
f 2384/671/1909 2388/672/1913 2389/672/1914 2385/671/1910 
f 2388/672/1913 2390/673/1915 2391/673/1916 2389/672/1914 
f 2392/673/1917 2393/672/1918 2389/672/1914 2391/673/1916 
f 2393/672/1918 2386/671/1911 2385/671/1910 2389/672/1914 
f 2390/673/1915 2394/674/1919 2395/674/1920 2391/673/1916 
f 2394/674/1919 2396/675/1921 2397/675/1922 2395/674/1920 
f 2398/675/1923 2399/674/1924 2395/674/1920 2397/675/1922 
f 2399/674/1924 2392/673/1917 2391/673/1916 2395/674/1920 
f 2396/675/1921 2400/676/1925 2401/676/1926 2397/675/1922 
f 2400/676/1925 2331/652/1856 2334/652/1859 2401/676/1926 
f 2339/652/1864 2402/676/1927 2401/676/1926 2334/652/1859 
f 2402/676/1927 2398/675/1923 2397/675/1922 2401/676/1926 
f 2403/652/1928 2404/653/1929 2405/653/1930 2406/652/1931 
f 2404/653/1929 2407/654/1932 2408/654/1933 2405/653/1930 
f 2409/654/1934 2410/653/1935 2405/653/1930 2408/654/1933 
f 2410/653/1935 2411/652/1936 2406/652/1931 2405/653/1930 
f 2407/654/1932 2412/655/1937 2413/655/1938 2408/654/1933 
f 2412/655/1937 2414/656/1939 2415/656/1940 2413/655/1938 
f 2416/656/1941 2417/655/1942 2413/655/1938 2415/656/1940 
f 2417/655/1942 2409/654/1934 2408/654/1933 2413/655/1938 
f 2414/657/1939 2418/658/1943 2419/658/1944 2415/657/1940 
f 2418/658/1943 2420/659/1945 2421/659/1946 2419/658/1944 
f 2422/659/1947 2423/658/1948 2419/658/1944 2421/659/1946 
f 2423/658/1948 2416/657/1941 2415/657/1940 2419/658/1944 
f 2420/659/1945 2424/660/1949 2425/660/1950 2421/659/1946 
f 2424/660/1949 2426/661/1951 2427/661/1952 2425/660/1950 
f 2428/661/1953 2429/660/1954 2425/660/1950 2427/661/1952 
f 2429/660/1954 2422/659/1947 2421/659/1946 2425/660/1950 
f 2426/661/1951 2430/662/1955 2431/662/1956 2427/661/1952 
f 2430/662/1955 2432/663/1957 2433/663/1958 2431/662/1956 
f 2434/663/1959 2435/662/1960 2431/662/1956 2433/663/1958 
f 2435/662/1960 2428/661/1953 2427/661/1952 2431/662/1956 
f 2432/663/1957 2436/664/1961 2437/664/1962 2433/663/1958 
f 2436/664/1961 2438/665/1963 2439/665/1964 2437/664/1962 
f 2440/665/1965 2441/664/1966 2437/664/1962 2439/665/1964 
f 2441/664/1966 2434/663/1959 2433/663/1958 2437/664/1962 
f 2438/665/1963 2442/666/1967 2443/666/1968 2439/665/1964 
f 2442/666/1967 2444/667/1969 2445/667/1970 2443/666/1968 
f 2446/667/1971 2447/666/1972 2443/666/1968 2445/667/1970 
f 2447/666/1972 2440/665/1965 2439/665/1964 2443/666/1968 
f 2444/667/1969 2448/668/1973 2449/668/1974 2445/667/1970 
f 2448/668/1973 2450/669/1975 2451/669/1976 2449/668/1974 
f 2452/669/1977 2453/668/1978 2449/668/1974 2451/669/1976 
f 2453/668/1978 2446/667/1971 2445/667/1970 2449/668/1974 
f 2450/669/1975 2454/670/1979 2455/670/1980 2451/669/1976 
f 2454/670/1979 2456/671/1981 2457/671/1982 2455/670/1980 
f 2458/671/1983 2459/670/1984 2455/670/1980 2457/671/1982 
f 2459/670/1984 2452/669/1977 2451/669/1976 2455/670/1980 
f 2456/671/1981 2460/672/1985 2461/672/1986 2457/671/1982 
f 2460/672/1985 2462/673/1987 2463/673/1988 2461/672/1986 
f 2464/673/1989 2465/672/1990 2461/672/1986 2463/673/1988 
f 2465/672/1990 2458/671/1983 2457/671/1982 2461/672/1986 
f 2462/673/1987 2466/674/1991 2467/674/1992 2463/673/1988 
f 2466/674/1991 2468/675/1993 2469/675/1994 2467/674/1992 
f 2470/675/1995 2471/674/1996 2467/674/1992 2469/675/1994 
f 2471/674/1996 2464/673/1989 2463/673/1988 2467/674/1992 
f 2468/675/1993 2472/676/1997 2473/676/1998 2469/675/1994 
f 2472/676/1997 2403/652/1928 2406/652/1931 2473/676/1998 
f 2411/652/1936 2474/676/1999 2473/676/1998 2406/652/1931 
f 2474/676/1999 2470/675/1995 2469/675/1994 2473/676/1998 
f 2337/654/1862 2475/654/2000 2476/653/2001 2338/653/1863 
f 2475/654/2000 2407/654/1932 2404/653/1929 2476/653/2001 
f 2403/652/1928 2477/652/2002 2476/653/2001 2404/653/1929 
f 2477/652/2002 2339/652/1864 2338/653/1863 2476/653/2001 
f 2344/656/1869 2478/656/2003 2479/655/2004 2345/655/1870 
f 2478/656/2003 2414/656/1939 2412/655/1937 2479/655/2004 
f 2407/654/1932 2475/654/2000 2479/655/2004 2412/655/1937 
f 2475/654/2000 2337/654/1862 2345/655/1870 2479/655/2004 
f 2350/659/1875 2480/659/2005 2481/658/2006 2351/658/1876 
f 2480/659/2005 2420/659/1945 2418/658/1943 2481/658/2006 
f 2414/657/1939 2478/657/2003 2481/658/2006 2418/658/1943 
f 2478/657/2003 2344/657/1869 2351/658/1876 2481/658/2006 
f 2356/661/1881 2482/661/2007 2483/660/2008 2357/660/1882 
f 2482/661/2007 2426/661/1951 2424/660/1949 2483/660/2008 
f 2420/659/1945 2480/659/2005 2483/660/2008 2424/660/1949 
f 2480/659/2005 2350/659/1875 2357/660/1882 2483/660/2008 
f 2362/663/1887 2484/663/2009 2485/662/2010 2363/662/1888 
f 2484/663/2009 2432/663/1957 2430/662/1955 2485/662/2010 
f 2426/661/1951 2482/661/2007 2485/662/2010 2430/662/1955 
f 2482/661/2007 2356/661/1881 2363/662/1888 2485/662/2010 
f 2368/665/1893 2486/665/2011 2487/664/2012 2369/664/1894 
f 2486/665/2011 2438/665/1963 2436/664/1961 2487/664/2012 
f 2432/663/1957 2484/663/2009 2487/664/2012 2436/664/1961 
f 2484/663/2009 2362/663/1887 2369/664/1894 2487/664/2012 
f 2374/667/1899 2488/667/2013 2489/666/2014 2375/666/1900 
f 2488/667/2013 2444/667/1969 2442/666/1967 2489/666/2014 
f 2438/665/1963 2486/665/2011 2489/666/2014 2442/666/1967 
f 2486/665/2011 2368/665/1893 2375/666/1900 2489/666/2014 
f 2380/669/1905 2490/669/2015 2491/668/2016 2381/668/1906 
f 2490/669/2015 2450/669/1975 2448/668/1973 2491/668/2016 
f 2444/667/1969 2488/667/2013 2491/668/2016 2448/668/1973 
f 2488/667/2013 2374/667/1899 2381/668/1906 2491/668/2016 
f 2386/671/1911 2492/671/2017 2493/670/2018 2387/670/1912 
f 2492/671/2017 2456/671/1981 2454/670/1979 2493/670/2018 
f 2450/669/1975 2490/669/2015 2493/670/2018 2454/670/1979 
f 2490/669/2015 2380/669/1905 2387/670/1912 2493/670/2018 
f 2392/673/1917 2494/673/2019 2495/672/2020 2393/672/1918 
f 2494/673/2019 2462/673/1987 2460/672/1985 2495/672/2020 
f 2456/671/1981 2492/671/2017 2495/672/2020 2460/672/1985 
f 2492/671/2017 2386/671/1911 2393/672/1918 2495/672/2020 
f 2398/675/1923 2496/675/2021 2497/674/2022 2399/674/1924 
f 2496/675/2021 2468/675/1993 2466/674/1991 2497/674/2022 
f 2462/673/1987 2494/673/2019 2497/674/2022 2466/674/1991 
f 2494/673/2019 2392/673/1917 2399/674/1924 2497/674/2022 
f 2339/652/1864 2477/652/2002 2498/676/2023 2402/676/1927 
f 2477/652/2002 2403/652/1928 2472/676/1997 2498/676/2023 
f 2468/675/1993 2496/675/2021 2498/676/2023 2472/676/1997 
f 2496/675/2021 2398/675/1923 2402/676/1927 2498/676/2023 
f 2335/654/1860 2332/653/1857 2499/653/2024 2500/654/2025 
f 2332/653/1857 2331/652/1856 2501/652/2026 2499/653/2024 
f 2502/652/2027 2503/653/2028 2499/653/2024 2501/652/2026 
f 2503/653/2028 2504/654/2028 2500/654/2025 2499/653/2024 
f 2342/656/1867 2340/655/1865 2505/655/2029 2506/656/2030 
f 2340/655/1865 2335/654/1860 2500/654/2025 2505/655/2029 
f 2504/654/2028 2507/655/2028 2505/655/2029 2500/654/2025 
f 2507/655/2028 2508/656/2028 2506/656/2030 2505/655/2029 
f 2348/659/1873 2346/658/1871 2509/658/2031 2510/659/2032 
f 2346/658/1871 2342/657/1867 2506/657/2030 2509/658/2031 
f 2508/657/2028 2511/658/2027 2509/658/2031 2506/657/2030 
f 2511/658/2027 2512/659/2027 2510/659/2032 2509/658/2031 
f 2354/661/1879 2352/660/1877 2513/660/2033 2514/661/2034 
f 2352/660/1877 2348/659/1873 2510/659/2032 2513/660/2033 
f 2512/659/2027 2515/660/2027 2513/660/2033 2510/659/2032 
f 2515/660/2027 2516/661/2027 2514/661/2034 2513/660/2033 
f 2360/663/1885 2358/662/1883 2517/662/2035 2518/663/2036 
f 2358/662/1883 2354/661/1879 2514/661/2034 2517/662/2035 
f 2516/661/2027 2519/662/2027 2517/662/2035 2514/661/2034 
f 2519/662/2027 2520/663/2027 2518/663/2036 2517/662/2035 
f 2366/665/1891 2364/664/1889 2521/664/2037 2522/665/2038 
f 2364/664/1889 2360/663/1885 2518/663/2036 2521/664/2037 
f 2520/663/2027 2523/664/2027 2521/664/2037 2518/663/2036 
f 2523/664/2027 2524/665/2028 2522/665/2038 2521/664/2037 
f 2372/667/1897 2370/666/1895 2525/666/2039 2526/667/2040 
f 2370/666/1895 2366/665/1891 2522/665/2038 2525/666/2039 
f 2524/665/2028 2527/666/2027 2525/666/2039 2522/665/2038 
f 2527/666/2027 2528/667/2027 2526/667/2040 2525/666/2039 
f 2378/669/1903 2376/668/1901 2529/668/2041 2530/669/2042 
f 2376/668/1901 2372/667/1897 2526/667/2040 2529/668/2041 
f 2528/667/2027 2531/668/2027 2529/668/2041 2526/667/2040 
f 2531/668/2027 2532/669/2027 2530/669/2042 2529/668/2041 
f 2384/671/1909 2382/670/1907 2533/670/2043 2534/671/2044 
f 2382/670/1907 2378/669/1903 2530/669/2042 2533/670/2043 
f 2532/669/2027 2535/670/2027 2533/670/2043 2530/669/2042 
f 2535/670/2027 2536/671/2027 2534/671/2044 2533/670/2043 
f 2390/673/1915 2388/672/1913 2537/672/2045 2538/673/2046 
f 2388/672/1913 2384/671/1909 2534/671/2044 2537/672/2045 
f 2536/671/2027 2539/672/2028 2537/672/2045 2534/671/2044 
f 2539/672/2028 2540/673/2028 2538/673/2046 2537/672/2045 
f 2396/675/1921 2394/674/1919 2541/674/2047 2542/675/2048 
f 2394/674/1919 2390/673/1915 2538/673/2046 2541/674/2047 
f 2540/673/2028 2543/674/2028 2541/674/2047 2538/673/2046 
f 2543/674/2028 2544/675/2028 2542/675/2048 2541/674/2047 
f 2331/652/1856 2400/676/1925 2545/676/2049 2501/652/2026 
f 2400/676/1925 2396/675/1921 2542/675/2048 2545/676/2049 
f 2544/675/2028 2546/676/2028 2545/676/2049 2542/675/2048 
f 2546/676/2028 2502/652/2027 2501/652/2026 2545/676/2049 
f 2504/654/2028 2503/653/2028 2547/653/2028 2548/654/2028 
f 2503/653/2028 2502/652/2027 2549/652/2028 2547/653/2028 
f 2550/652/2028 2551/653/2050 2547/653/2028 2549/652/2028 
f 2551/653/2050 2552/654/2028 2548/654/2028 2547/653/2028 
f 2508/656/2028 2507/655/2028 2553/655/2028 2554/656/2028 
f 2507/655/2028 2504/654/2028 2548/654/2028 2553/655/2028 
f 2552/654/2028 2555/655/2028 2553/655/2028 2548/654/2028 
f 2555/655/2028 2556/656/2050 2554/656/2028 2553/655/2028 
f 2512/659/2027 2511/658/2027 2557/658/2027 2558/659/2050 
f 2511/658/2027 2508/657/2028 2554/657/2028 2557/658/2027 
f 2556/657/2050 2559/658/2051 2557/658/2027 2554/657/2028 
f 2559/658/2051 2560/659/2051 2558/659/2050 2557/658/2027 
f 2516/661/2027 2515/660/2027 2561/660/2027 2562/661/2027 
f 2515/660/2027 2512/659/2027 2558/659/2050 2561/660/2027 
f 2560/659/2051 2563/660/2050 2561/660/2027 2558/659/2050 
f 2563/660/2050 2564/661/2051 2562/661/2027 2561/660/2027 
f 2520/663/2027 2519/662/2027 2565/662/2027 2566/663/2027 
f 2519/662/2027 2516/661/2027 2562/661/2027 2565/662/2027 
f 2564/661/2051 2567/662/2027 2565/662/2027 2562/661/2027 
f 2567/662/2027 2568/663/2027 2566/663/2027 2565/662/2027 
f 2524/665/2028 2523/664/2027 2569/664/2027 2570/665/2051 
f 2523/664/2027 2520/663/2027 2566/663/2027 2569/664/2027 
f 2568/663/2027 2571/664/2051 2569/664/2027 2566/663/2027 
f 2571/664/2051 2572/665/2051 2570/665/2051 2569/664/2027 
f 2528/667/2027 2527/666/2027 2573/666/2027 2574/667/2027 
f 2527/666/2027 2524/665/2028 2570/665/2051 2573/666/2027 
f 2572/665/2051 2575/666/2027 2573/666/2027 2570/665/2051 
f 2575/666/2027 2576/667/2027 2574/667/2027 2573/666/2027 
f 2532/669/2027 2531/668/2027 2577/668/2027 2578/669/2027 
f 2531/668/2027 2528/667/2027 2574/667/2027 2577/668/2027 
f 2576/667/2027 2579/668/2027 2577/668/2027 2574/667/2027 
f 2579/668/2027 2580/669/2027 2578/669/2027 2577/668/2027 
f 2536/671/2027 2535/670/2027 2581/670/2027 2582/671/2027 
f 2535/670/2027 2532/669/2027 2578/669/2027 2581/670/2027 
f 2580/669/2027 2583/670/2027 2581/670/2027 2578/669/2027 
f 2583/670/2027 2584/671/2027 2582/671/2027 2581/670/2027 
f 2540/673/2028 2539/672/2028 2585/672/2028 2586/673/2028 
f 2539/672/2028 2536/671/2027 2582/671/2027 2585/672/2028 
f 2584/671/2027 2587/672/2028 2585/672/2028 2582/671/2027 
f 2587/672/2028 2588/673/2028 2586/673/2028 2585/672/2028 
f 2544/675/2028 2543/674/2028 2589/674/2028 2590/675/2028 
f 2543/674/2028 2540/673/2028 2586/673/2028 2589/674/2028 
f 2588/673/2028 2591/674/2028 2589/674/2028 2586/673/2028 
f 2591/674/2028 2592/675/2028 2590/675/2028 2589/674/2028 
f 2502/652/2027 2546/676/2028 2593/676/2028 2549/652/2028 
f 2546/676/2028 2544/675/2028 2590/675/2028 2593/676/2028 
f 2592/675/2028 2594/676/2028 2593/676/2028 2590/675/2028 
f 2594/676/2028 2550/652/2028 2549/652/2028 2593/676/2028 
f 2595/676/2052 2596/674/2053 2597/668/2028 2598/677/2054 
f 2596/674/2053 2599/678/2055 2600/679/2056 2597/668/2028 
f 2601/680/2057 2602/671/2058 2597/668/2028 2600/679/2056 
f 2602/671/2058 2603/681/2059 2604/682/2060 2597/668/2028 
f 2605/683/2061 2606/668/2062 2597/668/2028 2604/682/2060 
f 2606/668/2062 2607/684/2063 2608/685/2064 2597/668/2028 
f 2609/686/2065 2610/665/2066 2597/668/2028 2608/685/2064 
f 2610/665/2066 2611/687/2067 2612/688/2068 2597/668/2028 
f 2613/689/2069 2614/662/2070 2597/668/2028 2612/688/2068 
f 2614/662/2070 2615/660/2071 2616/690/2072 2597/668/2028 
f 2617/691/2073 2618/668/2074 2597/668/2028 2616/690/2072 
f 2618/668/2074 2619/692/2075 2598/677/2054 2597/668/2028 
f 2411/652/1936 2410/653/1935 2620/653/2076 2621/652/2077 
f 2410/653/1935 2409/654/1934 2622/654/2078 2620/653/2076 
f 2623/654/2079 2624/653/2079 2620/653/2076 2622/654/2078 
f 2624/653/2079 2625/652/2079 2621/652/2077 2620/653/2076 
f 2409/654/1934 2417/655/1942 2626/655/2080 2622/654/2078 
f 2417/655/1942 2416/656/1941 2627/656/2081 2626/655/2080 
f 2628/656/2079 2629/655/2079 2626/655/2080 2627/656/2081 
f 2629/655/2079 2623/654/2079 2622/654/2078 2626/655/2080 
f 2416/657/1941 2423/658/1948 2630/658/2082 2627/657/2081 
f 2423/658/1948 2422/659/1947 2631/659/2083 2630/658/2082 
f 2632/659/2079 2633/658/2079 2630/658/2082 2631/659/2083 
f 2633/658/2079 2628/657/2079 2627/657/2081 2630/658/2082 
f 2422/659/1947 2429/660/1954 2634/660/2084 2631/659/2083 
f 2429/660/1954 2428/661/1953 2635/661/2085 2634/660/2084 
f 2636/661/2079 2637/660/2079 2634/660/2084 2635/661/2085 
f 2637/660/2079 2632/659/2079 2631/659/2083 2634/660/2084 
f 2428/661/1953 2435/662/1960 2638/662/2086 2635/661/2085 
f 2435/662/1960 2434/663/1959 2639/663/2087 2638/662/2086 
f 2640/663/2079 2641/662/2079 2638/662/2086 2639/663/2087 
f 2641/662/2079 2636/661/2079 2635/661/2085 2638/662/2086 
f 2434/663/1959 2441/664/1966 2642/664/2088 2639/663/2087 
f 2441/664/1966 2440/665/1965 2643/665/2089 2642/664/2088 
f 2644/665/2079 2645/664/2079 2642/664/2088 2643/665/2089 
f 2645/664/2079 2640/663/2079 2639/663/2087 2642/664/2088 
f 2440/665/1965 2447/666/1972 2646/666/2090 2643/665/2089 
f 2447/666/1972 2446/667/1971 2647/667/2091 2646/666/2090 
f 2648/667/2079 2649/666/2079 2646/666/2090 2647/667/2091 
f 2649/666/2079 2644/665/2079 2643/665/2089 2646/666/2090 
f 2446/667/1971 2453/668/1978 2650/668/2092 2647/667/2091 
f 2453/668/1978 2452/669/1977 2651/669/2093 2650/668/2092 
f 2652/669/2079 2653/668/2079 2650/668/2092 2651/669/2093 
f 2653/668/2079 2648/667/2079 2647/667/2091 2650/668/2092 
f 2452/669/1977 2459/670/1984 2654/670/2094 2651/669/2093 
f 2459/670/1984 2458/671/1983 2655/671/2095 2654/670/2094 
f 2656/671/2079 2657/670/2079 2654/670/2094 2655/671/2095 
f 2657/670/2079 2652/669/2079 2651/669/2093 2654/670/2094 
f 2458/671/1983 2465/672/1990 2658/672/2096 2655/671/2095 
f 2465/672/1990 2464/673/1989 2659/673/2097 2658/672/2096 
f 2660/673/2079 2661/672/2079 2658/672/2096 2659/673/2097 
f 2661/672/2079 2656/671/2079 2655/671/2095 2658/672/2096 
f 2464/673/1989 2471/674/1996 2662/674/2098 2659/673/2097 
f 2471/674/1996 2470/675/1995 2663/675/2099 2662/674/2098 
f 2664/675/2079 2665/674/2079 2662/674/2098 2663/675/2099 
f 2665/674/2079 2660/673/2079 2659/673/2097 2662/674/2098 
f 2470/675/1995 2474/676/1999 2666/676/2100 2663/675/2099 
f 2474/676/1999 2411/652/1936 2621/652/2077 2666/676/2100 
f 2625/652/2079 2667/676/2079 2666/676/2100 2621/652/2077 
f 2667/676/2079 2664/675/2079 2663/675/2099 2666/676/2100 
f 2625/652/2079 2624/653/2079 2668/653/2079 2669/652/2101 
f 2624/653/2079 2623/654/2079 2670/654/2102 2668/653/2079 
f 2671/653/2102 2672/676/2101 2668/653/2079 2670/654/2102 
f 2672/676/2101 2673/693/2102 2669/652/2101 2668/653/2079 
f 2623/654/2079 2629/655/2079 2674/655/2079 2670/654/2102 
f 2629/655/2079 2628/656/2079 2675/656/2102 2674/655/2079 
f 2676/656/2102 2677/694/2101 2674/655/2079 2675/656/2102 
f 2677/694/2101 2671/653/2102 2670/654/2102 2674/655/2079 
f 2628/657/2079 2633/658/2079 2678/658/2079 2675/657/2102 
f 2633/658/2079 2632/659/2079 2679/659/2103 2678/658/2079 
f 2680/695/2103 2681/658/2101 2678/658/2079 2679/659/2103 
f 2681/658/2101 2676/657/2102 2675/657/2102 2678/658/2079 
f 2632/659/2079 2637/660/2079 2682/660/2079 2679/659/2103 
f 2637/660/2079 2636/661/2079 2683/661/2103 2682/660/2079 
f 2684/662/2103 2685/696/2079 2682/660/2079 2683/661/2103 
f 2685/696/2079 2680/695/2103 2679/659/2103 2682/660/2079 
f 2636/661/2079 2641/662/2079 2686/662/2079 2683/661/2103 
f 2641/662/2079 2640/663/2079 2687/663/2103 2686/662/2079 
f 2688/697/2103 2689/664/2079 2686/662/2079 2687/663/2103 
f 2689/664/2079 2684/662/2103 2683/661/2103 2686/662/2079 
f 2640/663/2079 2645/664/2079 2690/664/2079 2687/663/2103 
f 2645/664/2079 2644/665/2079 2691/665/2103 2690/664/2079 
f 2692/698/2103 2693/699/2102 2690/664/2079 2691/665/2103 
f 2693/699/2102 2688/697/2103 2687/663/2103 2690/664/2079 
f 2644/665/2079 2649/666/2079 2694/666/2079 2691/665/2103 
f 2649/666/2079 2648/667/2079 2695/667/2079 2694/666/2079 
f 2696/700/2079 2697/667/2101 2694/666/2079 2695/667/2079 
f 2697/667/2101 2692/698/2103 2691/665/2103 2694/666/2079 
f 2648/667/2079 2653/668/2079 2698/668/2079 2695/667/2079 
f 2653/668/2079 2652/669/2079 2699/669/2079 2698/668/2079 
f 2700/701/2079 2701/702/2103 2698/668/2079 2699/669/2079 
f 2701/702/2103 2696/700/2079 2695/667/2079 2698/668/2079 
f 2652/669/2079 2657/670/2079 2702/670/2079 2699/669/2079 
f 2657/670/2079 2656/671/2079 2703/671/2079 2702/670/2079 
f 2704/703/2079 2705/670/2101 2702/670/2079 2703/671/2079 
f 2705/670/2101 2700/701/2079 2699/669/2079 2702/670/2079 
f 2656/671/2079 2661/672/2079 2706/672/2079 2703/671/2079 
f 2661/672/2079 2660/673/2079 2707/673/2101 2706/672/2079 
f 2708/704/2101 2709/705/2079 2706/672/2079 2707/673/2101 
f 2709/705/2079 2704/703/2079 2703/671/2079 2706/672/2079 
f 2660/673/2079 2665/674/2079 2710/674/2079 2707/673/2101 
f 2665/674/2079 2664/675/2079 2711/675/2101 2710/674/2079 
f 2712/706/2101 2713/673/2102 2710/674/2079 2711/675/2101 
f 2713/673/2102 2708/704/2101 2707/673/2101 2710/674/2079 
f 2664/675/2079 2667/676/2079 2714/676/2079 2711/675/2101 
f 2667/676/2079 2625/652/2079 2669/652/2101 2714/676/2079 
f 2673/693/2102 2715/707/2079 2714/676/2079 2669/652/2101 
f 2715/707/2079 2712/706/2101 2711/675/2101 2714/676/2079 
f 2671/653/2102 2677/694/2101 2716/670/2079 2672/676/2101 
f 2677/694/2101 2676/656/2102 2681/670/2101 2716/670/2079 
f 2680/695/2103 2685/696/2079 2716/670/2079 2681/670/2101 
f 2685/696/2079 2684/662/2103 2689/664/2079 2716/670/2079 
f 2688/697/2103 2693/699/2102 2716/670/2079 2689/664/2079 
f 2693/699/2102 2692/698/2103 2697/667/2101 2716/670/2079 
f 2696/700/2079 2701/702/2103 2716/670/2079 2697/667/2101 
f 2701/702/2103 2700/701/2079 2705/670/2101 2716/670/2079 
f 2704/703/2079 2709/705/2079 2716/670/2079 2705/670/2101 
f 2709/705/2079 2708/704/2101 2713/673/2102 2716/670/2079 
f 2712/706/2101 2715/707/2079 2716/670/2079 2713/673/2102 
f 2715/707/2079 2673/693/2102 2672/676/2101 2716/670/2079 
f 2717/694/2104 2718/653/2105 2719/653/2106 2720/676/2107 
f 2718/653/2105 2721/652/2108 2722/652/2109 2719/653/2106 
f 2723/652/2110 2724/653/2111 2719/653/2106 2722/652/2109 
f 2724/653/2111 2725/676/2112 2720/676/2107 2719/653/2106 
f 2721/652/2108 2726/676/2113 2727/676/2114 2722/652/2109 
f 2726/676/2113 2728/675/2115 2729/675/2116 2727/676/2114 
f 2730/675/2117 2731/676/2118 2727/676/2114 2729/675/2116 
f 2731/676/2118 2723/652/2110 2722/652/2109 2727/676/2114 
f 2728/675/2115 2732/674/2119 2733/674/2120 2729/675/2116 
f 2732/674/2119 2734/673/2121 2735/673/2122 2733/674/2120 
f 2736/673/2123 2737/674/2124 2733/674/2120 2735/673/2122 
f 2737/674/2124 2730/675/2117 2729/675/2116 2733/674/2120 
f 2734/673/2121 2738/672/2125 2739/672/2126 2735/673/2122 
f 2738/672/2125 2740/671/2127 2741/671/2128 2739/672/2126 
f 2742/671/2129 2743/672/2130 2739/672/2126 2741/671/2128 
f 2743/672/2130 2736/673/2123 2735/673/2122 2739/672/2126 
f 2740/671/2127 2744/670/2131 2745/670/2132 2741/671/2128 
f 2744/670/2131 2746/669/2133 2747/669/2134 2745/670/2132 
f 2748/669/2135 2749/670/2136 2745/670/2132 2747/669/2134 
f 2749/670/2136 2742/671/2129 2741/671/2128 2745/670/2132 
f 2746/669/2133 2750/668/2137 2751/668/2138 2747/669/2134 
f 2750/668/2137 2752/667/2139 2753/667/2140 2751/668/2138 
f 2754/667/2141 2755/668/2142 2751/668/2138 2753/667/2140 
f 2755/668/2142 2748/669/2135 2747/669/2134 2751/668/2138 
f 2752/667/2139 2756/666/2143 2757/666/2144 2753/667/2140 
f 2756/666/2143 2758/665/2145 2759/665/2146 2757/666/2144 
f 2760/665/2147 2761/666/2148 2757/666/2144 2759/665/2146 
f 2761/666/2148 2754/667/2141 2753/667/2140 2757/666/2144 
f 2758/665/2145 2762/664/2149 2763/664/2150 2759/665/2146 
f 2762/664/2149 2764/663/2151 2765/663/2152 2763/664/2150 
f 2766/663/2153 2767/664/2154 2763/664/2150 2765/663/2152 
f 2767/664/2154 2760/665/2147 2759/665/2146 2763/664/2150 
f 2764/663/2151 2768/662/2155 2769/662/2156 2765/663/2152 
f 2768/662/2155 2770/661/2157 2771/661/2158 2769/662/2156 
f 2772/661/2159 2773/662/2160 2769/662/2156 2771/661/2158 
f 2773/662/2160 2766/663/2153 2765/663/2152 2769/662/2156 
f 2770/661/2157 2774/660/2161 2775/660/2162 2771/661/2158 
f 2774/660/2161 2776/659/2163 2777/659/2164 2775/660/2162 
f 2778/659/2165 2779/660/2166 2775/660/2162 2777/659/2164 
f 2779/660/2166 2772/661/2159 2771/661/2158 2775/660/2162 
f 2776/659/2163 2780/658/2167 2781/658/2168 2777/659/2164 
f 2780/658/2167 2782/657/2169 2783/660/2170 2781/658/2168 
f 2784/660/2171 2785/658/2172 2781/658/2168 2783/660/2170 
f 2785/658/2172 2778/659/2165 2777/659/2164 2781/658/2168 
f 2782/657/2169 2786/668/2173 2787/668/2174 2783/660/2170 
f 2786/668/2173 2717/694/2104 2720/676/2107 2787/668/2174 
f 2725/676/2112 2788/668/2175 2787/668/2174 2720/676/2107 
f 2788/668/2175 2784/660/2171 2783/660/2170 2787/668/2174 
f 2789/676/2176 2790/653/2177 2791/653/2178 2792/676/2179 
f 2790/653/2177 2793/652/2180 2794/652/2181 2791/653/2178 
f 2795/652/2182 2796/653/2183 2791/653/2178 2794/652/2181 
f 2796/653/2183 2797/676/2184 2792/676/2179 2791/653/2178 
f 2793/652/2180 2798/676/2185 2799/676/2186 2794/652/2181 
f 2798/676/2185 2800/675/2187 2801/675/2188 2799/676/2186 
f 2802/675/2189 2803/676/2190 2799/676/2186 2801/675/2188 
f 2803/676/2190 2795/652/2182 2794/652/2181 2799/676/2186 
f 2800/675/2187 2804/674/2191 2805/674/2192 2801/675/2188 
f 2804/674/2191 2806/673/2193 2807/673/2194 2805/674/2192 
f 2808/673/2195 2809/674/2196 2805/674/2192 2807/673/2194 
f 2809/674/2196 2802/675/2189 2801/675/2188 2805/674/2192 
f 2806/673/2193 2810/672/2197 2811/672/2198 2807/673/2194 
f 2810/672/2197 2812/671/2199 2813/671/2200 2811/672/2198 
f 2814/671/2201 2815/672/2202 2811/672/2198 2813/671/2200 
f 2815/672/2202 2808/673/2195 2807/673/2194 2811/672/2198 
f 2812/671/2199 2816/670/2203 2817/670/2204 2813/671/2200 
f 2816/670/2203 2818/669/2205 2819/669/2206 2817/670/2204 
f 2820/669/2207 2821/670/2208 2817/670/2204 2819/669/2206 
f 2821/670/2208 2814/671/2201 2813/671/2200 2817/670/2204 
f 2818/669/2205 2822/668/2209 2823/668/2210 2819/669/2206 
f 2822/668/2209 2824/667/2211 2825/667/2212 2823/668/2210 
f 2826/667/2213 2827/668/2214 2823/668/2210 2825/667/2212 
f 2827/668/2214 2820/669/2207 2819/669/2206 2823/668/2210 
f 2824/667/2211 2828/666/2215 2829/666/2216 2825/667/2212 
f 2828/666/2215 2830/665/2217 2831/665/2218 2829/666/2216 
f 2832/665/2219 2833/666/2220 2829/666/2216 2831/665/2218 
f 2833/666/2220 2826/667/2213 2825/667/2212 2829/666/2216 
f 2830/665/2217 2834/664/2221 2835/664/2222 2831/665/2218 
f 2834/664/2221 2836/663/2223 2837/663/2224 2835/664/2222 
f 2838/663/2225 2839/664/2226 2835/664/2222 2837/663/2224 
f 2839/664/2226 2832/665/2219 2831/665/2218 2835/664/2222 
f 2836/663/2223 2840/662/2227 2841/662/2228 2837/663/2224 
f 2840/662/2227 2842/661/2229 2843/661/2230 2841/662/2228 
f 2844/661/2231 2845/662/2232 2841/662/2228 2843/661/2230 
f 2845/662/2232 2838/663/2225 2837/663/2224 2841/662/2228 
f 2842/661/2229 2846/660/2233 2847/660/2234 2843/661/2230 
f 2846/660/2233 2848/659/2235 2849/659/2236 2847/660/2234 
f 2850/659/2237 2851/660/2238 2847/660/2234 2849/659/2236 
f 2851/660/2238 2844/661/2231 2843/661/2230 2847/660/2234 
f 2848/659/2235 2852/658/2239 2853/658/2240 2849/659/2236 
f 2852/658/2239 2854/660/2241 2855/660/2242 2853/658/2240 
f 2856/660/2243 2857/658/2244 2853/658/2240 2855/660/2242 
f 2857/658/2244 2850/659/2237 2849/659/2236 2853/658/2240 
f 2854/660/2241 2858/668/2245 2859/668/2246 2855/660/2242 
f 2858/668/2245 2789/676/2176 2792/676/2179 2859/668/2246 
f 2797/676/2184 2860/668/2247 2859/668/2246 2792/676/2179 
f 2860/668/2247 2856/660/2243 2855/660/2242 2859/668/2246 
f 2795/652/2182 2861/652/2248 2862/653/2249 2796/653/2183 
f 2861/652/2248 2863/652/2250 2864/653/2251 2862/653/2249 
f 2865/676/2252 2866/676/2253 2862/653/2249 2864/653/2251 
f 2866/676/2253 2797/676/2184 2796/653/2183 2862/653/2249 
f 2802/675/2189 2867/675/2254 2868/676/2255 2803/676/2190 
f 2867/675/2254 2869/675/2256 2870/676/2257 2868/676/2255 
f 2863/652/2250 2861/652/2248 2868/676/2255 2870/676/2257 
f 2861/652/2248 2795/652/2182 2803/676/2190 2868/676/2255 
f 2808/673/2195 2871/673/2258 2872/674/2259 2809/674/2196 
f 2871/673/2258 2873/673/2260 2874/674/2261 2872/674/2259 
f 2869/675/2256 2867/675/2254 2872/674/2259 2874/674/2261 
f 2867/675/2254 2802/675/2189 2809/674/2196 2872/674/2259 
f 2814/671/2201 2875/671/2262 2876/672/2263 2815/672/2202 
f 2875/671/2262 2877/671/2264 2878/672/2265 2876/672/2263 
f 2873/673/2260 2871/673/2258 2876/672/2263 2878/672/2265 
f 2871/673/2258 2808/673/2195 2815/672/2202 2876/672/2263 
f 2820/669/2207 2879/669/2266 2880/670/2267 2821/670/2208 
f 2879/669/2266 2881/669/2268 2882/670/2269 2880/670/2267 
f 2877/671/2264 2875/671/2262 2880/670/2267 2882/670/2269 
f 2875/671/2262 2814/671/2201 2821/670/2208 2880/670/2267 
f 2826/667/2213 2883/667/2270 2884/668/2271 2827/668/2214 
f 2883/667/2270 2885/667/2272 2886/668/2273 2884/668/2271 
f 2881/669/2268 2879/669/2266 2884/668/2271 2886/668/2273 
f 2879/669/2266 2820/669/2207 2827/668/2214 2884/668/2271 
f 2832/665/2219 2887/665/2274 2888/666/2275 2833/666/2220 
f 2887/665/2274 2889/665/2276 2890/666/2277 2888/666/2275 
f 2885/667/2272 2883/667/2270 2888/666/2275 2890/666/2277 
f 2883/667/2270 2826/667/2213 2833/666/2220 2888/666/2275 
f 2838/663/2225 2891/663/2278 2892/664/2279 2839/664/2226 
f 2891/663/2278 2893/663/2280 2894/664/2281 2892/664/2279 
f 2889/665/2276 2887/665/2274 2892/664/2279 2894/664/2281 
f 2887/665/2274 2832/665/2219 2839/664/2226 2892/664/2279 
f 2844/661/2231 2895/661/2282 2896/662/2283 2845/662/2232 
f 2895/661/2282 2897/661/2284 2898/662/2285 2896/662/2283 
f 2893/663/2280 2891/663/2278 2896/662/2283 2898/662/2285 
f 2891/663/2278 2838/663/2225 2845/662/2232 2896/662/2283 
f 2850/659/2237 2899/659/2286 2900/660/2287 2851/660/2238 
f 2899/659/2286 2901/659/2288 2902/660/2289 2900/660/2287 
f 2897/661/2284 2895/661/2282 2900/660/2287 2902/660/2289 
f 2895/661/2282 2844/661/2231 2851/660/2238 2900/660/2287 
f 2856/660/2243 2903/660/2290 2904/658/2291 2857/658/2244 
f 2903/660/2290 2905/660/2292 2906/658/2293 2904/658/2291 
f 2901/659/2288 2899/659/2286 2904/658/2291 2906/658/2293 
f 2899/659/2286 2850/659/2237 2857/658/2244 2904/658/2291 
f 2797/676/2184 2866/676/2253 2907/668/2294 2860/668/2247 
f 2866/676/2253 2865/676/2252 2908/668/2295 2907/668/2294 
f 2905/660/2292 2903/660/2290 2907/668/2294 2908/668/2295 
f 2903/660/2290 2856/660/2243 2860/668/2247 2907/668/2294 
f 2865/676/2252 2864/653/2251 2909/653/2296 2910/676/2297 
f 2864/653/2251 2863/652/2250 2911/652/2298 2909/653/2296 
f 2912/652/2299 2913/653/2300 2909/653/2296 2911/652/2298 
f 2913/653/2300 2914/676/2301 2910/676/2297 2909/653/2296 
f 2863/652/2250 2870/676/2257 2915/676/2302 2911/652/2298 
f 2870/676/2257 2869/675/2256 2916/675/2303 2915/676/2302 
f 2917/675/2304 2918/676/2305 2915/676/2302 2916/675/2303 
f 2918/676/2305 2912/652/2299 2911/652/2298 2915/676/2302 
f 2869/675/2256 2874/674/2261 2919/674/2306 2916/675/2303 
f 2874/674/2261 2873/673/2260 2920/673/2307 2919/674/2306 
f 2921/673/2308 2922/674/2309 2919/674/2306 2920/673/2307 
f 2922/674/2309 2917/675/2304 2916/675/2303 2919/674/2306 
f 2873/673/2260 2878/672/2265 2923/672/2310 2920/673/2307 
f 2878/672/2265 2877/671/2264 2924/671/2311 2923/672/2310 
f 2925/671/2312 2926/672/2313 2923/672/2310 2924/671/2311 
f 2926/672/2313 2921/673/2308 2920/673/2307 2923/672/2310 
f 2877/671/2264 2882/670/2269 2927/670/2314 2924/671/2311 
f 2882/670/2269 2881/669/2268 2928/669/2315 2927/670/2314 
f 2929/669/2316 2930/670/2317 2927/670/2314 2928/669/2315 
f 2930/670/2317 2925/671/2312 2924/671/2311 2927/670/2314 
f 2881/669/2268 2886/668/2273 2931/668/2318 2928/669/2315 
f 2886/668/2273 2885/667/2272 2932/667/2319 2931/668/2318 
f 2933/667/2320 2934/668/2321 2931/668/2318 2932/667/2319 
f 2934/668/2321 2929/669/2316 2928/669/2315 2931/668/2318 
f 2885/667/2272 2890/666/2277 2935/666/2322 2932/667/2319 
f 2890/666/2277 2889/665/2276 2936/665/2323 2935/666/2322 
f 2937/665/2324 2938/666/2325 2935/666/2322 2936/665/2323 
f 2938/666/2325 2933/667/2320 2932/667/2319 2935/666/2322 
f 2889/665/2276 2894/664/2281 2939/664/2326 2936/665/2323 
f 2894/664/2281 2893/663/2280 2940/663/2327 2939/664/2326 
f 2941/663/2328 2942/664/2329 2939/664/2326 2940/663/2327 
f 2942/664/2329 2937/665/2324 2936/665/2323 2939/664/2326 
f 2893/663/2280 2898/662/2285 2943/662/2330 2940/663/2327 
f 2898/662/2285 2897/661/2284 2944/661/2331 2943/662/2330 
f 2945/661/2332 2946/662/2333 2943/662/2330 2944/661/2331 
f 2946/662/2333 2941/663/2328 2940/663/2327 2943/662/2330 
f 2897/661/2284 2902/660/2289 2947/660/2334 2944/661/2331 
f 2902/660/2289 2901/659/2288 2948/659/2335 2947/660/2334 
f 2949/659/2336 2950/660/2337 2947/660/2334 2948/659/2335 
f 2950/660/2337 2945/661/2332 2944/661/2331 2947/660/2334 
f 2901/659/2288 2906/658/2293 2951/658/2338 2948/659/2335 
f 2906/658/2293 2905/660/2292 2952/660/2339 2951/658/2338 
f 2953/660/2340 2954/658/2341 2951/658/2338 2952/660/2339 
f 2954/658/2341 2949/659/2336 2948/659/2335 2951/658/2338 
f 2905/660/2292 2908/668/2295 2955/668/2342 2952/660/2339 
f 2908/668/2295 2865/676/2252 2910/676/2297 2955/668/2342 
f 2914/676/2301 2956/668/2343 2955/668/2342 2910/676/2297 
f 2956/668/2343 2953/660/2340 2952/660/2339 2955/668/2342 
f 2914/676/2301 2913/653/2300 2957/653/2344 2958/676/2345 
f 2913/653/2300 2912/652/2299 2959/652/2346 2957/653/2344 
f 2595/676/2052 2598/677/2054 2957/653/2344 2959/652/2346 
f 2598/677/2054 2619/692/2075 2958/676/2345 2957/653/2344 
f 2912/652/2299 2918/676/2305 2960/676/2347 2959/652/2346 
f 2918/676/2305 2917/675/2304 2961/675/2348 2960/676/2347 
f 2599/678/2055 2596/674/2053 2960/676/2347 2961/675/2348 
f 2596/674/2053 2595/676/2052 2959/652/2346 2960/676/2347 
f 2917/675/2304 2922/674/2309 2962/674/2349 2961/675/2348 
f 2922/674/2309 2921/673/2308 2963/673/2350 2962/674/2349 
f 2601/680/2057 2600/679/2056 2962/674/2349 2963/673/2350 
f 2600/679/2056 2599/678/2055 2961/675/2348 2962/674/2349 
f 2921/673/2308 2926/672/2313 2964/672/2351 2963/673/2350 
f 2926/672/2313 2925/671/2312 2965/671/2352 2964/672/2351 
f 2603/681/2059 2602/671/2058 2964/672/2351 2965/671/2352 
f 2602/671/2058 2601/680/2057 2963/673/2350 2964/672/2351 
f 2925/671/2312 2930/670/2317 2966/670/2353 2965/671/2352 
f 2930/670/2317 2929/669/2316 2967/669/2354 2966/670/2353 
f 2605/683/2061 2604/682/2060 2966/670/2353 2967/669/2354 
f 2604/682/2060 2603/681/2059 2965/671/2352 2966/670/2353 
f 2929/669/2316 2934/668/2321 2968/668/2355 2967/669/2354 
f 2934/668/2321 2933/667/2320 2969/667/2356 2968/668/2355 
f 2607/684/2063 2606/668/2062 2968/668/2355 2969/667/2356 
f 2606/668/2062 2605/683/2061 2967/669/2354 2968/668/2355 
f 2933/667/2320 2938/666/2325 2970/666/2357 2969/667/2356 
f 2938/666/2325 2937/665/2324 2971/665/2358 2970/666/2357 
f 2609/686/2065 2608/685/2064 2970/666/2357 2971/665/2358 
f 2608/685/2064 2607/684/2063 2969/667/2356 2970/666/2357 
f 2937/665/2324 2942/664/2329 2972/664/2359 2971/665/2358 
f 2942/664/2329 2941/663/2328 2973/663/2360 2972/664/2359 
f 2611/687/2067 2610/665/2066 2972/664/2359 2973/663/2360 
f 2610/665/2066 2609/686/2065 2971/665/2358 2972/664/2359 
f 2941/663/2328 2946/662/2333 2974/662/2361 2973/663/2360 
f 2946/662/2333 2945/661/2332 2975/661/2362 2974/662/2361 
f 2613/689/2069 2612/688/2068 2974/662/2361 2975/661/2362 
f 2612/688/2068 2611/687/2067 2973/663/2360 2974/662/2361 
f 2945/661/2332 2950/660/2337 2976/660/2363 2975/661/2362 
f 2950/660/2337 2949/659/2336 2977/659/2364 2976/660/2363 
f 2615/660/2071 2614/662/2070 2976/660/2363 2977/659/2364 
f 2614/662/2070 2613/689/2069 2975/661/2362 2976/660/2363 
f 2949/659/2336 2954/658/2341 2978/658/2365 2977/659/2364 
f 2954/658/2341 2953/660/2340 2979/660/2366 2978/658/2365 
f 2617/691/2073 2616/690/2072 2978/658/2365 2979/660/2366 
f 2616/690/2072 2615/660/2071 2977/659/2364 2978/658/2365 
f 2953/660/2340 2956/668/2343 2980/668/2367 2979/660/2366 
f 2956/668/2343 2914/676/2301 2958/676/2345 2980/668/2367 
f 2619/692/2075 2618/668/2074 2980/668/2367 2958/676/2345 
f 2618/668/2074 2617/691/2073 2979/660/2366 2980/668/2367 
f 2981/652/2110 2982/652/2368 2983/653/2369 2984/653/2111 
f 2982/652/2368 2793/652/2180 2790/653/2177 2983/653/2369 
f 2789/676/2176 2985/676/2370 2983/653/2369 2790/653/2177 
f 2985/676/2370 2986/676/2112 2984/653/2111 2983/653/2369 
f 2987/675/2117 2988/675/2371 2989/676/2372 2990/676/2118 
f 2988/675/2371 2800/675/2187 2798/676/2185 2989/676/2372 
f 2793/652/2180 2982/652/2368 2989/676/2372 2798/676/2185 
f 2982/652/2368 2981/652/2110 2990/676/2118 2989/676/2372 
f 2991/673/2123 2992/673/2373 2993/674/2374 2994/674/2124 
f 2992/673/2373 2806/673/2193 2804/674/2191 2993/674/2374 
f 2800/675/2187 2988/675/2371 2993/674/2374 2804/674/2191 
f 2988/675/2371 2987/675/2117 2994/674/2124 2993/674/2374 
f 2995/671/2129 2996/671/2375 2997/672/2376 2998/672/2130 
f 2996/671/2375 2812/671/2199 2810/672/2197 2997/672/2376 
f 2806/673/2193 2992/673/2373 2997/672/2376 2810/672/2197 
f 2992/673/2373 2991/673/2123 2998/672/2130 2997/672/2376 
f 2999/669/2135 3000/669/2377 3001/670/2378 3002/670/2136 
f 3000/669/2377 2818/669/2205 2816/670/2203 3001/670/2378 
f 2812/671/2199 2996/671/2375 3001/670/2378 2816/670/2203 
f 2996/671/2375 2995/671/2129 3002/670/2136 3001/670/2378 
f 3003/667/2141 3004/667/2379 3005/668/2380 3006/668/2142 
f 3004/667/2379 2824/667/2211 2822/668/2209 3005/668/2380 
f 2818/669/2205 3000/669/2377 3005/668/2380 2822/668/2209 
f 3000/669/2377 2999/669/2135 3006/668/2142 3005/668/2380 
f 3007/665/2381 3008/665/2382 3009/666/2383 3010/666/2148 
f 3008/665/2382 2830/665/2217 2828/666/2215 3009/666/2383 
f 2824/667/2211 3004/667/2379 3009/666/2383 2828/666/2215 
f 3004/667/2379 3003/667/2141 3010/666/2148 3009/666/2383 
f 3011/663/2153 3012/663/2384 3013/664/2385 3014/664/2154 
f 3012/663/2384 2836/663/2223 2834/664/2221 3013/664/2385 
f 2830/665/2217 3008/665/2382 3013/664/2385 2834/664/2221 
f 3008/665/2382 3007/665/2381 3014/664/2154 3013/664/2385 
f 3015/661/2159 3016/661/2386 3017/662/2387 3018/662/2160 
f 3016/661/2386 2842/661/2229 2840/662/2227 3017/662/2387 
f 2836/663/2223 3012/663/2384 3017/662/2387 2840/662/2227 
f 3012/663/2384 3011/663/2153 3018/662/2160 3017/662/2387 
f 3019/659/2165 3020/659/2388 3021/660/2389 3022/660/2166 
f 3020/659/2388 2848/659/2235 2846/660/2233 3021/660/2389 
f 2842/661/2229 3016/661/2386 3021/660/2389 2846/660/2233 
f 3016/661/2386 3015/661/2159 3022/660/2166 3021/660/2389 
f 3023/660/2171 3024/660/2390 3025/658/2391 3026/658/2172 
f 3024/660/2390 2854/660/2241 2852/658/2239 3025/658/2391 
f 2848/659/2235 3020/659/2388 3025/658/2391 2852/658/2239 
f 3020/659/2388 3019/659/2165 3026/658/2172 3025/658/2391 
f 2986/676/2112 2985/676/2370 3027/668/2392 3028/668/2175 
f 2985/676/2370 2789/676/2176 2858/668/2245 3027/668/2392 
f 2854/660/2241 3024/660/2390 3027/668/2392 2858/668/2245 
f 3024/660/2390 3023/660/2171 3028/668/2175 3027/668/2392 
f 2723/652/2110 3029/652/2110 3030/653/2111 2724/653/2111 
f 3029/652/2110 2981/652/2110 2984/653/2111 3030/653/2111 
f 2986/676/2112 3031/676/2112 3030/653/2111 2984/653/2111 
f 3031/676/2112 2725/676/2112 2724/653/2111 3030/653/2111 
f 2730/675/2117 3032/675/2117 3033/676/2118 2731/676/2118 
f 3032/675/2117 2987/675/2117 2990/676/2118 3033/676/2118 
f 2981/652/2110 3029/652/2110 3033/676/2118 2990/676/2118 
f 3029/652/2110 2723/652/2110 2731/676/2118 3033/676/2118 
f 2736/673/2123 3034/673/2123 3035/674/2124 2737/674/2124 
f 3034/673/2123 2991/673/2123 2994/674/2124 3035/674/2124 
f 2987/675/2117 3032/675/2117 3035/674/2124 2994/674/2124 
f 3032/675/2117 2730/675/2117 2737/674/2124 3035/674/2124 
f 2742/671/2129 3036/671/2129 3037/672/2130 2743/672/2130 
f 3036/671/2129 2995/671/2129 2998/672/2130 3037/672/2130 
f 2991/673/2123 3034/673/2123 3037/672/2130 2998/672/2130 
f 3034/673/2123 2736/673/2123 2743/672/2130 3037/672/2130 
f 2748/669/2135 3038/669/2135 3039/670/2136 2749/670/2136 
f 3038/669/2135 2999/669/2135 3002/670/2136 3039/670/2136 
f 2995/671/2129 3036/671/2129 3039/670/2136 3002/670/2136 
f 3036/671/2129 2742/671/2129 2749/670/2136 3039/670/2136 
f 2754/667/2141 3040/667/2141 3041/668/2142 2755/668/2142 
f 3040/667/2141 3003/667/2141 3006/668/2142 3041/668/2142 
f 2999/669/2135 3038/669/2135 3041/668/2142 3006/668/2142 
f 3038/669/2135 2748/669/2135 2755/668/2142 3041/668/2142 
f 2760/665/2147 3042/665/2147 3043/666/2148 2761/666/2148 
f 3042/665/2147 3007/665/2381 3010/666/2148 3043/666/2148 
f 3003/667/2141 3040/667/2141 3043/666/2148 3010/666/2148 
f 3040/667/2141 2754/667/2141 2761/666/2148 3043/666/2148 
f 2766/663/2153 3044/663/2153 3045/664/2154 2767/664/2154 
f 3044/663/2153 3011/663/2153 3014/664/2154 3045/664/2154 
f 3007/665/2381 3042/665/2147 3045/664/2154 3014/664/2154 
f 3042/665/2147 2760/665/2147 2767/664/2154 3045/664/2154 
f 2772/661/2159 3046/661/2159 3047/662/2160 2773/662/2160 
f 3046/661/2159 3015/661/2159 3018/662/2160 3047/662/2160 
f 3011/663/2153 3044/663/2153 3047/662/2160 3018/662/2160 
f 3044/663/2153 2766/663/2153 2773/662/2160 3047/662/2160 
f 2778/659/2165 3048/659/2165 3049/660/2166 2779/660/2166 
f 3048/659/2165 3019/659/2165 3022/660/2166 3049/660/2166 
f 3015/661/2159 3046/661/2159 3049/660/2166 3022/660/2166 
f 3046/661/2159 2772/661/2159 2779/660/2166 3049/660/2166 
f 2784/660/2171 3050/660/2171 3051/658/2172 2785/658/2172 
f 3050/660/2171 3023/660/2171 3026/658/2172 3051/658/2172 
f 3019/659/2165 3048/659/2165 3051/658/2172 3026/658/2172 
f 3048/659/2165 2778/659/2165 2785/658/2172 3051/658/2172 
f 2725/676/2112 3031/676/2112 3052/668/2175 2788/668/2175 
f 3031/676/2112 2986/676/2112 3028/668/2175 3052/668/2175 
f 3023/660/2171 3050/660/2171 3052/668/2175 3028/668/2175 
f 3050/660/2171 2784/660/2171 2788/668/2175 3052/668/2175 
f 2550/652/2028 3053/652/2393 3054/653/2394 2551/653/2050 
f 3053/652/2393 2721/652/2108 2718/653/2105 3054/653/2394 
f 2717/694/2104 3055/654/2395 3054/653/2394 2718/653/2105 
f 3055/654/2395 2552/654/2028 2551/653/2050 3054/653/2394 
f 2552/654/2028 3055/654/2395 3056/655/2396 2555/655/2028 
f 3055/654/2395 2717/694/2104 2786/655/2173 3056/655/2396 
f 2782/656/2169 3057/656/2397 3056/655/2396 2786/655/2173 
f 3057/656/2397 2556/656/2050 2555/655/2028 3056/655/2396 
f 2556/657/2050 3057/657/2397 3058/658/2398 2559/658/2051 
f 3057/657/2397 2782/657/2169 2780/658/2167 3058/658/2398 
f 2776/659/2163 3059/659/2399 3058/658/2398 2780/658/2167 
f 3059/659/2399 2560/659/2051 2559/658/2051 3058/658/2398 
f 2560/659/2051 3059/659/2399 3060/660/2400 2563/660/2050 
f 3059/659/2399 2776/659/2163 2774/660/2161 3060/660/2400 
f 2770/661/2157 3061/661/2401 3060/660/2400 2774/660/2161 
f 3061/661/2401 2564/661/2051 2563/660/2050 3060/660/2400 
f 2564/661/2051 3061/661/2401 3062/662/2402 2567/662/2027 
f 3061/661/2401 2770/661/2157 2768/662/2155 3062/662/2402 
f 2764/663/2151 3063/663/2403 3062/662/2402 2768/662/2155 
f 3063/663/2403 2568/663/2027 2567/662/2027 3062/662/2402 
f 2568/663/2027 3063/663/2403 3064/664/2404 2571/664/2051 
f 3063/663/2403 2764/663/2151 2762/664/2149 3064/664/2404 
f 2758/665/2145 3065/665/2405 3064/664/2404 2762/664/2149 
f 3065/665/2405 2572/665/2051 2571/664/2051 3064/664/2404 
f 2572/665/2051 3065/665/2405 3066/666/2406 2575/666/2027 
f 3065/665/2405 2758/665/2145 2756/666/2143 3066/666/2406 
f 2752/667/2139 3067/667/2407 3066/666/2406 2756/666/2143 
f 3067/667/2407 2576/667/2027 2575/666/2027 3066/666/2406 
f 2576/667/2027 3067/667/2407 3068/668/2408 2579/668/2027 
f 3067/667/2407 2752/667/2139 2750/668/2137 3068/668/2408 
f 2746/669/2133 3069/669/2409 3068/668/2408 2750/668/2137 
f 3069/669/2409 2580/669/2027 2579/668/2027 3068/668/2408 
f 2580/669/2027 3069/669/2409 3070/670/2410 2583/670/2027 
f 3069/669/2409 2746/669/2133 2744/670/2131 3070/670/2410 
f 2740/671/2127 3071/671/2411 3070/670/2410 2744/670/2131 
f 3071/671/2411 2584/671/2027 2583/670/2027 3070/670/2410 
f 2584/671/2027 3071/671/2411 3072/672/2412 2587/672/2028 
f 3071/671/2411 2740/671/2127 2738/672/2125 3072/672/2412 
f 2734/673/2121 3073/673/2413 3072/672/2412 2738/672/2125 
f 3073/673/2413 2588/673/2028 2587/672/2028 3072/672/2412 
f 2588/673/2028 3073/673/2413 3074/674/2414 2591/674/2028 
f 3073/673/2413 2734/673/2121 2732/674/2119 3074/674/2414 
f 2728/675/2115 3075/675/2415 3074/674/2414 2732/674/2119 
f 3075/675/2415 2592/675/2028 2591/674/2028 3074/674/2414 
f 2592/675/2028 3075/675/2415 3076/676/2416 2594/676/2028 
f 3075/675/2415 2728/675/2115 2726/676/2113 3076/676/2416 
f 2721/652/2108 3053/652/2393 3076/676/2416 2726/676/2113 
f 3053/652/2393 2550/652/2028 2594/676/2028 3076/676/2416 
# 744 polygons

#
# object Liquid001
#

v  3.3950 9.7250 -0.0000
v  3.5444 9.1645 -0.0000
v  3.4216 9.1645 -0.9168
v  3.2773 9.7250 -0.8782
v  3.7209 8.1844 -0.0000
v  3.5920 8.1844 -0.9625
v  3.2224 8.1844 -1.8605
v  3.0696 9.1645 -1.7722
v  2.9401 9.7250 -1.6975
v  2.5048 9.1645 -2.5048
v  2.3992 9.7250 -2.3992
v  2.6295 8.1844 -2.6295
v  1.8604 8.1844 -3.2224
v  1.7722 9.1645 -3.0696
v  1.6975 9.7250 -2.9401
v  0.9168 9.1645 -3.4216
v  0.8782 9.7250 -3.2773
v  0.9625 8.1844 -3.5920
v  -0.0000 8.1844 -3.7209
v  -0.0000 9.1645 -3.5444
v  -0.0000 9.7250 -3.3950
v  -0.9168 9.1645 -3.4216
v  -0.8782 9.7250 -3.2773
v  -0.9625 8.1844 -3.5920
v  -1.8605 8.1844 -3.2224
v  -1.7722 9.1645 -3.0696
v  -1.6975 9.7250 -2.9401
v  -2.5048 9.1645 -2.5048
v  -2.3992 9.7250 -2.3992
v  -2.6295 8.1844 -2.6295
v  -3.2224 8.1844 -1.8605
v  -3.0696 9.1645 -1.7722
v  -2.9401 9.7250 -1.6975
v  -3.4216 9.1645 -0.9168
v  -3.2773 9.7250 -0.8782
v  -3.5920 8.1844 -0.9625
v  -3.7209 8.1844 -0.0000
v  -3.5444 9.1645 -0.0000
v  -3.3950 9.7250 -0.0000
v  -3.4216 9.1645 0.9168
v  -3.2773 9.7250 0.8782
v  -3.5920 8.1844 0.9625
v  -3.2224 8.1844 1.8604
v  -3.0696 9.1645 1.7722
v  -2.9401 9.7250 1.6975
v  -2.5048 9.1645 2.5048
v  -2.3992 9.7250 2.3992
v  -2.6295 8.1844 2.6295
v  -1.8605 8.1844 3.2224
v  -1.7722 9.1645 3.0696
v  -1.6975 9.7250 2.9401
v  -0.9168 9.1645 3.4216
v  -0.8782 9.7249 3.2773
v  -0.9625 8.1844 3.5920
v  -0.0000 8.1844 3.7209
v  -0.0000 9.1645 3.5444
v  -0.0000 9.7249 3.3950
v  0.9168 9.1645 3.4216
v  0.8782 9.7249 3.2773
v  0.9625 8.1844 3.5920
v  1.8604 8.1844 3.2224
v  1.7722 9.1645 3.0696
v  1.6975 9.7250 2.9401
v  2.5048 9.1645 2.5048
v  2.3992 9.7250 2.3992
v  2.6295 8.1844 2.6295
v  3.2224 8.1844 1.8605
v  3.0696 9.1645 1.7722
v  2.9401 9.7250 1.6975
v  3.4216 9.1645 0.9168
v  3.2773 9.7250 0.8782
v  3.5920 8.1844 0.9625
v  3.9232 6.7389 -0.0000
v  3.7873 6.7389 -1.0148
v  4.1147 5.0608 -0.0000
v  3.9721 5.0608 -1.0643
v  3.5634 5.0608 -2.0573
v  3.3976 6.7389 -1.9616
v  2.7725 6.7389 -2.7725
v  2.9078 5.0609 -2.9078
v  2.0573 5.0609 -3.5634
v  1.9616 6.7389 -3.3976
v  1.0148 6.7389 -3.7873
v  1.0643 5.0609 -3.9721
v  -0.0000 5.0609 -4.1147
v  -0.0000 6.7389 -3.9232
v  -1.0148 6.7389 -3.7873
v  -1.0643 5.0609 -3.9721
v  -2.0573 5.0609 -3.5634
v  -1.9616 6.7389 -3.3976
v  -2.7725 6.7389 -2.7725
v  -2.9078 5.0609 -2.9078
v  -3.5634 5.0608 -2.0573
v  -3.3976 6.7389 -1.9616
v  -3.7873 6.7389 -1.0148
v  -3.9721 5.0608 -1.0643
v  -4.1147 5.0608 -0.0000
v  -3.9232 6.7389 -0.0000
v  -3.7873 6.7389 1.0148
v  -3.9721 5.0608 1.0643
v  -3.5634 5.0608 2.0573
v  -3.3976 6.7389 1.9616
v  -2.7725 6.7389 2.7725
v  -2.9078 5.0608 2.9078
v  -2.0573 5.0608 3.5634
v  -1.9616 6.7389 3.3976
v  -1.0148 6.7389 3.7873
v  -1.0643 5.0608 3.9721
v  -0.0000 5.0608 4.1147
v  -0.0000 6.7389 3.9232
v  1.0148 6.7389 3.7873
v  1.0643 5.0608 3.9721
v  2.0573 5.0608 3.5634
v  1.9616 6.7389 3.3976
v  2.7725 6.7389 2.7725
v  2.9078 5.0608 2.9078
v  3.5634 5.0608 2.0573
v  3.3976 6.7389 1.9616
v  3.7873 6.7389 1.0148
v  3.9721 5.0608 1.0643
v  4.2586 3.3830 -0.0000
v  4.1110 3.3830 -1.1015
v  4.3048 2.0509 -0.0000
v  4.1557 2.0509 -1.1135
v  3.7281 2.0509 -2.1524
v  3.6880 3.3830 -2.1293
v  3.0095 3.3830 -3.0095
v  3.0422 2.0509 -3.0422
v  2.1524 2.0509 -3.7281
v  2.1293 3.3830 -3.6880
v  1.1015 3.3830 -4.1110
v  1.1135 2.0509 -4.1557
v  -0.0000 2.0509 -4.3048
v  -0.0000 3.3830 -4.2586
v  -1.1015 3.3830 -4.1110
v  -1.1135 2.0509 -4.1557
v  -2.1524 2.0509 -3.7281
v  -2.1293 3.3830 -3.6880
v  -3.0095 3.3830 -3.0095
v  -3.0422 2.0509 -3.0422
v  -3.7281 2.0509 -2.1524
v  -3.6880 3.3830 -2.1293
v  -4.1110 3.3830 -1.1015
v  -4.1557 2.0509 -1.1135
v  -4.3048 2.0509 -0.0000
v  -4.2586 3.3830 -0.0000
v  -4.1110 3.3830 1.1015
v  -4.1557 2.0509 1.1135
v  -3.7281 2.0509 2.1524
v  -3.6880 3.3830 2.1293
v  -3.0095 3.3830 3.0095
v  -3.0422 2.0509 3.0421
v  -2.1524 2.0509 3.7281
v  -2.1293 3.3830 3.6880
v  -1.1015 3.3830 4.1110
v  -1.1135 2.0509 4.1557
v  -0.0000 2.0509 4.3048
v  -0.0000 3.3830 4.2586
v  1.1015 3.3830 4.1110
v  1.1135 2.0509 4.1557
v  2.1524 2.0509 3.7281
v  2.1293 3.3830 3.6880
v  3.0095 3.3830 3.0095
v  3.0422 2.0509 3.0422
v  3.7281 2.0509 2.1524
v  3.6880 3.3830 2.1293
v  4.1110 3.3830 1.1015
v  4.1557 2.0509 1.1135
v  4.2033 1.4101 -0.0000
v  4.0577 1.4101 -1.0873
v  4.0531 1.1760 -0.0000
v  3.9126 1.1760 -1.0484
v  3.5101 1.1760 -2.0265
v  3.6402 1.4101 -2.1017
v  2.9704 1.4101 -2.9704
v  2.8642 1.1760 -2.8642
v  2.0265 1.1761 -3.5101
v  2.1017 1.4101 -3.6402
v  1.0873 1.4101 -4.0577
v  1.0484 1.1761 -3.9126
v  -0.0000 1.1761 -4.0531
v  -0.0000 1.4101 -4.2033
v  -1.0873 1.4101 -4.0577
v  -1.0484 1.1761 -3.9126
v  -2.0265 1.1761 -3.5101
v  -2.1017 1.4101 -3.6402
v  -2.9704 1.4101 -2.9704
v  -2.8642 1.1760 -2.8642
v  -3.5100 1.1760 -2.0265
v  -3.6402 1.4101 -2.1017
v  -4.0577 1.4101 -1.0873
v  -3.9126 1.1760 -1.0484
v  -4.0531 1.1760 -0.0000
v  -4.2033 1.4101 -0.0000
v  -4.0577 1.4101 1.0872
v  -3.9126 1.1760 1.0484
v  -3.5100 1.1760 2.0265
v  -3.6402 1.4101 2.1017
v  -2.9704 1.4101 2.9704
v  -2.8642 1.1760 2.8642
v  -2.0265 1.1760 3.5100
v  -2.1017 1.4101 3.6402
v  -1.0873 1.4100 4.0577
v  -1.0484 1.1760 3.9126
v  -0.0000 1.1760 4.0531
v  -0.0000 1.4100 4.2033
v  1.0872 1.4100 4.0577
v  1.0484 1.1760 3.9126
v  2.0265 1.1760 3.5101
v  2.1017 1.4101 3.6402
v  2.9704 1.4101 2.9704
v  2.8642 1.1760 2.8642
v  3.5101 1.1760 2.0265
v  3.6402 1.4101 2.1017
v  4.0577 1.4101 1.0873
v  3.9126 1.1760 1.0484
v  3.9529 1.0646 -0.0000
v  3.8160 1.0646 -1.0225
v  3.8920 1.0269 -0.0000
v  3.7571 1.0269 -1.0067
v  3.3706 1.0269 -1.9460
v  3.4233 1.0646 -1.9765
v  2.7935 1.0646 -2.7935
v  2.7504 1.0269 -2.7504
v  1.9460 1.0269 -3.3706
v  1.9765 1.0646 -3.4233
v  1.0225 1.0646 -3.8160
v  1.0067 1.0269 -3.7571
v  -0.0000 1.0269 -3.8920
v  -0.0000 1.0646 -3.9529
v  -1.0225 1.0646 -3.8160
v  -1.0067 1.0269 -3.7571
v  -1.9460 1.0269 -3.3706
v  -1.9765 1.0646 -3.4233
v  -2.7935 1.0646 -2.7935
v  -2.7504 1.0269 -2.7504
v  -3.3706 1.0269 -1.9460
v  -3.4233 1.0646 -1.9765
v  -3.8159 1.0646 -1.0225
v  -3.7571 1.0269 -1.0067
v  -3.8920 1.0269 -0.0000
v  -3.9529 1.0646 -0.0000
v  -3.8160 1.0646 1.0225
v  -3.7571 1.0269 1.0067
v  -3.3706 1.0269 1.9460
v  -3.4233 1.0646 1.9765
v  -2.7935 1.0646 2.7935
v  -2.7504 1.0269 2.7504
v  -1.9460 1.0269 3.3706
v  -1.9765 1.0646 3.4233
v  -1.0225 1.0646 3.8159
v  -1.0067 1.0269 3.7571
v  -0.0000 1.0269 3.8920
v  -0.0000 1.0645 3.9529
v  1.0225 1.0646 3.8160
v  1.0067 1.0269 3.7571
v  1.9460 1.0269 3.3706
v  1.9765 1.0646 3.4233
v  2.7935 1.0646 2.7935
v  2.7504 1.0269 2.7504
v  3.3706 1.0269 1.9460
v  3.4233 1.0646 1.9765
v  3.8160 1.0646 1.0225
v  3.7571 1.0269 1.0067
v  3.8593 1.0143 -0.0000
v  3.7256 1.0143 -0.9983
v  3.7675 1.0093 -0.0000
v  3.6370 1.0093 -0.9745
v  3.2628 1.0093 -1.8838
v  3.3423 1.0143 -1.9297
v  2.7273 1.0143 -2.7273
v  2.6625 1.0093 -2.6625
v  1.8838 1.0093 -3.2628
v  1.9297 1.0143 -3.3423
v  0.9983 1.0143 -3.7256
v  0.9745 1.0093 -3.6370
v  -0.0000 1.0093 -3.7675
v  -0.0000 1.0143 -3.8593
v  -0.9983 1.0143 -3.7256
v  -0.9745 1.0093 -3.6370
v  -1.8838 1.0093 -3.2628
v  -1.9297 1.0143 -3.3423
v  -2.7273 1.0143 -2.7273
v  -2.6625 1.0093 -2.6625
v  -3.2628 1.0093 -1.8838
v  -3.3423 1.0143 -1.9297
v  -3.7256 1.0143 -0.9983
v  -3.6370 1.0093 -0.9745
v  -3.7675 1.0093 -0.0000
v  -3.8593 1.0143 -0.0000
v  -3.7256 1.0143 0.9983
v  -3.6370 1.0093 0.9745
v  -3.2628 1.0093 1.8838
v  -3.3423 1.0143 1.9297
v  -2.7273 1.0143 2.7273
v  -2.6625 1.0093 2.6625
v  -1.8838 1.0093 3.2628
v  -1.9297 1.0143 3.3423
v  -0.9983 1.0143 3.7256
v  -0.9745 1.0093 3.6370
v  -0.0000 1.0093 3.7675
v  -0.0000 1.0143 3.8593
v  0.9983 1.0143 3.7256
v  0.9745 1.0093 3.6370
v  1.8838 1.0093 3.2628
v  1.9297 1.0143 3.3423
v  2.7273 1.0143 2.7273
v  2.6625 1.0093 2.6625
v  3.2628 1.0093 1.8838
v  3.3423 1.0143 1.9297
v  3.7256 1.0143 0.9983
v  3.6370 1.0093 0.9745
v  3.5294 0.9942 -0.0000
v  3.4071 0.9942 -0.9129
v  3.2736 0.9645 -0.0000
v  3.1602 0.9645 -0.8468
v  2.8350 0.9645 -1.6368
v  3.0565 0.9942 -1.7647
v  2.4942 0.9942 -2.4942
v  2.3134 0.9645 -2.3134
v  1.6368 0.9645 -2.8350
v  1.7647 0.9942 -3.0565
v  0.9129 0.9942 -3.4071
v  0.8468 0.9645 -3.1602
v  -0.0000 0.9645 -3.2736
v  -0.0000 0.9942 -3.5294
v  -0.9129 0.9942 -3.4071
v  -0.8468 0.9645 -3.1602
v  -1.6368 0.9645 -2.8350
v  -1.7647 0.9942 -3.0565
v  -2.4942 0.9942 -2.4942
v  -2.3134 0.9645 -2.3134
v  -2.8350 0.9645 -1.6368
v  -3.0565 0.9942 -1.7647
v  -3.4071 0.9942 -0.9129
v  -3.1602 0.9645 -0.8468
v  -3.2736 0.9645 -0.0000
v  -3.5294 0.9942 -0.0000
v  -3.4071 0.9942 0.9129
v  -3.1602 0.9645 0.8468
v  -2.8350 0.9645 1.6368
v  -3.0565 0.9942 1.7647
v  -2.4942 0.9942 2.4942
v  -2.3134 0.9645 2.3134
v  -1.6368 0.9645 2.8350
v  -1.7647 0.9942 3.0565
v  -0.9129 0.9942 3.4071
v  -0.8468 0.9645 3.1602
v  -0.0000 0.9645 3.2736
v  -0.0000 0.9942 3.5294
v  0.9129 0.9942 3.4071
v  0.8468 0.9645 3.1602
v  1.6368 0.9645 2.8350
v  1.7647 0.9942 3.0565
v  2.4942 0.9942 2.4942
v  2.3134 0.9645 2.3134
v  2.8350 0.9645 1.6368
v  3.0565 0.9942 1.7647
v  3.4071 0.9942 0.9129
v  3.1602 0.9645 0.8468
v  3.1290 0.9157 -0.0000
v  3.0205 0.9157 -0.8094
v  3.0514 0.8719 -0.0000
v  2.9457 0.8719 -0.7893
v  2.6426 0.8719 -1.5257
v  2.7098 0.9157 -1.5645
v  2.2112 0.9157 -2.2112
v  2.1564 0.8719 -2.1564
v  1.5257 0.8719 -2.6426
v  1.5645 0.9157 -2.7098
v  0.8093 0.9157 -3.0205
v  0.7893 0.8719 -2.9457
v  -0.0000 0.8719 -3.0514
v  -0.0000 0.9157 -3.1290
v  -0.8094 0.9157 -3.0205
v  -0.7893 0.8719 -2.9457
v  -1.5257 0.8719 -2.6426
v  -1.5645 0.9157 -2.7098
v  -2.2112 0.9157 -2.2112
v  -2.1564 0.8719 -2.1564
v  -2.6426 0.8719 -1.5257
v  -2.7098 0.9157 -1.5645
v  -3.0205 0.9157 -0.8094
v  -2.9457 0.8719 -0.7893
v  -3.0514 0.8719 -0.0000
v  -3.1290 0.9157 -0.0000
v  -3.0205 0.9157 0.8093
v  -2.9457 0.8719 0.7893
v  -2.6426 0.8719 1.5257
v  -2.7098 0.9157 1.5645
v  -2.2112 0.9157 2.2112
v  -2.1564 0.8719 2.1564
v  -1.5257 0.8719 2.6426
v  -1.5645 0.9157 2.7098
v  -0.8094 0.9157 3.0205
v  -0.7893 0.8719 2.9457
v  -0.0000 0.8719 3.0514
v  -0.0000 0.9157 3.1290
v  0.8093 0.9157 3.0205
v  0.7893 0.8719 2.9457
v  1.5257 0.8719 2.6426
v  1.5645 0.9157 2.7098
v  2.2112 0.9157 2.2112
v  2.1564 0.8719 2.1564
v  2.6426 0.8719 1.5257
v  2.7098 0.9157 1.5645
v  3.0205 0.9157 0.8094
v  2.9457 0.8719 0.7893
v  2.9970 0.8573 -0.0000
v  2.8932 0.8573 -0.7752
v  2.7129 0.8573 -0.0000
v  2.6189 0.8573 -0.7017
v  2.3494 0.8573 -1.3565
v  2.5955 0.8573 -1.4985
v  2.1179 0.8573 -2.1179
v  1.9172 0.8573 -1.9172
v  1.3565 0.8573 -2.3494
v  1.4985 0.8573 -2.5955
v  0.7752 0.8573 -2.8932
v  0.7017 0.8573 -2.6189
v  -0.0000 0.8573 -2.7129
v  -0.0000 0.8573 -2.9970
v  -0.7752 0.8573 -2.8932
v  -0.7017 0.8573 -2.6189
v  -1.3565 0.8573 -2.3494
v  -1.4985 0.8573 -2.5955
v  -2.1179 0.8573 -2.1179
v  -1.9172 0.8573 -1.9172
v  -2.3494 0.8573 -1.3565
v  -2.5955 0.8573 -1.4985
v  -2.8932 0.8573 -0.7752
v  -2.6189 0.8573 -0.7017
v  -2.7129 0.8573 -0.0000
v  -2.9970 0.8573 -0.0000
v  -2.8932 0.8573 0.7752
v  -2.6189 0.8573 0.7017
v  -2.3494 0.8573 1.3565
v  -2.5955 0.8573 1.4985
v  -2.1179 0.8573 2.1179
v  -1.9172 0.8573 1.9172
v  -1.3565 0.8573 2.3494
v  -1.4985 0.8573 2.5955
v  -0.7752 0.8573 2.8932
v  -0.7017 0.8573 2.6189
v  -0.0000 0.8573 2.7129
v  -0.0000 0.8573 2.9970
v  0.7752 0.8573 2.8932
v  0.7017 0.8573 2.6189
v  1.3565 0.8573 2.3494
v  1.4985 0.8573 2.5955
v  2.1179 0.8573 2.1179
v  1.9172 0.8573 1.9172
v  2.3494 0.8573 1.3565
v  2.5955 0.8573 1.4985
v  2.8932 0.8573 0.7752
v  2.6189 0.8573 0.7017
v  1.9463 0.8573 -0.0000
v  1.8789 0.8573 -0.5034
v  1.2677 0.8573 -0.0000
v  0.9227 0.8573 -0.2472
v  1.0978 0.8573 -0.6338
v  1.6856 0.8573 -0.9732
v  1.3754 0.8573 -1.3754
v  0.6755 0.8573 -0.6755
v  0.6338 0.8573 -1.0978
v  0.9732 0.8573 -1.6856
v  0.5034 0.8573 -1.8789
v  0.2472 0.8573 -0.9227
v  -0.0000 0.8573 -1.2677
v  -0.0000 0.8573 -1.9463
v  -0.5034 0.8573 -1.8789
v  -0.2472 0.8573 -0.9227
v  -0.6338 0.8573 -1.0978
v  -0.9732 0.8573 -1.6856
v  -1.3754 0.8573 -1.3754
v  -0.6755 0.8573 -0.6755
v  -1.0978 0.8573 -0.6338
v  -1.6855 0.8573 -0.9732
v  -1.8789 0.8573 -0.5034
v  -0.9227 0.8573 -0.2472
v  -1.2677 0.8573 -0.0000
v  -1.9463 0.8573 -0.0000
v  -1.8789 0.8573 0.5034
v  -0.9227 0.8573 0.2472
v  -1.0978 0.8573 0.6338
v  -1.6856 0.8573 0.9732
v  -1.3754 0.8573 1.3754
v  -0.6755 0.8573 0.6755
v  -0.6338 0.8573 1.0978
v  -0.9732 0.8573 1.6855
v  -0.5034 0.8573 1.8789
v  -0.2472 0.8573 0.9227
v  -0.0000 0.8573 1.2677
v  -0.0000 0.8573 1.9463
v  0.5034 0.8573 1.8789
v  0.2472 0.8573 0.9227
v  0.6338 0.8573 1.0978
v  0.9732 0.8573 1.6855
v  1.3754 0.8573 1.3754
v  0.6755 0.8573 0.6755
v  1.0978 0.8573 0.6338
v  1.6856 0.8573 0.9732
v  1.8789 0.8573 0.5034
v  0.9227 0.8573 0.2472
v  0.0000 0.8573 -0.0000
v  3.1602 9.9118 -0.8468
v  3.2737 9.9118 -0.0000
v  2.8351 9.9118 -1.6368
v  2.5329 9.9118 -1.4624
v  2.8234 9.9118 -0.7565
v  2.9247 9.9118 -0.0000
v  2.3134 9.9118 -2.3134
v  1.6368 9.9118 -2.8351
v  1.4624 9.9118 -2.5329
v  2.0669 9.9118 -2.0669
v  0.8468 9.9118 -3.1602
v  -0.0000 9.9118 -3.2737
v  -0.0000 9.9118 -2.9247
v  0.7565 9.9118 -2.8234
v  -0.8468 9.9118 -3.1602
v  -1.6368 9.9118 -2.8351
v  -1.4624 9.9118 -2.5329
v  -0.7565 9.9118 -2.8234
v  -2.3134 9.9118 -2.3134
v  -2.8351 9.9118 -1.6368
v  -2.5329 9.9118 -1.4624
v  -2.0669 9.9118 -2.0669
v  -3.1602 9.9118 -0.8468
v  -3.2737 9.9118 -0.0000
v  -2.9247 9.9118 -0.0000
v  -2.8234 9.9118 -0.7565
v  -3.1602 9.9118 0.8468
v  -2.8351 9.9118 1.6368
v  -2.5329 9.9118 1.4624
v  -2.8234 9.9118 0.7565
v  -2.3134 9.9118 2.3134
v  -1.6368 9.9118 2.8351
v  -1.4624 9.9118 2.5329
v  -2.0669 9.9118 2.0669
v  -0.8468 9.9118 3.1602
v  -0.0000 9.9118 3.2737
v  -0.0000 9.9118 2.9247
v  -0.7565 9.9118 2.8234
v  0.8468 9.9118 3.1602
v  1.6368 9.9118 2.8351
v  1.4624 9.9118 2.5329
v  0.7565 9.9118 2.8234
v  2.3134 9.9118 2.3134
v  2.8351 9.9118 1.6368
v  2.5329 9.9118 1.4624
v  2.0669 9.9118 2.0669
v  3.1602 9.9118 0.8468
v  2.8234 9.9118 0.7565
v  2.0199 9.9118 -0.5412
v  2.0924 9.9118 -0.0000
v  1.8121 9.9118 -1.0462
v  1.1838 9.9118 -0.6835
v  0.9965 9.9118 -0.2670
v  1.3669 9.9118 -0.0000
v  1.4787 9.9118 -1.4787
v  1.0462 9.9118 -1.8121
v  0.6835 9.9118 -1.1838
v  0.7295 9.9118 -0.7295
v  0.5412 9.9118 -2.0199
v  -0.0000 9.9118 -2.0924
v  -0.0000 9.9118 -1.3669
v  0.2670 9.9118 -0.9965
v  -0.5412 9.9118 -2.0199
v  -1.0462 9.9118 -1.8121
v  -0.6835 9.9118 -1.1838
v  -0.2670 9.9118 -0.9965
v  -1.4787 9.9118 -1.4787
v  -1.8121 9.9118 -1.0462
v  -1.1838 9.9118 -0.6835
v  -0.7295 9.9118 -0.7295
v  -2.0199 9.9118 -0.5412
v  -2.0924 9.9118 -0.0000
v  -1.3669 9.9118 -0.0000
v  -0.9965 9.9118 -0.2670
v  -2.0199 9.9118 0.5412
v  -1.8121 9.9118 1.0462
v  -1.1838 9.9118 0.6835
v  -0.9965 9.9118 0.2670
v  -1.4787 9.9118 1.4787
v  -1.0462 9.9118 1.8121
v  -0.6835 9.9118 1.1838
v  -0.7295 9.9118 0.7295
v  -0.5412 9.9118 2.0199
v  -0.0000 9.9118 2.0924
v  -0.0000 9.9118 1.3669
v  -0.2670 9.9118 0.9965
v  0.5412 9.9118 2.0199
v  1.0462 9.9118 1.8121
v  0.6835 9.9118 1.1838
v  0.2670 9.9118 0.9965
v  1.4787 9.9118 1.4787
v  1.8121 9.9118 1.0462
v  1.1838 9.9118 0.6835
v  0.7295 9.9118 0.7295
v  2.0199 9.9118 0.5412
v  0.9965 9.9118 0.2670
v  -0.0000 9.9118 -0.0000
# 602 vertices

vn 0.9159 0.4013 0.0000
vn 0.9762 0.2169 0.0000
vn 0.9430 0.2168 -0.2527
vn 0.8847 0.4013 -0.2371
vn 0.9875 0.1577 -0.0000
vn 0.9539 0.1576 -0.2556
vn 0.8552 0.1577 -0.4937
vn 0.8454 0.2169 -0.4881
vn 0.7932 0.4013 -0.4580
vn 0.6903 0.2168 -0.6903
vn 0.6477 0.4013 -0.6477
vn 0.6983 0.1576 -0.6983
vn 0.4937 0.1577 -0.8552
vn 0.4881 0.2169 -0.8454
vn 0.4580 0.4013 -0.7932
vn 0.2527 0.2168 -0.9430
vn 0.2371 0.4013 -0.8847
vn 0.2556 0.1576 -0.9539
vn 0.0000 0.1577 -0.9875
vn 0.0000 0.2169 -0.9762
vn 0.0000 0.4013 -0.9159
vn -0.2527 0.2168 -0.9430
vn -0.2371 0.4013 -0.8847
vn -0.2556 0.1576 -0.9539
vn -0.4937 0.1577 -0.8552
vn -0.4881 0.2169 -0.8454
vn -0.4580 0.4013 -0.7932
vn -0.6903 0.2168 -0.6903
vn -0.6477 0.4013 -0.6477
vn -0.6983 0.1576 -0.6983
vn -0.8552 0.1577 -0.4937
vn -0.8454 0.2169 -0.4881
vn -0.7932 0.4013 -0.4580
vn -0.9430 0.2168 -0.2527
vn -0.8847 0.4013 -0.2371
vn -0.9539 0.1576 -0.2556
vn -0.9875 0.1577 -0.0000
vn -0.9762 0.2169 -0.0000
vn -0.9159 0.4013 0.0000
vn -0.9430 0.2168 0.2527
vn -0.8847 0.4013 0.2371
vn -0.9539 0.1576 0.2556
vn -0.8552 0.1577 0.4937
vn -0.8454 0.2169 0.4881
vn -0.7932 0.4013 0.4580
vn -0.6903 0.2168 0.6903
vn -0.6477 0.4013 0.6477
vn -0.6983 0.1576 0.6983
vn -0.4937 0.1577 0.8552
vn -0.4881 0.2169 0.8454
vn -0.4580 0.4013 0.7932
vn -0.2527 0.2168 0.9430
vn -0.2371 0.4013 0.8847
vn -0.2556 0.1576 0.9539
vn -0.0000 0.1577 0.9875
vn -0.0000 0.2169 0.9762
vn -0.0000 0.4013 0.9159
vn 0.2527 0.2168 0.9430
vn 0.2371 0.4013 0.8847
vn 0.2556 0.1576 0.9539
vn 0.4937 0.1577 0.8552
vn 0.4881 0.2169 0.8454
vn 0.4580 0.4013 0.7932
vn 0.6903 0.2168 0.6903
vn 0.6477 0.4013 0.6477
vn 0.6983 0.1576 0.6983
vn 0.8552 0.1577 0.4937
vn 0.8454 0.2169 0.4881
vn 0.7932 0.4013 0.4580
vn 0.9430 0.2168 0.2527
vn 0.8847 0.4013 0.2371
vn 0.9539 0.1576 0.2556
vn 0.9920 0.1259 0.0000
vn 0.9583 0.1258 -0.2568
vn 0.9951 0.0993 -0.0000
vn 0.9612 0.0992 -0.2575
vn 0.8617 0.0993 -0.4975
vn 0.8591 0.1259 -0.4960
vn 0.7015 0.1258 -0.7015
vn 0.7036 0.0992 -0.7036
vn 0.4975 0.0993 -0.8617
vn 0.4960 0.1259 -0.8591
vn 0.2568 0.1258 -0.9583
vn 0.2575 0.0992 -0.9612
vn 0.0000 0.0993 -0.9951
vn 0.0000 0.1259 -0.9920
vn -0.2568 0.1258 -0.9583
vn -0.2575 0.0992 -0.9612
vn -0.4975 0.0993 -0.8617
vn -0.4960 0.1259 -0.8591
vn -0.7015 0.1258 -0.7015
vn -0.7036 0.0992 -0.7036
vn -0.8617 0.0993 -0.4975
vn -0.8591 0.1259 -0.4960
vn -0.9583 0.1258 -0.2568
vn -0.9612 0.0992 -0.2575
vn -0.9951 0.0993 -0.0000
vn -0.9920 0.1259 -0.0000
vn -0.9583 0.1258 0.2568
vn -0.9612 0.0992 0.2575
vn -0.8617 0.0993 0.4975
vn -0.8591 0.1259 0.4960
vn -0.7015 0.1258 0.7015
vn -0.7036 0.0992 0.7036
vn -0.4975 0.0993 0.8617
vn -0.4960 0.1259 0.8591
vn -0.2568 0.1258 0.9583
vn -0.2575 0.0992 0.9612
vn -0.0000 0.0993 0.9951
vn -0.0000 0.1259 0.9920
vn 0.2568 0.1258 0.9583
vn 0.2575 0.0992 0.9612
vn 0.4975 0.0993 0.8617
vn 0.4960 0.1259 0.8591
vn 0.7015 0.1258 0.7015
vn 0.7036 0.0992 0.7036
vn 0.8617 0.0993 0.4975
vn 0.8591 0.1259 0.4960
vn 0.9583 0.1258 0.2568
vn 0.9612 0.0992 0.2575
vn 0.9982 0.0600 -0.0000
vn 0.9642 0.0599 -0.2584
vn 0.9982 -0.0607 0.0000
vn 0.9641 -0.0606 -0.2583
vn 0.8644 -0.0607 -0.4991
vn 0.8645 0.0600 -0.4991
vn 0.7058 0.0599 -0.7058
vn 0.7058 -0.0606 -0.7058
vn 0.4991 -0.0607 -0.8644
vn 0.4991 0.0600 -0.8645
vn 0.2584 0.0599 -0.9642
vn 0.2583 -0.0606 -0.9641
vn 0.0000 -0.0607 -0.9982
vn 0.0000 0.0600 -0.9982
vn -0.2584 0.0599 -0.9642
vn -0.2583 -0.0606 -0.9641
vn -0.4991 -0.0607 -0.8644
vn -0.4991 0.0600 -0.8645
vn -0.7058 0.0599 -0.7058
vn -0.7058 -0.0606 -0.7058
vn -0.8644 -0.0607 -0.4991
vn -0.8645 0.0600 -0.4991
vn -0.9642 0.0599 -0.2584
vn -0.9641 -0.0606 -0.2583
vn -0.9982 -0.0607 -0.0000
vn -0.9982 0.0600 -0.0000
vn -0.9642 0.0599 0.2584
vn -0.9641 -0.0606 0.2583
vn -0.8644 -0.0607 0.4991
vn -0.8645 0.0600 0.4991
vn -0.7058 0.0599 0.7058
vn -0.7058 -0.0606 0.7058
vn -0.4991 -0.0607 0.8644
vn -0.4991 0.0600 0.8645
vn -0.2584 0.0599 0.9642
vn -0.2583 -0.0606 0.9641
vn -0.0000 -0.0607 0.9982
vn -0.0000 0.0600 0.9982
vn 0.2584 0.0599 0.9642
vn 0.2583 -0.0606 0.9641
vn 0.4991 -0.0607 0.8644
vn 0.4991 0.0600 0.8645
vn 0.7058 0.0599 0.7058
vn 0.7058 -0.0606 0.7058
vn 0.8644 -0.0607 0.4991
vn 0.8645 0.0600 0.4991
vn 0.9642 0.0599 0.2584
vn 0.9641 -0.0606 0.2583
vn 0.9366 -0.3503 -0.0000
vn 0.9047 -0.3504 -0.2424
vn 0.7978 -0.6030 -0.0000
vn 0.7707 -0.6029 -0.2065
vn 0.6909 -0.6030 -0.3989
vn 0.8111 -0.3503 -0.4683
vn 0.6623 -0.3504 -0.6623
vn 0.5642 -0.6029 -0.5642
vn 0.3989 -0.6030 -0.6909
vn 0.4683 -0.3503 -0.8111
vn 0.2424 -0.3504 -0.9047
vn 0.2065 -0.6029 -0.7707
vn 0.0000 -0.6030 -0.7978
vn -0.0000 -0.3503 -0.9366
vn -0.2424 -0.3504 -0.9047
vn -0.2065 -0.6029 -0.7707
vn -0.3989 -0.6030 -0.6909
vn -0.4683 -0.3503 -0.8111
vn -0.6623 -0.3504 -0.6623
vn -0.5642 -0.6029 -0.5642
vn -0.6909 -0.6030 -0.3989
vn -0.8111 -0.3503 -0.4683
vn -0.9047 -0.3504 -0.2424
vn -0.7707 -0.6029 -0.2065
vn -0.7978 -0.6030 -0.0000
vn -0.9366 -0.3503 -0.0000
vn -0.9047 -0.3504 0.2424
vn -0.7707 -0.6029 0.2065
vn -0.6909 -0.6030 0.3989
vn -0.8111 -0.3503 0.4683
vn -0.6623 -0.3504 0.6623
vn -0.5642 -0.6029 0.5642
vn -0.3989 -0.6030 0.6909
vn -0.4683 -0.3503 0.8111
vn -0.2424 -0.3504 0.9047
vn -0.2065 -0.6029 0.7707
vn -0.0000 -0.6030 0.7978
vn -0.0000 -0.3503 0.9366
vn 0.2424 -0.3504 0.9047
vn 0.2065 -0.6029 0.7707
vn 0.3989 -0.6030 0.6909
vn 0.4683 -0.3503 0.8111
vn 0.6623 -0.3504 0.6623
vn 0.5642 -0.6029 0.5642
vn 0.6909 -0.6030 0.3989
vn 0.8111 -0.3503 0.4683
vn 0.9047 -0.3504 0.2424
vn 0.7707 -0.6029 0.2065
vn 0.6484 -0.7613 -0.0000
vn 0.6263 -0.7613 -0.1678
vn 0.4505 -0.8928 -0.0000
vn 0.4351 -0.8928 -0.1166
vn 0.3901 -0.8928 -0.2252
vn 0.5616 -0.7613 -0.3242
vn 0.4585 -0.7613 -0.4585
vn 0.3185 -0.8928 -0.3185
vn 0.2252 -0.8928 -0.3901
vn 0.3242 -0.7613 -0.5616
vn 0.1678 -0.7613 -0.6263
vn 0.1166 -0.8928 -0.4351
vn 0.0000 -0.8928 -0.4505
vn -0.0000 -0.7613 -0.6485
vn -0.1678 -0.7613 -0.6263
vn -0.1166 -0.8928 -0.4351
vn -0.2252 -0.8928 -0.3901
vn -0.3242 -0.7613 -0.5616
vn -0.4585 -0.7613 -0.4585
vn -0.3185 -0.8928 -0.3185
vn -0.3901 -0.8928 -0.2252
vn -0.5616 -0.7613 -0.3242
vn -0.6263 -0.7613 -0.1678
vn -0.4351 -0.8928 -0.1166
vn -0.4505 -0.8928 -0.0000
vn -0.6484 -0.7613 -0.0000
vn -0.6263 -0.7613 0.1678
vn -0.4351 -0.8928 0.1166
vn -0.3901 -0.8928 0.2252
vn -0.5616 -0.7613 0.3242
vn -0.4585 -0.7613 0.4585
vn -0.3185 -0.8928 0.3185
vn -0.2252 -0.8928 0.3901
vn -0.3242 -0.7613 0.5616
vn -0.1678 -0.7613 0.6263
vn -0.1166 -0.8928 0.4351
vn -0.0000 -0.8928 0.4505
vn -0.0000 -0.7613 0.6484
vn 0.1678 -0.7613 0.6263
vn 0.1166 -0.8928 0.4351
vn 0.2252 -0.8928 0.3901
vn 0.3242 -0.7613 0.5616
vn 0.4585 -0.7613 0.4585
vn 0.3185 -0.8928 0.3185
vn 0.3901 -0.8928 0.2252
vn 0.5616 -0.7613 0.3242
vn 0.6263 -0.7613 0.1678
vn 0.4351 -0.8928 0.1166
vn 0.2217 -0.9751 -0.0000
vn 0.2138 -0.9752 -0.0573
vn 0.0586 -0.9983 -0.0000
vn 0.0566 -0.9983 -0.0152
vn 0.0507 -0.9983 -0.0293
vn 0.1920 -0.9751 -0.1108
vn 0.1565 -0.9752 -0.1565
vn 0.0415 -0.9983 -0.0415
vn 0.0293 -0.9983 -0.0508
vn 0.1108 -0.9751 -0.1920
vn 0.0573 -0.9752 -0.2138
vn 0.0152 -0.9983 -0.0566
vn 0.0000 -0.9983 -0.0586
vn 0.0000 -0.9751 -0.2217
vn -0.0573 -0.9752 -0.2138
vn -0.0152 -0.9983 -0.0566
vn -0.0293 -0.9983 -0.0508
vn -0.1108 -0.9751 -0.1920
vn -0.1565 -0.9752 -0.1565
vn -0.0415 -0.9983 -0.0415
vn -0.0507 -0.9983 -0.0293
vn -0.1920 -0.9751 -0.1108
vn -0.2138 -0.9752 -0.0573
vn -0.0566 -0.9983 -0.0152
vn -0.0586 -0.9983 -0.0000
vn -0.2217 -0.9751 -0.0000
vn -0.2138 -0.9752 0.0573
vn -0.0566 -0.9983 0.0152
vn -0.0507 -0.9983 0.0293
vn -0.1920 -0.9751 0.1108
vn -0.1565 -0.9752 0.1565
vn -0.0415 -0.9983 0.0415
vn -0.0293 -0.9983 0.0507
vn -0.1108 -0.9751 0.1920
vn -0.0573 -0.9752 0.2138
vn -0.0152 -0.9983 0.0566
vn -0.0000 -0.9983 0.0586
vn -0.0000 -0.9751 0.2217
vn 0.0573 -0.9752 0.2138
vn 0.0152 -0.9983 0.0566
vn 0.0293 -0.9983 0.0507
vn 0.1108 -0.9751 0.1920
vn 0.1565 -0.9752 0.1565
vn 0.0415 -0.9983 0.0415
vn 0.0507 -0.9983 0.0293
vn 0.1920 -0.9751 0.1108
vn 0.2138 -0.9752 0.0573
vn 0.0566 -0.9983 0.0152
vn 0.0871 -0.9962 -0.0000
vn 0.0842 -0.9962 -0.0226
vn 0.2103 -0.9776 -0.0000
vn 0.2035 -0.9775 -0.0545
vn 0.1821 -0.9776 -0.1052
vn 0.0754 -0.9962 -0.0435
vn 0.0617 -0.9962 -0.0617
vn 0.1490 -0.9775 -0.1490
vn 0.1051 -0.9776 -0.1821
vn 0.0435 -0.9962 -0.0754
vn 0.0226 -0.9962 -0.0842
vn 0.0545 -0.9775 -0.2035
vn 0.0000 -0.9776 -0.2103
vn 0.0000 -0.9962 -0.0871
vn -0.0226 -0.9962 -0.0842
vn -0.0545 -0.9775 -0.2035
vn -0.1051 -0.9776 -0.1821
vn -0.0435 -0.9962 -0.0754
vn -0.0617 -0.9962 -0.0617
vn -0.1490 -0.9775 -0.1490
vn -0.1821 -0.9776 -0.1052
vn -0.0754 -0.9962 -0.0435
vn -0.0842 -0.9962 -0.0226
vn -0.2035 -0.9775 -0.0545
vn -0.2103 -0.9776 -0.0000
vn -0.0871 -0.9962 -0.0000
vn -0.0842 -0.9962 0.0226
vn -0.2035 -0.9775 0.0545
vn -0.1821 -0.9776 0.1051
vn -0.0754 -0.9962 0.0435
vn -0.0617 -0.9962 0.0617
vn -0.1490 -0.9775 0.1490
vn -0.1052 -0.9776 0.1821
vn -0.0435 -0.9962 0.0754
vn -0.0226 -0.9962 0.0842
vn -0.0545 -0.9775 0.2035
vn -0.0000 -0.9776 0.2103
vn -0.0000 -0.9962 0.0871
vn 0.0226 -0.9962 0.0842
vn 0.0545 -0.9775 0.2035
vn 0.1052 -0.9776 0.1821
vn 0.0435 -0.9962 0.0754
vn 0.0617 -0.9962 0.0617
vn 0.1490 -0.9775 0.1490
vn 0.1821 -0.9776 0.1051
vn 0.0754 -0.9962 0.0435
vn 0.0842 -0.9962 0.0226
vn 0.2035 -0.9775 0.0545
vn 0.4010 -0.9161 -0.0000
vn 0.3878 -0.9159 -0.1039
vn 0.3876 -0.9218 -0.0000
vn 0.3743 -0.9219 -0.1003
vn 0.3357 -0.9218 -0.1938
vn 0.3473 -0.9161 -0.2005
vn 0.2839 -0.9159 -0.2839
vn 0.2740 -0.9219 -0.2740
vn 0.1938 -0.9218 -0.3357
vn 0.2005 -0.9161 -0.3473
vn 0.1039 -0.9159 -0.3878
vn 0.1003 -0.9219 -0.3743
vn 0.0000 -0.9218 -0.3876
vn 0.0000 -0.9161 -0.4010
vn -0.1039 -0.9159 -0.3878
vn -0.1003 -0.9219 -0.3743
vn -0.1938 -0.9218 -0.3357
vn -0.2005 -0.9161 -0.3473
vn -0.2839 -0.9159 -0.2839
vn -0.2740 -0.9219 -0.2740
vn -0.3357 -0.9218 -0.1938
vn -0.3473 -0.9161 -0.2005
vn -0.3878 -0.9159 -0.1039
vn -0.3743 -0.9219 -0.1003
vn -0.3876 -0.9218 -0.0000
vn -0.4010 -0.9161 -0.0000
vn -0.3878 -0.9159 0.1039
vn -0.3743 -0.9219 0.1003
vn -0.3357 -0.9218 0.1938
vn -0.3473 -0.9161 0.2005
vn -0.2839 -0.9159 0.2839
vn -0.2740 -0.9219 0.2740
vn -0.1938 -0.9218 0.3357
vn -0.2005 -0.9161 0.3473
vn -0.1039 -0.9159 0.3878
vn -0.1003 -0.9219 0.3743
vn -0.0000 -0.9218 0.3876
vn -0.0000 -0.9161 0.4010
vn 0.1039 -0.9159 0.3878
vn 0.1003 -0.9219 0.3743
vn 0.1938 -0.9218 0.3357
vn 0.2005 -0.9161 0.3473
vn 0.2839 -0.9159 0.2839
vn 0.2740 -0.9219 0.2740
vn 0.3357 -0.9218 0.1938
vn 0.3473 -0.9161 0.2005
vn 0.3878 -0.9159 0.1039
vn 0.3743 -0.9219 0.1003
vn 0.1416 -0.9899 -0.0000
vn 0.1364 -0.9900 -0.0366
vn -0.0000 -1.0000 -0.0000
vn 0.1226 -0.9899 -0.0708
vn 0.0999 -0.9900 -0.0999
vn 0.0708 -0.9899 -0.1226
vn 0.0366 -0.9900 -0.1365
vn 0.0000 -1.0000 -0.0000
vn 0.0000 -0.9899 -0.1416
vn -0.0366 -0.9900 -0.1365
vn -0.0708 -0.9899 -0.1226
vn -0.0999 -0.9900 -0.0999
vn -0.1226 -0.9899 -0.0708
vn -0.1364 -0.9900 -0.0366
vn -0.1416 -0.9899 -0.0000
vn -0.1364 -0.9900 0.0366
vn -0.1226 -0.9899 0.0708
vn -0.0999 -0.9900 0.0999
vn -0.0708 -0.9899 0.1226
vn -0.0366 -0.9900 0.1364
vn -0.0000 -0.9899 0.1416
vn 0.0366 -0.9900 0.1364
vn 0.0708 -0.9899 0.1226
vn 0.0999 -0.9900 0.0999
vn 0.1226 -0.9899 0.0708
vn 0.1364 -0.9900 0.0366
vn 0.4891 0.8623 -0.1311
vn 0.5072 0.8618 0.0000
vn 0.4393 0.8618 -0.2536
vn -0.0000 1.0000 0.0000
vn 0.3581 0.8623 -0.3581
vn 0.2536 0.8618 -0.4393
vn 0.0000 1.0000 0.0000
vn 0.1311 0.8623 -0.4891
vn 0.0000 0.8618 -0.5072
vn -0.1311 0.8623 -0.4891
vn -0.2536 0.8618 -0.4393
vn -0.3581 0.8623 -0.3581
vn -0.4393 0.8618 -0.2536
vn -0.4891 0.8623 -0.1311
vn -0.5072 0.8618 0.0000
vn -0.4891 0.8623 0.1311
vn -0.4393 0.8618 0.2536
vn 0.0000 1.0000 -0.0000
vn -0.3581 0.8623 0.3581
vn -0.2536 0.8618 0.4393
vn -0.1311 0.8623 0.4891
vn -0.0000 0.8618 0.5072
vn 0.1311 0.8623 0.4891
vn 0.2536 0.8618 0.4393
vn -0.0000 1.0000 -0.0000
vn 0.3581 0.8623 0.3581
vn 0.4393 0.8618 0.2536
vn 0.4891 0.8623 0.1311
# 462 vertex normals

vt 0.7500 1.0000 1.0000
vt 0.7917 1.0000 1.0000
vt 0.8333 1.0000 1.0000
vt 0.8750 1.0000 1.0000
vt 0.9167 1.0000 1.0000
vt -0.0833 1.0000 1.0000
vt -0.0417 1.0000 1.0000
vt 0.0000 1.0000 1.0000
vt 0.0417 1.0000 1.0000
vt 0.0833 1.0000 1.0000
vt 0.1250 1.0000 1.0000
vt 0.1667 1.0000 1.0000
vt 0.2083 1.0000 1.0000
vt 0.2500 1.0000 1.0000
vt 0.2917 1.0000 1.0000
vt 0.3333 1.0000 1.0000
vt 0.3750 1.0000 1.0000
vt 0.4167 1.0000 1.0000
vt 0.4583 1.0000 1.0000
vt 0.5000 1.0000 1.0000
vt 0.5417 1.0000 1.0000
vt 0.5833 1.0000 1.0000
vt 0.6250 1.0000 1.0000
vt 0.6667 1.0000 1.0000
vt 0.7083 1.0000 1.0000
vt 0.7176 1.0000 1.0000
vt 0.7708 1.0000 1.0000
vt 0.1065 1.0000 1.0000
vt 0.1458 1.0000 1.0000
vt 0.1991 1.0000 1.0000
vt 0.2708 1.0000 1.0000
vt 0.2731 1.0000 1.0000
vt 0.3472 1.0000 1.0000
vt 0.3958 1.0000 1.0000
vt 0.4213 1.0000 1.0000
vt 0.4954 1.0000 1.0000
vt 0.5208 1.0000 1.0000
vt 0.5694 1.0000 1.0000
vt 0.6435 1.0000 1.0000
vt 0.6458 1.0000 1.0000
# 40 texture coords

o Liquid001
g Liquid001
usemtl 03___Default
s 1
f 3077/708/2417 3078/708/2418 3079/709/2419 3080/709/2420 
f 3078/708/2418 3081/708/2421 3082/709/2422 3079/709/2419 
f 3083/710/2423 3084/710/2424 3079/709/2419 3082/709/2422 
f 3084/710/2424 3085/710/2425 3080/709/2420 3079/709/2419 
f 3085/710/2425 3084/710/2424 3086/711/2426 3087/711/2427 
f 3084/710/2424 3083/710/2423 3088/711/2428 3086/711/2426 
f 3089/712/2429 3090/712/2430 3086/711/2426 3088/711/2428 
f 3090/712/2430 3091/712/2431 3087/711/2427 3086/711/2426 
f 3091/713/2431 3090/713/2430 3092/714/2432 3093/714/2433 
f 3090/713/2430 3089/713/2429 3094/714/2434 3092/714/2432 
f 3095/715/2435 3096/715/2436 3092/714/2432 3094/714/2434 
f 3096/715/2436 3097/715/2437 3093/714/2433 3092/714/2432 
f 3097/715/2437 3096/715/2436 3098/716/2438 3099/716/2439 
f 3096/715/2436 3095/715/2435 3100/716/2440 3098/716/2438 
f 3101/717/2441 3102/717/2442 3098/716/2438 3100/716/2440 
f 3102/717/2442 3103/717/2443 3099/716/2439 3098/716/2438 
f 3103/717/2443 3102/717/2442 3104/718/2444 3105/718/2445 
f 3102/717/2442 3101/717/2441 3106/718/2446 3104/718/2444 
f 3107/719/2447 3108/719/2448 3104/718/2444 3106/718/2446 
f 3108/719/2448 3109/719/2449 3105/718/2445 3104/718/2444 
f 3109/719/2449 3108/719/2448 3110/720/2450 3111/720/2451 
f 3108/719/2448 3107/719/2447 3112/720/2452 3110/720/2450 
f 3113/721/2453 3114/721/2454 3110/720/2450 3112/720/2452 
f 3114/721/2454 3115/721/2455 3111/720/2451 3110/720/2450 
f 3115/721/2455 3114/721/2454 3116/722/2456 3117/722/2457 
f 3114/721/2454 3113/721/2453 3118/722/2458 3116/722/2456 
f 3119/723/2459 3120/723/2460 3116/722/2456 3118/722/2458 
f 3120/723/2460 3121/723/2461 3117/722/2457 3116/722/2456 
f 3121/723/2461 3120/723/2460 3122/724/2462 3123/724/2463 
f 3120/723/2460 3119/723/2459 3124/724/2464 3122/724/2462 
f 3125/725/2465 3126/725/2466 3122/724/2462 3124/724/2464 
f 3126/725/2466 3127/725/2467 3123/724/2463 3122/724/2462 
f 3127/725/2467 3126/725/2466 3128/726/2468 3129/726/2469 
f 3126/725/2466 3125/725/2465 3130/726/2470 3128/726/2468 
f 3131/727/2471 3132/727/2472 3128/726/2468 3130/726/2470 
f 3132/727/2472 3133/727/2473 3129/726/2469 3128/726/2468 
f 3133/727/2473 3132/727/2472 3134/728/2474 3135/728/2475 
f 3132/727/2472 3131/727/2471 3136/728/2476 3134/728/2474 
f 3137/729/2477 3138/729/2478 3134/728/2474 3136/728/2476 
f 3138/729/2478 3139/729/2479 3135/728/2475 3134/728/2474 
f 3139/729/2479 3138/729/2478 3140/730/2480 3141/730/2481 
f 3138/729/2478 3137/729/2477 3142/730/2482 3140/730/2480 
f 3143/731/2483 3144/731/2484 3140/730/2480 3142/730/2482 
f 3144/731/2484 3145/731/2485 3141/730/2481 3140/730/2480 
f 3145/731/2485 3144/731/2484 3146/732/2486 3147/732/2487 
f 3144/731/2484 3143/731/2483 3148/732/2488 3146/732/2486 
f 3081/708/2421 3078/708/2418 3146/732/2486 3148/732/2488 
f 3078/708/2418 3077/708/2417 3147/732/2487 3146/732/2486 
f 3081/708/2421 3149/708/2489 3150/709/2490 3082/709/2422 
f 3149/708/2489 3151/708/2491 3152/709/2492 3150/709/2490 
f 3153/710/2493 3154/710/2494 3150/709/2490 3152/709/2492 
f 3154/710/2494 3083/710/2423 3082/709/2422 3150/709/2490 
f 3083/710/2423 3154/710/2494 3155/711/2495 3088/711/2428 
f 3154/710/2494 3153/710/2493 3156/711/2496 3155/711/2495 
f 3157/712/2497 3158/712/2498 3155/711/2495 3156/711/2496 
f 3158/712/2498 3089/712/2429 3088/711/2428 3155/711/2495 
f 3089/713/2429 3158/713/2498 3159/714/2499 3094/714/2434 
f 3158/713/2498 3157/713/2497 3160/714/2500 3159/714/2499 
f 3161/715/2501 3162/715/2502 3159/714/2499 3160/714/2500 
f 3162/715/2502 3095/715/2435 3094/714/2434 3159/714/2499 
f 3095/715/2435 3162/715/2502 3163/716/2503 3100/716/2440 
f 3162/715/2502 3161/715/2501 3164/716/2504 3163/716/2503 
f 3165/717/2505 3166/717/2506 3163/716/2503 3164/716/2504 
f 3166/717/2506 3101/717/2441 3100/716/2440 3163/716/2503 
f 3101/717/2441 3166/717/2506 3167/718/2507 3106/718/2446 
f 3166/717/2506 3165/717/2505 3168/718/2508 3167/718/2507 
f 3169/719/2509 3170/719/2510 3167/718/2507 3168/718/2508 
f 3170/719/2510 3107/719/2447 3106/718/2446 3167/718/2507 
f 3107/719/2447 3170/719/2510 3171/720/2511 3112/720/2452 
f 3170/719/2510 3169/719/2509 3172/720/2512 3171/720/2511 
f 3173/721/2513 3174/721/2514 3171/720/2511 3172/720/2512 
f 3174/721/2514 3113/721/2453 3112/720/2452 3171/720/2511 
f 3113/721/2453 3174/721/2514 3175/722/2515 3118/722/2458 
f 3174/721/2514 3173/721/2513 3176/722/2516 3175/722/2515 
f 3177/723/2517 3178/723/2518 3175/722/2515 3176/722/2516 
f 3178/723/2518 3119/723/2459 3118/722/2458 3175/722/2515 
f 3119/723/2459 3178/723/2518 3179/724/2519 3124/724/2464 
f 3178/723/2518 3177/723/2517 3180/724/2520 3179/724/2519 
f 3181/725/2521 3182/725/2522 3179/724/2519 3180/724/2520 
f 3182/725/2522 3125/725/2465 3124/724/2464 3179/724/2519 
f 3125/725/2465 3182/725/2522 3183/726/2523 3130/726/2470 
f 3182/725/2522 3181/725/2521 3184/726/2524 3183/726/2523 
f 3185/727/2525 3186/727/2526 3183/726/2523 3184/726/2524 
f 3186/727/2526 3131/727/2471 3130/726/2470 3183/726/2523 
f 3131/727/2471 3186/727/2526 3187/728/2527 3136/728/2476 
f 3186/727/2526 3185/727/2525 3188/728/2528 3187/728/2527 
f 3189/729/2529 3190/729/2530 3187/728/2527 3188/728/2528 
f 3190/729/2530 3137/729/2477 3136/728/2476 3187/728/2527 
f 3137/729/2477 3190/729/2530 3191/730/2531 3142/730/2482 
f 3190/729/2530 3189/729/2529 3192/730/2532 3191/730/2531 
f 3193/731/2533 3194/731/2534 3191/730/2531 3192/730/2532 
f 3194/731/2534 3143/731/2483 3142/730/2482 3191/730/2531 
f 3143/731/2483 3194/731/2534 3195/732/2535 3148/732/2488 
f 3194/731/2534 3193/731/2533 3196/732/2536 3195/732/2535 
f 3151/708/2491 3149/708/2489 3195/732/2535 3196/732/2536 
f 3149/708/2489 3081/708/2421 3148/732/2488 3195/732/2535 
f 3151/708/2491 3197/708/2537 3198/709/2538 3152/709/2492 
f 3197/708/2537 3199/708/2539 3200/709/2540 3198/709/2538 
f 3201/710/2541 3202/710/2542 3198/709/2538 3200/709/2540 
f 3202/710/2542 3153/710/2493 3152/709/2492 3198/709/2538 
f 3153/710/2493 3202/710/2542 3203/711/2543 3156/711/2496 
f 3202/710/2542 3201/710/2541 3204/711/2544 3203/711/2543 
f 3205/712/2545 3206/712/2546 3203/711/2543 3204/711/2544 
f 3206/712/2546 3157/712/2497 3156/711/2496 3203/711/2543 
f 3157/713/2497 3206/713/2546 3207/714/2547 3160/714/2500 
f 3206/713/2546 3205/713/2545 3208/714/2548 3207/714/2547 
f 3209/715/2549 3210/715/2550 3207/714/2547 3208/714/2548 
f 3210/715/2550 3161/715/2501 3160/714/2500 3207/714/2547 
f 3161/715/2501 3210/715/2550 3211/716/2551 3164/716/2504 
f 3210/715/2550 3209/715/2549 3212/716/2552 3211/716/2551 
f 3213/717/2553 3214/717/2554 3211/716/2551 3212/716/2552 
f 3214/717/2554 3165/717/2505 3164/716/2504 3211/716/2551 
f 3165/717/2505 3214/717/2554 3215/718/2555 3168/718/2508 
f 3214/717/2554 3213/717/2553 3216/718/2556 3215/718/2555 
f 3217/719/2557 3218/719/2558 3215/718/2555 3216/718/2556 
f 3218/719/2558 3169/719/2509 3168/718/2508 3215/718/2555 
f 3169/719/2509 3218/719/2558 3219/720/2559 3172/720/2512 
f 3218/719/2558 3217/719/2557 3220/720/2560 3219/720/2559 
f 3221/721/2561 3222/721/2562 3219/720/2559 3220/720/2560 
f 3222/721/2562 3173/721/2513 3172/720/2512 3219/720/2559 
f 3173/721/2513 3222/721/2562 3223/722/2563 3176/722/2516 
f 3222/721/2562 3221/721/2561 3224/722/2564 3223/722/2563 
f 3225/723/2565 3226/723/2566 3223/722/2563 3224/722/2564 
f 3226/723/2566 3177/723/2517 3176/722/2516 3223/722/2563 
f 3177/723/2517 3226/723/2566 3227/724/2567 3180/724/2520 
f 3226/723/2566 3225/723/2565 3228/724/2568 3227/724/2567 
f 3229/725/2569 3230/725/2570 3227/724/2567 3228/724/2568 
f 3230/725/2570 3181/725/2521 3180/724/2520 3227/724/2567 
f 3181/725/2521 3230/725/2570 3231/726/2571 3184/726/2524 
f 3230/725/2570 3229/725/2569 3232/726/2572 3231/726/2571 
f 3233/727/2573 3234/727/2574 3231/726/2571 3232/726/2572 
f 3234/727/2574 3185/727/2525 3184/726/2524 3231/726/2571 
f 3185/727/2525 3234/727/2574 3235/728/2575 3188/728/2528 
f 3234/727/2574 3233/727/2573 3236/728/2576 3235/728/2575 
f 3237/729/2577 3238/729/2578 3235/728/2575 3236/728/2576 
f 3238/729/2578 3189/729/2529 3188/728/2528 3235/728/2575 
f 3189/729/2529 3238/729/2578 3239/730/2579 3192/730/2532 
f 3238/729/2578 3237/729/2577 3240/730/2580 3239/730/2579 
f 3241/731/2581 3242/731/2582 3239/730/2579 3240/730/2580 
f 3242/731/2582 3193/731/2533 3192/730/2532 3239/730/2579 
f 3193/731/2533 3242/731/2582 3243/732/2583 3196/732/2536 
f 3242/731/2582 3241/731/2581 3244/732/2584 3243/732/2583 
f 3199/708/2539 3197/708/2537 3243/732/2583 3244/732/2584 
f 3197/708/2537 3151/708/2491 3196/732/2536 3243/732/2583 
f 3199/708/2539 3245/708/2585 3246/709/2586 3200/709/2540 
f 3245/708/2585 3247/708/2587 3248/709/2588 3246/709/2586 
f 3249/710/2589 3250/710/2590 3246/709/2586 3248/709/2588 
f 3250/710/2590 3201/710/2541 3200/709/2540 3246/709/2586 
f 3201/710/2541 3250/710/2590 3251/711/2591 3204/711/2544 
f 3250/710/2590 3249/710/2589 3252/711/2592 3251/711/2591 
f 3253/712/2593 3254/712/2594 3251/711/2591 3252/711/2592 
f 3254/712/2594 3205/712/2545 3204/711/2544 3251/711/2591 
f 3205/713/2545 3254/713/2594 3255/714/2595 3208/714/2548 
f 3254/713/2594 3253/713/2593 3256/714/2596 3255/714/2595 
f 3257/715/2597 3258/715/2598 3255/714/2595 3256/714/2596 
f 3258/715/2598 3209/715/2549 3208/714/2548 3255/714/2595 
f 3209/715/2549 3258/715/2598 3259/716/2599 3212/716/2552 
f 3258/715/2598 3257/715/2597 3260/716/2600 3259/716/2599 
f 3261/717/2601 3262/717/2602 3259/716/2599 3260/716/2600 
f 3262/717/2602 3213/717/2553 3212/716/2552 3259/716/2599 
f 3213/717/2553 3262/717/2602 3263/718/2603 3216/718/2556 
f 3262/717/2602 3261/717/2601 3264/718/2604 3263/718/2603 
f 3265/719/2605 3266/719/2606 3263/718/2603 3264/718/2604 
f 3266/719/2606 3217/719/2557 3216/718/2556 3263/718/2603 
f 3217/719/2557 3266/719/2606 3267/720/2607 3220/720/2560 
f 3266/719/2606 3265/719/2605 3268/720/2608 3267/720/2607 
f 3269/721/2609 3270/721/2610 3267/720/2607 3268/720/2608 
f 3270/721/2610 3221/721/2561 3220/720/2560 3267/720/2607 
f 3221/721/2561 3270/721/2610 3271/722/2611 3224/722/2564 
f 3270/721/2610 3269/721/2609 3272/722/2612 3271/722/2611 
f 3273/723/2613 3274/723/2614 3271/722/2611 3272/722/2612 
f 3274/723/2614 3225/723/2565 3224/722/2564 3271/722/2611 
f 3225/723/2565 3274/723/2614 3275/724/2615 3228/724/2568 
f 3274/723/2614 3273/723/2613 3276/724/2616 3275/724/2615 
f 3277/725/2617 3278/725/2618 3275/724/2615 3276/724/2616 
f 3278/725/2618 3229/725/2569 3228/724/2568 3275/724/2615 
f 3229/725/2569 3278/725/2618 3279/726/2619 3232/726/2572 
f 3278/725/2618 3277/725/2617 3280/726/2620 3279/726/2619 
f 3281/727/2621 3282/727/2622 3279/726/2619 3280/726/2620 
f 3282/727/2622 3233/727/2573 3232/726/2572 3279/726/2619 
f 3233/727/2573 3282/727/2622 3283/728/2623 3236/728/2576 
f 3282/727/2622 3281/727/2621 3284/728/2624 3283/728/2623 
f 3285/729/2625 3286/729/2626 3283/728/2623 3284/728/2624 
f 3286/729/2626 3237/729/2577 3236/728/2576 3283/728/2623 
f 3237/729/2577 3286/729/2626 3287/730/2627 3240/730/2580 
f 3286/729/2626 3285/729/2625 3288/730/2628 3287/730/2627 
f 3289/731/2629 3290/731/2630 3287/730/2627 3288/730/2628 
f 3290/731/2630 3241/731/2581 3240/730/2580 3287/730/2627 
f 3241/731/2581 3290/731/2630 3291/732/2631 3244/732/2584 
f 3290/731/2630 3289/731/2629 3292/732/2632 3291/732/2631 
f 3247/708/2587 3245/708/2585 3291/732/2631 3292/732/2632 
f 3245/708/2585 3199/708/2539 3244/732/2584 3291/732/2631 
f 3247/708/2587 3293/708/2633 3294/709/2634 3248/709/2588 
f 3293/708/2633 3295/708/2635 3296/709/2636 3294/709/2634 
f 3297/710/2637 3298/710/2638 3294/709/2634 3296/709/2636 
f 3298/710/2638 3249/710/2589 3248/709/2588 3294/709/2634 
f 3249/710/2589 3298/710/2638 3299/711/2639 3252/711/2592 
f 3298/710/2638 3297/710/2637 3300/711/2640 3299/711/2639 
f 3301/712/2641 3302/712/2642 3299/711/2639 3300/711/2640 
f 3302/712/2642 3253/712/2593 3252/711/2592 3299/711/2639 
f 3253/713/2593 3302/713/2642 3303/714/2643 3256/714/2596 
f 3302/713/2642 3301/713/2641 3304/714/2644 3303/714/2643 
f 3305/715/2645 3306/715/2646 3303/714/2643 3304/714/2644 
f 3306/715/2646 3257/715/2597 3256/714/2596 3303/714/2643 
f 3257/715/2597 3306/715/2646 3307/716/2647 3260/716/2600 
f 3306/715/2646 3305/715/2645 3308/716/2648 3307/716/2647 
f 3309/717/2649 3310/717/2650 3307/716/2647 3308/716/2648 
f 3310/717/2650 3261/717/2601 3260/716/2600 3307/716/2647 
f 3261/717/2601 3310/717/2650 3311/718/2651 3264/718/2604 
f 3310/717/2650 3309/717/2649 3312/718/2652 3311/718/2651 
f 3313/719/2653 3314/719/2654 3311/718/2651 3312/718/2652 
f 3314/719/2654 3265/719/2605 3264/718/2604 3311/718/2651 
f 3265/719/2605 3314/719/2654 3315/720/2655 3268/720/2608 
f 3314/719/2654 3313/719/2653 3316/720/2656 3315/720/2655 
f 3317/721/2657 3318/721/2658 3315/720/2655 3316/720/2656 
f 3318/721/2658 3269/721/2609 3268/720/2608 3315/720/2655 
f 3269/721/2609 3318/721/2658 3319/722/2659 3272/722/2612 
f 3318/721/2658 3317/721/2657 3320/722/2660 3319/722/2659 
f 3321/723/2661 3322/723/2662 3319/722/2659 3320/722/2660 
f 3322/723/2662 3273/723/2613 3272/722/2612 3319/722/2659 
f 3273/723/2613 3322/723/2662 3323/724/2663 3276/724/2616 
f 3322/723/2662 3321/723/2661 3324/724/2664 3323/724/2663 
f 3325/725/2665 3326/725/2666 3323/724/2663 3324/724/2664 
f 3326/725/2666 3277/725/2617 3276/724/2616 3323/724/2663 
f 3277/725/2617 3326/725/2666 3327/726/2667 3280/726/2620 
f 3326/725/2666 3325/725/2665 3328/726/2668 3327/726/2667 
f 3329/727/2669 3330/727/2670 3327/726/2667 3328/726/2668 
f 3330/727/2670 3281/727/2621 3280/726/2620 3327/726/2667 
f 3281/727/2621 3330/727/2670 3331/728/2671 3284/728/2624 
f 3330/727/2670 3329/727/2669 3332/728/2672 3331/728/2671 
f 3333/729/2673 3334/729/2674 3331/728/2671 3332/728/2672 
f 3334/729/2674 3285/729/2625 3284/728/2624 3331/728/2671 
f 3285/729/2625 3334/729/2674 3335/730/2675 3288/730/2628 
f 3334/729/2674 3333/729/2673 3336/730/2676 3335/730/2675 
f 3337/731/2677 3338/731/2678 3335/730/2675 3336/730/2676 
f 3338/731/2678 3289/731/2629 3288/730/2628 3335/730/2675 
f 3289/731/2629 3338/731/2678 3339/732/2679 3292/732/2632 
f 3338/731/2678 3337/731/2677 3340/732/2680 3339/732/2679 
f 3295/708/2635 3293/708/2633 3339/732/2679 3340/732/2680 
f 3293/708/2633 3247/708/2587 3292/732/2632 3339/732/2679 
f 3295/708/2635 3341/708/2681 3342/709/2682 3296/709/2636 
f 3341/708/2681 3343/708/2683 3344/709/2684 3342/709/2682 
f 3345/710/2685 3346/710/2686 3342/709/2682 3344/709/2684 
f 3346/710/2686 3297/710/2637 3296/709/2636 3342/709/2682 
f 3297/710/2637 3346/710/2686 3347/711/2687 3300/711/2640 
f 3346/710/2686 3345/710/2685 3348/711/2688 3347/711/2687 
f 3349/712/2689 3350/712/2690 3347/711/2687 3348/711/2688 
f 3350/712/2690 3301/712/2641 3300/711/2640 3347/711/2687 
f 3301/713/2641 3350/713/2690 3351/714/2691 3304/714/2644 
f 3350/713/2690 3349/713/2689 3352/714/2692 3351/714/2691 
f 3353/715/2693 3354/715/2694 3351/714/2691 3352/714/2692 
f 3354/715/2694 3305/715/2645 3304/714/2644 3351/714/2691 
f 3305/715/2645 3354/715/2694 3355/716/2695 3308/716/2648 
f 3354/715/2694 3353/715/2693 3356/716/2696 3355/716/2695 
f 3357/717/2697 3358/717/2698 3355/716/2695 3356/716/2696 
f 3358/717/2698 3309/717/2649 3308/716/2648 3355/716/2695 
f 3309/717/2649 3358/717/2698 3359/718/2699 3312/718/2652 
f 3358/717/2698 3357/717/2697 3360/718/2700 3359/718/2699 
f 3361/719/2701 3362/719/2702 3359/718/2699 3360/718/2700 
f 3362/719/2702 3313/719/2653 3312/718/2652 3359/718/2699 
f 3313/719/2653 3362/719/2702 3363/720/2703 3316/720/2656 
f 3362/719/2702 3361/719/2701 3364/720/2704 3363/720/2703 
f 3365/721/2705 3366/721/2706 3363/720/2703 3364/720/2704 
f 3366/721/2706 3317/721/2657 3316/720/2656 3363/720/2703 
f 3317/721/2657 3366/721/2706 3367/722/2707 3320/722/2660 
f 3366/721/2706 3365/721/2705 3368/722/2708 3367/722/2707 
f 3369/723/2709 3370/723/2710 3367/722/2707 3368/722/2708 
f 3370/723/2710 3321/723/2661 3320/722/2660 3367/722/2707 
f 3321/723/2661 3370/723/2710 3371/724/2711 3324/724/2664 
f 3370/723/2710 3369/723/2709 3372/724/2712 3371/724/2711 
f 3373/725/2713 3374/725/2714 3371/724/2711 3372/724/2712 
f 3374/725/2714 3325/725/2665 3324/724/2664 3371/724/2711 
f 3325/725/2665 3374/725/2714 3375/726/2715 3328/726/2668 
f 3374/725/2714 3373/725/2713 3376/726/2716 3375/726/2715 
f 3377/727/2717 3378/727/2718 3375/726/2715 3376/726/2716 
f 3378/727/2718 3329/727/2669 3328/726/2668 3375/726/2715 
f 3329/727/2669 3378/727/2718 3379/728/2719 3332/728/2672 
f 3378/727/2718 3377/727/2717 3380/728/2720 3379/728/2719 
f 3381/729/2721 3382/729/2722 3379/728/2719 3380/728/2720 
f 3382/729/2722 3333/729/2673 3332/728/2672 3379/728/2719 
f 3333/729/2673 3382/729/2722 3383/730/2723 3336/730/2676 
f 3382/729/2722 3381/729/2721 3384/730/2724 3383/730/2723 
f 3385/731/2725 3386/731/2726 3383/730/2723 3384/730/2724 
f 3386/731/2726 3337/731/2677 3336/730/2676 3383/730/2723 
f 3337/731/2677 3386/731/2726 3387/732/2727 3340/732/2680 
f 3386/731/2726 3385/731/2725 3388/732/2728 3387/732/2727 
f 3343/708/2683 3341/708/2681 3387/732/2727 3388/732/2728 
f 3341/708/2681 3295/708/2635 3340/732/2680 3387/732/2727 
f 3343/708/2683 3389/708/2729 3390/709/2730 3344/709/2684 
f 3389/708/2729 3391/708/2731 3392/709/2732 3390/709/2730 
f 3393/710/2733 3394/710/2734 3390/709/2730 3392/709/2732 
f 3394/710/2734 3345/710/2685 3344/709/2684 3390/709/2730 
f 3345/710/2685 3394/710/2734 3395/711/2735 3348/711/2688 
f 3394/710/2734 3393/710/2733 3396/711/2736 3395/711/2735 
f 3397/712/2737 3398/712/2738 3395/711/2735 3396/711/2736 
f 3398/712/2738 3349/712/2689 3348/711/2688 3395/711/2735 
f 3349/713/2689 3398/713/2738 3399/714/2739 3352/714/2692 
f 3398/713/2738 3397/713/2737 3400/714/2740 3399/714/2739 
f 3401/715/2741 3402/715/2742 3399/714/2739 3400/714/2740 
f 3402/715/2742 3353/715/2693 3352/714/2692 3399/714/2739 
f 3353/715/2693 3402/715/2742 3403/716/2743 3356/716/2696 
f 3402/715/2742 3401/715/2741 3404/716/2744 3403/716/2743 
f 3405/717/2745 3406/717/2746 3403/716/2743 3404/716/2744 
f 3406/717/2746 3357/717/2697 3356/716/2696 3403/716/2743 
f 3357/717/2697 3406/717/2746 3407/718/2747 3360/718/2700 
f 3406/717/2746 3405/717/2745 3408/718/2748 3407/718/2747 
f 3409/719/2749 3410/719/2750 3407/718/2747 3408/718/2748 
f 3410/719/2750 3361/719/2701 3360/718/2700 3407/718/2747 
f 3361/719/2701 3410/719/2750 3411/720/2751 3364/720/2704 
f 3410/719/2750 3409/719/2749 3412/720/2752 3411/720/2751 
f 3413/721/2753 3414/721/2754 3411/720/2751 3412/720/2752 
f 3414/721/2754 3365/721/2705 3364/720/2704 3411/720/2751 
f 3365/721/2705 3414/721/2754 3415/722/2755 3368/722/2708 
f 3414/721/2754 3413/721/2753 3416/722/2756 3415/722/2755 
f 3417/723/2757 3418/723/2758 3415/722/2755 3416/722/2756 
f 3418/723/2758 3369/723/2709 3368/722/2708 3415/722/2755 
f 3369/723/2709 3418/723/2758 3419/724/2759 3372/724/2712 
f 3418/723/2758 3417/723/2757 3420/724/2760 3419/724/2759 
f 3421/725/2761 3422/725/2762 3419/724/2759 3420/724/2760 
f 3422/725/2762 3373/725/2713 3372/724/2712 3419/724/2759 
f 3373/725/2713 3422/725/2762 3423/726/2763 3376/726/2716 
f 3422/725/2762 3421/725/2761 3424/726/2764 3423/726/2763 
f 3425/727/2765 3426/727/2766 3423/726/2763 3424/726/2764 
f 3426/727/2766 3377/727/2717 3376/726/2716 3423/726/2763 
f 3377/727/2717 3426/727/2766 3427/728/2767 3380/728/2720 
f 3426/727/2766 3425/727/2765 3428/728/2768 3427/728/2767 
f 3429/729/2769 3430/729/2770 3427/728/2767 3428/728/2768 
f 3430/729/2770 3381/729/2721 3380/728/2720 3427/728/2767 
f 3381/729/2721 3430/729/2770 3431/730/2771 3384/730/2724 
f 3430/729/2770 3429/729/2769 3432/730/2772 3431/730/2771 
f 3433/731/2773 3434/731/2774 3431/730/2771 3432/730/2772 
f 3434/731/2774 3385/731/2725 3384/730/2724 3431/730/2771 
f 3385/731/2725 3434/731/2774 3435/732/2775 3388/732/2728 
f 3434/731/2774 3433/731/2773 3436/732/2776 3435/732/2775 
f 3391/708/2731 3389/708/2729 3435/732/2775 3436/732/2776 
f 3389/708/2729 3343/708/2683 3388/732/2728 3435/732/2775 
f 3391/708/2731 3437/708/2777 3438/709/2778 3392/709/2732 
f 3437/708/2777 3439/708/2779 3440/709/2780 3438/709/2778 
f 3441/710/2781 3442/710/2782 3438/709/2778 3440/709/2780 
f 3442/710/2782 3393/710/2733 3392/709/2732 3438/709/2778 
f 3393/710/2733 3442/710/2782 3443/711/2783 3396/711/2736 
f 3442/710/2782 3441/710/2781 3444/711/2784 3443/711/2783 
f 3445/712/2785 3446/712/2786 3443/711/2783 3444/711/2784 
f 3446/712/2786 3397/712/2737 3396/711/2736 3443/711/2783 
f 3397/713/2737 3446/713/2786 3447/714/2787 3400/714/2740 
f 3446/713/2786 3445/713/2785 3448/714/2788 3447/714/2787 
f 3449/715/2789 3450/715/2790 3447/714/2787 3448/714/2788 
f 3450/715/2790 3401/715/2741 3400/714/2740 3447/714/2787 
f 3401/715/2741 3450/715/2790 3451/716/2791 3404/716/2744 
f 3450/715/2790 3449/715/2789 3452/716/2792 3451/716/2791 
f 3453/717/2793 3454/717/2794 3451/716/2791 3452/716/2792 
f 3454/717/2794 3405/717/2745 3404/716/2744 3451/716/2791 
f 3405/717/2745 3454/717/2794 3455/718/2795 3408/718/2748 
f 3454/717/2794 3453/717/2793 3456/718/2796 3455/718/2795 
f 3457/719/2797 3458/719/2798 3455/718/2795 3456/718/2796 
f 3458/719/2798 3409/719/2749 3408/718/2748 3455/718/2795 
f 3409/719/2749 3458/719/2798 3459/720/2799 3412/720/2752 
f 3458/719/2798 3457/719/2797 3460/720/2800 3459/720/2799 
f 3461/721/2801 3462/721/2802 3459/720/2799 3460/720/2800 
f 3462/721/2802 3413/721/2753 3412/720/2752 3459/720/2799 
f 3413/721/2753 3462/721/2802 3463/722/2803 3416/722/2756 
f 3462/721/2802 3461/721/2801 3464/722/2804 3463/722/2803 
f 3465/723/2805 3466/723/2806 3463/722/2803 3464/722/2804 
f 3466/723/2806 3417/723/2757 3416/722/2756 3463/722/2803 
f 3417/723/2757 3466/723/2806 3467/724/2807 3420/724/2760 
f 3466/723/2806 3465/723/2805 3468/724/2808 3467/724/2807 
f 3469/725/2809 3470/725/2810 3467/724/2807 3468/724/2808 
f 3470/725/2810 3421/725/2761 3420/724/2760 3467/724/2807 
f 3421/725/2761 3470/725/2810 3471/726/2811 3424/726/2764 
f 3470/725/2810 3469/725/2809 3472/726/2812 3471/726/2811 
f 3473/727/2813 3474/727/2814 3471/726/2811 3472/726/2812 
f 3474/727/2814 3425/727/2765 3424/726/2764 3471/726/2811 
f 3425/727/2765 3474/727/2814 3475/728/2815 3428/728/2768 
f 3474/727/2814 3473/727/2813 3476/728/2816 3475/728/2815 
f 3477/729/2817 3478/729/2818 3475/728/2815 3476/728/2816 
f 3478/729/2818 3429/729/2769 3428/728/2768 3475/728/2815 
f 3429/729/2769 3478/729/2818 3479/730/2819 3432/730/2772 
f 3478/729/2818 3477/729/2817 3480/730/2820 3479/730/2819 
f 3481/731/2821 3482/731/2822 3479/730/2819 3480/730/2820 
f 3482/731/2822 3433/731/2773 3432/730/2772 3479/730/2819 
f 3433/731/2773 3482/731/2822 3483/732/2823 3436/732/2776 
f 3482/731/2822 3481/731/2821 3484/732/2824 3483/732/2823 
f 3439/708/2779 3437/708/2777 3483/732/2823 3484/732/2824 
f 3437/708/2777 3391/708/2731 3436/732/2776 3483/732/2823 
f 3439/708/2779 3485/708/2825 3486/709/2826 3440/709/2780 
f 3485/708/2825 3487/708/2827 3488/709/2827 3486/709/2826 
f 3489/710/2827 3490/710/2828 3486/709/2826 3488/709/2827 
f 3490/710/2828 3441/710/2781 3440/709/2780 3486/709/2826 
f 3441/710/2781 3490/710/2828 3491/711/2829 3444/711/2784 
f 3490/710/2828 3489/710/2827 3492/711/2827 3491/711/2829 
f 3493/712/2827 3494/712/2830 3491/711/2829 3492/711/2827 
f 3494/712/2830 3445/712/2785 3444/711/2784 3491/711/2829 
f 3445/713/2785 3494/713/2830 3495/714/2831 3448/714/2788 
f 3494/713/2830 3493/713/2827 3496/714/2832 3495/714/2831 
f 3497/715/2832 3498/715/2833 3495/714/2831 3496/714/2832 
f 3498/715/2833 3449/715/2789 3448/714/2788 3495/714/2831 
f 3449/715/2789 3498/715/2833 3499/716/2834 3452/716/2792 
f 3498/715/2833 3497/715/2832 3500/716/2827 3499/716/2834 
f 3501/717/2832 3502/717/2835 3499/716/2834 3500/716/2827 
f 3502/717/2835 3453/717/2793 3452/716/2792 3499/716/2834 
f 3453/717/2793 3502/717/2835 3503/718/2836 3456/718/2796 
f 3502/717/2835 3501/717/2832 3504/718/2832 3503/718/2836 
f 3505/719/2832 3506/719/2837 3503/718/2836 3504/718/2832 
f 3506/719/2837 3457/719/2797 3456/718/2796 3503/718/2836 
f 3457/719/2797 3506/719/2837 3507/720/2838 3460/720/2800 
f 3506/719/2837 3505/719/2832 3508/720/2832 3507/720/2838 
f 3509/721/2832 3510/721/2839 3507/720/2838 3508/720/2832 
f 3510/721/2839 3461/721/2801 3460/720/2800 3507/720/2838 
f 3461/721/2801 3510/721/2839 3511/722/2840 3464/722/2804 
f 3510/721/2839 3509/721/2832 3512/722/2832 3511/722/2840 
f 3513/723/2832 3514/723/2841 3511/722/2840 3512/722/2832 
f 3514/723/2841 3465/723/2805 3464/722/2804 3511/722/2840 
f 3465/723/2805 3514/723/2841 3515/724/2842 3468/724/2808 
f 3514/723/2841 3513/723/2832 3516/724/2827 3515/724/2842 
f 3517/725/2827 3518/725/2843 3515/724/2842 3516/724/2827 
f 3518/725/2843 3469/725/2809 3468/724/2808 3515/724/2842 
f 3469/725/2809 3518/725/2843 3519/726/2844 3472/726/2812 
f 3518/725/2843 3517/725/2827 3520/726/2827 3519/726/2844 
f 3521/727/2832 3522/727/2845 3519/726/2844 3520/726/2827 
f 3522/727/2845 3473/727/2813 3472/726/2812 3519/726/2844 
f 3473/727/2813 3522/727/2845 3523/728/2846 3476/728/2816 
f 3522/727/2845 3521/727/2832 3524/728/2832 3523/728/2846 
f 3525/729/2832 3526/729/2847 3523/728/2846 3524/728/2832 
f 3526/729/2847 3477/729/2817 3476/728/2816 3523/728/2846 
f 3477/729/2817 3526/729/2847 3527/730/2848 3480/730/2820 
f 3526/729/2847 3525/729/2832 3528/730/2832 3527/730/2848 
f 3529/731/2827 3530/731/2849 3527/730/2848 3528/730/2832 
f 3530/731/2849 3481/731/2821 3480/730/2820 3527/730/2848 
f 3481/731/2821 3530/731/2849 3531/732/2850 3484/732/2824 
f 3530/731/2849 3529/731/2827 3532/732/2827 3531/732/2850 
f 3487/708/2827 3485/708/2825 3531/732/2850 3532/732/2827 
f 3485/708/2825 3439/708/2779 3484/732/2824 3531/732/2850 
f 3487/708/2827 3533/708/2827 3534/709/2827 3488/709/2827 
f 3533/708/2827 3535/733/2827 3536/732/2827 3534/709/2827 
f 3537/709/2827 3538/710/2827 3534/709/2827 3536/732/2827 
f 3538/710/2827 3489/710/2827 3488/709/2827 3534/709/2827 
f 3489/710/2827 3538/710/2827 3539/711/2827 3492/711/2827 
f 3538/710/2827 3537/709/2827 3540/734/2827 3539/711/2827 
f 3541/712/2827 3542/712/2827 3539/711/2827 3540/734/2827 
f 3542/712/2827 3493/712/2827 3492/711/2827 3539/711/2827 
f 3493/713/2827 3542/713/2827 3543/714/2832 3496/714/2832 
f 3542/713/2827 3541/713/2827 3544/714/2827 3543/714/2832 
f 3545/735/2832 3546/715/2832 3543/714/2832 3544/714/2827 
f 3546/715/2832 3497/715/2832 3496/714/2832 3543/714/2832 
f 3497/715/2832 3546/715/2832 3547/716/2827 3500/716/2827 
f 3546/715/2832 3545/735/2832 3548/736/2832 3547/716/2827 
f 3549/718/2832 3550/717/2832 3547/716/2827 3548/736/2832 
f 3550/717/2832 3501/717/2832 3500/716/2827 3547/716/2827 
f 3501/717/2832 3550/717/2832 3551/718/2832 3504/718/2832 
f 3550/717/2832 3549/718/2832 3552/720/2832 3551/718/2832 
f 3553/737/2832 3554/719/2832 3551/718/2832 3552/720/2832 
f 3554/719/2832 3505/719/2832 3504/718/2832 3551/718/2832 
f 3505/719/2832 3554/719/2832 3555/720/2832 3508/720/2832 
f 3554/719/2832 3553/737/2832 3556/738/2832 3555/720/2832 
f 3557/739/2832 3558/721/2832 3555/720/2832 3556/738/2832 
f 3558/721/2832 3509/721/2832 3508/720/2832 3555/720/2832 
f 3509/721/2832 3558/721/2832 3559/722/2832 3512/722/2832 
f 3558/721/2832 3557/739/2832 3560/723/2832 3559/722/2832 
f 3561/740/2832 3562/723/2832 3559/722/2832 3560/723/2832 
f 3562/723/2832 3513/723/2832 3512/722/2832 3559/722/2832 
f 3513/723/2832 3562/723/2832 3563/724/2827 3516/724/2827 
f 3562/723/2832 3561/740/2832 3564/741/2827 3563/724/2827 
f 3565/742/2827 3566/725/2827 3563/724/2827 3564/741/2827 
f 3566/725/2827 3517/725/2827 3516/724/2827 3563/724/2827 
f 3517/725/2827 3566/725/2827 3567/726/2827 3520/726/2827 
f 3566/725/2827 3565/742/2827 3568/726/2827 3567/726/2827 
f 3569/743/2832 3570/727/2827 3567/726/2827 3568/726/2827 
f 3570/727/2827 3521/727/2832 3520/726/2827 3567/726/2827 
f 3521/727/2832 3570/727/2827 3571/728/2832 3524/728/2832 
f 3570/727/2827 3569/743/2832 3572/744/2832 3571/728/2832 
f 3573/745/2832 3574/729/2832 3571/728/2832 3572/744/2832 
f 3574/729/2832 3525/729/2832 3524/728/2832 3571/728/2832 
f 3525/729/2832 3574/729/2832 3575/730/2832 3528/730/2832 
f 3574/729/2832 3573/745/2832 3576/729/2832 3575/730/2832 
f 3577/746/2827 3578/731/2827 3575/730/2832 3576/729/2832 
f 3578/731/2827 3529/731/2827 3528/730/2832 3575/730/2832 
f 3529/731/2827 3578/731/2827 3579/732/2827 3532/732/2827 
f 3578/731/2827 3577/746/2827 3580/747/2827 3579/732/2827 
f 3535/733/2827 3533/708/2827 3579/732/2827 3580/747/2827 
f 3533/708/2827 3487/708/2827 3532/732/2827 3579/732/2827 
f 3537/709/2827 3536/732/2827 3581/726/2832 3540/734/2827 
f 3536/732/2827 3535/733/2827 3580/747/2827 3581/726/2832 
f 3577/746/2827 3576/729/2832 3581/726/2832 3580/747/2827 
f 3576/729/2832 3573/745/2832 3572/744/2832 3581/726/2832 
f 3569/743/2832 3568/726/2827 3581/726/2832 3572/744/2832 
f 3568/726/2827 3565/742/2827 3564/741/2827 3581/726/2832 
f 3561/740/2832 3560/723/2832 3581/726/2832 3564/741/2827 
f 3560/723/2832 3557/739/2832 3556/738/2832 3581/726/2832 
f 3553/737/2832 3552/720/2832 3581/726/2832 3556/738/2832 
f 3552/720/2832 3549/718/2832 3548/736/2832 3581/726/2832 
f 3545/735/2832 3544/726/2827 3581/726/2832 3548/736/2832 
f 3544/726/2827 3541/712/2827 3540/734/2827 3581/726/2832 
f 3077/708/2417 3080/709/2420 3582/709/2851 3583/708/2852 
f 3080/709/2420 3085/710/2425 3584/710/2853 3582/709/2851 
f 3585/710/2854 3586/709/2854 3582/709/2851 3584/710/2853 
f 3586/709/2854 3587/708/2854 3583/708/2852 3582/709/2851 
f 3085/710/2425 3087/711/2427 3588/711/2855 3584/710/2853 
f 3087/711/2427 3091/712/2431 3589/712/2856 3588/711/2855 
f 3590/712/2857 3591/711/2857 3588/711/2855 3589/712/2856 
f 3591/711/2857 3585/710/2854 3584/710/2853 3588/711/2855 
f 3091/713/2431 3093/714/2433 3592/714/2858 3589/713/2856 
f 3093/714/2433 3097/715/2437 3593/715/2859 3592/714/2858 
f 3594/715/2857 3595/714/2854 3592/714/2858 3593/715/2859 
f 3595/714/2854 3590/713/2857 3589/713/2856 3592/714/2858 
f 3097/715/2437 3099/716/2439 3596/716/2860 3593/715/2859 
f 3099/716/2439 3103/717/2443 3597/717/2861 3596/716/2860 
f 3598/717/2854 3599/716/2857 3596/716/2860 3597/717/2861 
f 3599/716/2857 3594/715/2857 3593/715/2859 3596/716/2860 
f 3103/717/2443 3105/718/2445 3600/718/2862 3597/717/2861 
f 3105/718/2445 3109/719/2449 3601/719/2863 3600/718/2862 
f 3602/719/2857 3603/718/2854 3600/718/2862 3601/719/2863 
f 3603/718/2854 3598/717/2854 3597/717/2861 3600/718/2862 
f 3109/719/2449 3111/720/2451 3604/720/2864 3601/719/2863 
f 3111/720/2451 3115/721/2455 3605/721/2865 3604/720/2864 
f 3606/721/2857 3607/720/2857 3604/720/2864 3605/721/2865 
f 3607/720/2857 3602/719/2857 3601/719/2863 3604/720/2864 
f 3115/721/2455 3117/722/2457 3608/722/2866 3605/721/2865 
f 3117/722/2457 3121/723/2461 3609/723/2867 3608/722/2866 
f 3610/723/2868 3611/722/2857 3608/722/2866 3609/723/2867 
f 3611/722/2857 3606/721/2857 3605/721/2865 3608/722/2866 
f 3121/723/2461 3123/724/2463 3612/724/2869 3609/723/2867 
f 3123/724/2463 3127/725/2467 3613/725/2870 3612/724/2869 
f 3614/725/2868 3615/724/2868 3612/724/2869 3613/725/2870 
f 3615/724/2868 3610/723/2868 3609/723/2867 3612/724/2869 
f 3127/725/2467 3129/726/2469 3616/726/2871 3613/725/2870 
f 3129/726/2469 3133/727/2473 3617/727/2872 3616/726/2871 
f 3618/727/2854 3619/726/2857 3616/726/2871 3617/727/2872 
f 3619/726/2857 3614/725/2868 3613/725/2870 3616/726/2871 
f 3133/727/2473 3135/728/2475 3620/728/2873 3617/727/2872 
f 3135/728/2475 3139/729/2479 3621/729/2874 3620/728/2873 
f 3622/729/2875 3623/728/2854 3620/728/2873 3621/729/2874 
f 3623/728/2854 3618/727/2854 3617/727/2872 3620/728/2873 
f 3139/729/2479 3141/730/2481 3624/730/2876 3621/729/2874 
f 3141/730/2481 3145/731/2485 3625/731/2877 3624/730/2876 
f 3626/731/2875 3627/730/2875 3624/730/2876 3625/731/2877 
f 3627/730/2875 3622/729/2875 3621/729/2874 3624/730/2876 
f 3145/731/2485 3147/732/2487 3628/732/2878 3625/731/2877 
f 3147/732/2487 3077/708/2417 3583/708/2852 3628/732/2878 
f 3587/708/2854 3629/732/2854 3628/732/2878 3583/708/2852 
f 3629/732/2854 3626/731/2875 3625/731/2877 3628/732/2878 
f 3587/708/2854 3586/709/2854 3630/709/2854 3631/708/2868 
f 3586/709/2854 3585/710/2854 3632/710/2857 3630/709/2854 
f 3633/709/2857 3634/732/2857 3630/709/2854 3632/710/2857 
f 3634/732/2857 3635/733/2868 3631/708/2868 3630/709/2854 
f 3585/710/2854 3591/711/2857 3636/711/2857 3632/710/2857 
f 3591/711/2857 3590/712/2857 3637/712/2857 3636/711/2857 
f 3638/712/2857 3639/734/2857 3636/711/2857 3637/712/2857 
f 3639/734/2857 3633/709/2857 3632/710/2857 3636/711/2857 
f 3590/713/2857 3595/714/2854 3640/714/2857 3637/713/2857 
f 3595/714/2854 3594/715/2857 3641/715/2857 3640/714/2857 
f 3642/735/2857 3643/714/2857 3640/714/2857 3641/715/2857 
f 3643/714/2857 3638/713/2857 3637/713/2857 3640/714/2857 
f 3594/715/2857 3599/716/2857 3644/716/2857 3641/715/2857 
f 3599/716/2857 3598/717/2854 3645/717/2854 3644/716/2857 
f 3646/718/2854 3647/736/2854 3644/716/2857 3645/717/2854 
f 3647/736/2854 3642/735/2857 3641/715/2857 3644/716/2857 
f 3598/717/2854 3603/718/2854 3648/718/2854 3645/717/2854 
f 3603/718/2854 3602/719/2857 3649/719/2854 3648/718/2854 
f 3650/737/2854 3651/720/2854 3648/718/2854 3649/719/2854 
f 3651/720/2854 3646/718/2854 3645/717/2854 3648/718/2854 
f 3602/719/2857 3607/720/2857 3652/720/2857 3649/719/2854 
f 3607/720/2857 3606/721/2857 3653/721/2868 3652/720/2857 
f 3654/739/2868 3655/738/2854 3652/720/2857 3653/721/2868 
f 3655/738/2854 3650/737/2854 3649/719/2854 3652/720/2857 
f 3606/721/2857 3611/722/2857 3656/722/2868 3653/721/2868 
f 3611/722/2857 3610/723/2868 3657/723/2854 3656/722/2868 
f 3658/740/2868 3659/723/2854 3656/722/2868 3657/723/2854 
f 3659/723/2854 3654/739/2868 3653/721/2868 3656/722/2868 
f 3610/723/2868 3615/724/2868 3660/724/2868 3657/723/2854 
f 3615/724/2868 3614/725/2868 3661/725/2857 3660/724/2868 
f 3662/742/2868 3663/741/2854 3660/724/2868 3661/725/2857 
f 3663/741/2854 3658/740/2868 3657/723/2854 3660/724/2868 
f 3614/725/2868 3619/726/2857 3664/726/2857 3661/725/2857 
f 3619/726/2857 3618/727/2854 3665/727/2854 3664/726/2857 
f 3666/743/2854 3667/726/2857 3664/726/2857 3665/727/2854 
f 3667/726/2857 3662/742/2868 3661/725/2857 3664/726/2857 
f 3618/727/2854 3623/728/2854 3668/728/2854 3665/727/2854 
f 3623/728/2854 3622/729/2875 3669/729/2854 3668/728/2854 
f 3670/745/2868 3671/744/2854 3668/728/2854 3669/729/2854 
f 3671/744/2854 3666/743/2854 3665/727/2854 3668/728/2854 
f 3622/729/2875 3627/730/2875 3672/730/2868 3669/729/2854 
f 3627/730/2875 3626/731/2875 3673/731/2857 3672/730/2868 
f 3674/746/2868 3675/729/2857 3672/730/2868 3673/731/2857 
f 3675/729/2857 3670/745/2868 3669/729/2854 3672/730/2868 
f 3626/731/2875 3629/732/2854 3676/732/2868 3673/731/2857 
f 3629/732/2854 3587/708/2854 3631/708/2868 3676/732/2868 
f 3635/733/2868 3677/747/2857 3676/732/2868 3631/708/2868 
f 3677/747/2857 3674/746/2868 3673/731/2857 3676/732/2868 
f 3633/709/2857 3639/734/2857 3678/726/2857 3634/732/2857 
f 3639/734/2857 3638/712/2857 3643/726/2857 3678/726/2857 
f 3642/735/2857 3647/736/2854 3678/726/2857 3643/726/2857 
f 3647/736/2854 3646/718/2854 3651/720/2854 3678/726/2857 
f 3650/737/2854 3655/738/2854 3678/726/2857 3651/720/2854 
f 3655/738/2854 3654/739/2868 3659/723/2854 3678/726/2857 
f 3658/740/2868 3663/741/2854 3678/726/2857 3659/723/2854 
f 3663/741/2854 3662/742/2868 3667/726/2857 3678/726/2857 
f 3666/743/2854 3671/744/2854 3678/726/2857 3667/726/2857 
f 3671/744/2854 3670/745/2868 3675/729/2857 3678/726/2857 
f 3674/746/2868 3677/747/2857 3678/726/2857 3675/729/2857 
f 3677/747/2857 3635/733/2868 3634/732/2857 3678/726/2857 
# 600 polygons

